-- MySQL dump 10.13  Distrib 5.5.34, for debian-linux-gnu (i686)
--
-- Host: localhost    Database: DMPonline4_development
-- ------------------------------------------------------
-- Server version	5.5.34-0ubuntu0.12.10.1

/*!40101 SET @OLD_CHARACTER_SET_CLIENT=@@CHARACTER_SET_CLIENT */;
/*!40101 SET @OLD_CHARACTER_SET_RESULTS=@@CHARACTER_SET_RESULTS */;
/*!40101 SET @OLD_COLLATION_CONNECTION=@@COLLATION_CONNECTION */;
/*!40101 SET NAMES utf8 */;
/*!40103 SET @OLD_TIME_ZONE=@@TIME_ZONE */;
/*!40103 SET TIME_ZONE='+00:00' */;
/*!40014 SET @OLD_UNIQUE_CHECKS=@@UNIQUE_CHECKS, UNIQUE_CHECKS=0 */;
/*!40014 SET @OLD_FOREIGN_KEY_CHECKS=@@FOREIGN_KEY_CHECKS, FOREIGN_KEY_CHECKS=0 */;
/*!40101 SET @OLD_SQL_MODE=@@SQL_MODE, SQL_MODE='NO_AUTO_VALUE_ON_ZERO' */;
/*!40111 SET @OLD_SQL_NOTES=@@SQL_NOTES, SQL_NOTES=0 */;

--
-- Table structure for table `active_admin_comments`
--

DROP TABLE IF EXISTS `active_admin_comments`;
/*!40101 SET @saved_cs_client     = @@character_set_client */;
/*!40101 SET character_set_client = utf8 */;
CREATE TABLE `active_admin_comments` (
  `id` int(11) NOT NULL AUTO_INCREMENT,
  `resource_id` varchar(255) COLLATE utf8_unicode_ci NOT NULL,
  `resource_type` varchar(255) COLLATE utf8_unicode_ci NOT NULL,
  `author_id` int(11) DEFAULT NULL,
  `author_type` varchar(255) COLLATE utf8_unicode_ci DEFAULT NULL,
  `body` text COLLATE utf8_unicode_ci,
  `created_at` datetime NOT NULL,
  `updated_at` datetime NOT NULL,
  `namespace` varchar(255) COLLATE utf8_unicode_ci DEFAULT NULL,
  PRIMARY KEY (`id`),
  KEY `index_active_admin_comments_on_author_type_and_author_id` (`author_type`,`author_id`),
  KEY `index_active_admin_comments_on_namespace` (`namespace`),
  KEY `index_admin_notes_on_resource_type_and_resource_id` (`resource_type`,`resource_id`)
) ENGINE=InnoDB DEFAULT CHARSET=utf8 COLLATE=utf8_unicode_ci;
/*!40101 SET character_set_client = @saved_cs_client */;

--
-- Dumping data for table `active_admin_comments`
--

LOCK TABLES `active_admin_comments` WRITE;
/*!40000 ALTER TABLE `active_admin_comments` DISABLE KEYS */;
/*!40000 ALTER TABLE `active_admin_comments` ENABLE KEYS */;
UNLOCK TABLES;

--
-- Table structure for table `admin_users`
--

DROP TABLE IF EXISTS `admin_users`;
/*!40101 SET @saved_cs_client     = @@character_set_client */;
/*!40101 SET character_set_client = utf8 */;
CREATE TABLE `admin_users` (
  `id` int(11) NOT NULL AUTO_INCREMENT,
  `email` varchar(255) COLLATE utf8_unicode_ci NOT NULL DEFAULT '',
  `encrypted_password` varchar(255) COLLATE utf8_unicode_ci NOT NULL DEFAULT '',
  `reset_password_token` varchar(255) COLLATE utf8_unicode_ci DEFAULT NULL,
  `reset_password_sent_at` datetime DEFAULT NULL,
  `remember_created_at` datetime DEFAULT NULL,
  `sign_in_count` int(11) DEFAULT '0',
  `current_sign_in_at` datetime DEFAULT NULL,
  `last_sign_in_at` datetime DEFAULT NULL,
  `current_sign_in_ip` varchar(255) COLLATE utf8_unicode_ci DEFAULT NULL,
  `last_sign_in_ip` varchar(255) COLLATE utf8_unicode_ci DEFAULT NULL,
  `created_at` datetime NOT NULL,
  `updated_at` datetime NOT NULL,
  PRIMARY KEY (`id`),
  UNIQUE KEY `index_admin_users_on_email` (`email`),
  UNIQUE KEY `index_admin_users_on_reset_password_token` (`reset_password_token`)
) ENGINE=InnoDB DEFAULT CHARSET=utf8 COLLATE=utf8_unicode_ci;
/*!40101 SET character_set_client = @saved_cs_client */;

--
-- Dumping data for table `admin_users`
--

LOCK TABLES `admin_users` WRITE;
/*!40000 ALTER TABLE `admin_users` DISABLE KEYS */;
/*!40000 ALTER TABLE `admin_users` ENABLE KEYS */;
UNLOCK TABLES;

--
-- Table structure for table `answers`
--

DROP TABLE IF EXISTS `answers`;
/*!40101 SET @saved_cs_client     = @@character_set_client */;
/*!40101 SET character_set_client = utf8 */;
CREATE TABLE `answers` (
  `id` int(11) NOT NULL AUTO_INCREMENT,
  `text` text COLLATE utf8_unicode_ci,
  `plan_id` int(11) DEFAULT NULL,
  `user_id` int(11) DEFAULT NULL,
  `question_id` int(11) DEFAULT NULL,
  `created_at` datetime NOT NULL,
  `updated_at` datetime NOT NULL,
  PRIMARY KEY (`id`)
) ENGINE=InnoDB AUTO_INCREMENT=6 DEFAULT CHARSET=utf8 COLLATE=utf8_unicode_ci;
/*!40101 SET character_set_client = @saved_cs_client */;

--
-- Dumping data for table `answers`
--

LOCK TABLES `answers` WRITE;
/*!40000 ALTER TABLE `answers` DISABLE KEYS */;
INSERT INTO `answers` VALUES (1,'<table>\r\n<tbody>\r\n<tr><th>Dataset Name</th><th>Contact</th><th>Location</th><th>Contents</th><th>Estimated Size</th><th>Responsibility</th><th>Licence Issues</th><th>Comments</th></tr>\r\n<tr>\r\n<td>&nbsp;df&lt;zv</td>\r\n<td><em>Name of contact for dataset</em></td>\r\n<td><em>Where is it stored</em></td>\r\n<td><em>Brifdcczvsdfvcef description</em></td>\r\n<td>&nbsp;VVDWS</td>\r\n<td><em>Who is responsible for sourcing the dataset</em></td>\r\n<td>&nbsp;</td>\r\n<td><em>Any additional information (e.g. licence or use restrictions?)</em></td>\r\n</tr>\r\n</tbody>\r\n</table>',3,1,476809543,'2013-11-13 11:22:55','2013-11-13 11:22:55'),(2,'<p>tr</p>',2,1,366518832,'2013-11-27 14:55:12','2013-11-27 14:55:12'),(3,'<p>SD</p>',2,1,641106638,'2013-11-27 14:56:09','2013-11-27 14:56:09'),(4,'<p>tdmhj</p>',35,1,101249380,'2014-02-10 15:00:24','2014-02-10 15:00:24'),(5,'222DFcszvx',35,1,1049144765,'2014-02-18 16:37:30','2014-02-18 16:37:30');
/*!40000 ALTER TABLE `answers` ENABLE KEYS */;
UNLOCK TABLES;

--
-- Table structure for table `answers_options`
--

DROP TABLE IF EXISTS `answers_options`;
/*!40101 SET @saved_cs_client     = @@character_set_client */;
/*!40101 SET character_set_client = utf8 */;
CREATE TABLE `answers_options` (
  `answer_id` int(11) NOT NULL,
  `option_id` int(11) NOT NULL,
  KEY `index_answers_options_on_answer_id_and_option_id` (`answer_id`,`option_id`)
) ENGINE=InnoDB DEFAULT CHARSET=utf8 COLLATE=utf8_unicode_ci;
/*!40101 SET character_set_client = @saved_cs_client */;

--
-- Dumping data for table `answers_options`
--

LOCK TABLES `answers_options` WRITE;
/*!40000 ALTER TABLE `answers_options` DISABLE KEYS */;
/*!40000 ALTER TABLE `answers_options` ENABLE KEYS */;
UNLOCK TABLES;

--
-- Table structure for table `dmptemplates`
--

DROP TABLE IF EXISTS `dmptemplates`;
/*!40101 SET @saved_cs_client     = @@character_set_client */;
/*!40101 SET character_set_client = utf8 */;
CREATE TABLE `dmptemplates` (
  `id` int(11) NOT NULL AUTO_INCREMENT,
  `title` varchar(255) COLLATE utf8_unicode_ci DEFAULT NULL,
  `description` text COLLATE utf8_unicode_ci,
  `published` tinyint(1) DEFAULT NULL,
  `user_id` int(11) DEFAULT NULL,
  `organisation_id` int(11) DEFAULT NULL,
  `created_at` datetime NOT NULL,
  `updated_at` datetime NOT NULL,
  `locale` varchar(255) COLLATE utf8_unicode_ci DEFAULT NULL,
  `is_default` tinyint(1) DEFAULT NULL,
  PRIMARY KEY (`id`)
) ENGINE=InnoDB AUTO_INCREMENT=1020170275 DEFAULT CHARSET=utf8 COLLATE=utf8_unicode_ci;
/*!40101 SET character_set_client = @saved_cs_client */;

--
-- Dumping data for table `dmptemplates`
--

LOCK TABLES `dmptemplates` WRITE;
/*!40000 ALTER TABLE `dmptemplates` DISABLE KEYS */;
INSERT INTO `dmptemplates` VALUES (38016095,'BBSRC Template','BBSRC template',1,NULL,737808679,'2013-10-09 15:24:49','2013-10-09 15:24:49','en',NULL),(145199482,'NERC Template','<p>The mandatory, single page, <strong>Outline</strong> Data Management Plan (ODMP) is required for all grant and fellowship applications submitted from 1 August 2012. The ODMP will identify data sets likely to be made available to NERC Data Centres for archiving and reuse at the end of the fellowship or grant. The ODMP will form the final page of the Case for Support for all schemes. The Case for Support for successful proposals will be made available to the NERC <a href=\'http://www.nerc.ac.uk/research/sites/data/\' target=\'_blank\'>Environmental Data Centres</a> and, where appropriate, used to draft, in collaboration with the Principal Investigator, a <strong>Full</strong> Data Management Plan (DMP). This <strong>Full</strong> DMP should be mutually agreed between the Data Centre and the Principal Investigator within three months of the start date of the grant.</p>',1,NULL,1024687474,'2013-10-09 15:24:49','2013-10-29 15:41:35','en',0),(206268105,'ESRC Template','ESRC template',1,NULL,850994612,'2013-10-09 15:24:49','2013-10-09 15:24:49','en',NULL),(233283588,'CRUK Template','CRUK template',1,NULL,394923695,'2013-10-09 15:24:49','2013-10-09 15:24:49','en',NULL),(236958085,'MRC Template','MRC template',1,NULL,922528504,'2013-10-09 15:24:49','2013-10-09 15:24:49','en',NULL),(829965731,'AHRC Template','AHRC template',1,NULL,766049908,'2013-10-09 15:24:49','2013-11-13 11:44:38','en',0),(840843529,'STFC Template','STFC template',1,NULL,741010468,'2013-10-09 15:24:49','2013-10-09 15:24:49','en',NULL),(904593081,'Wellcome Trust Template','Wellcome Trust template',1,NULL,1046357252,'2013-10-09 15:24:49','2013-10-09 15:24:49','en',NULL),(1020170274,'DMP Template','The default DCC template',1,NULL,720679528,'2013-10-09 15:24:49','2013-10-09 15:24:49','en',1);
/*!40000 ALTER TABLE `dmptemplates` ENABLE KEYS */;
UNLOCK TABLES;

--
-- Table structure for table `dmptemplates_guidance_groups`
--

DROP TABLE IF EXISTS `dmptemplates_guidance_groups`;
/*!40101 SET @saved_cs_client     = @@character_set_client */;
/*!40101 SET character_set_client = utf8 */;
CREATE TABLE `dmptemplates_guidance_groups` (
  `dmptemplate_id` int(11) DEFAULT NULL,
  `guidance_group_id` int(11) DEFAULT NULL
) ENGINE=InnoDB DEFAULT CHARSET=utf8 COLLATE=utf8_unicode_ci;
/*!40101 SET character_set_client = @saved_cs_client */;

--
-- Dumping data for table `dmptemplates_guidance_groups`
--

LOCK TABLES `dmptemplates_guidance_groups` WRITE;
/*!40000 ALTER TABLE `dmptemplates_guidance_groups` DISABLE KEYS */;
INSERT INTO `dmptemplates_guidance_groups` VALUES (1020170274,480237457),(829965731,480237456);
/*!40000 ALTER TABLE `dmptemplates_guidance_groups` ENABLE KEYS */;
UNLOCK TABLES;

--
-- Table structure for table `exported_plans`
--

DROP TABLE IF EXISTS `exported_plans`;
/*!40101 SET @saved_cs_client     = @@character_set_client */;
/*!40101 SET character_set_client = utf8 */;
CREATE TABLE `exported_plans` (
  `id` int(11) NOT NULL AUTO_INCREMENT,
  `plan_id` int(11) DEFAULT NULL,
  `user_id` int(11) DEFAULT NULL,
  `format` varchar(255) COLLATE utf8_unicode_ci DEFAULT NULL,
  `created_at` datetime NOT NULL,
  `updated_at` datetime NOT NULL,
  PRIMARY KEY (`id`)
) ENGINE=InnoDB AUTO_INCREMENT=4 DEFAULT CHARSET=utf8 COLLATE=utf8_unicode_ci;
/*!40101 SET character_set_client = @saved_cs_client */;

--
-- Dumping data for table `exported_plans`
--

LOCK TABLES `exported_plans` WRITE;
/*!40000 ALTER TABLE `exported_plans` DISABLE KEYS */;
INSERT INTO `exported_plans` VALUES (1,2,1,'text','2013-12-03 17:39:12','2013-12-03 17:39:12'),(2,2,1,'text','2013-12-03 17:39:26','2013-12-03 17:39:26'),(3,30,1,'pdf (with admin)','2013-12-05 18:36:43','2013-12-05 18:36:43');
/*!40000 ALTER TABLE `exported_plans` ENABLE KEYS */;
UNLOCK TABLES;

--
-- Table structure for table `file_types`
--

DROP TABLE IF EXISTS `file_types`;
/*!40101 SET @saved_cs_client     = @@character_set_client */;
/*!40101 SET character_set_client = utf8 */;
CREATE TABLE `file_types` (
  `id` int(11) NOT NULL AUTO_INCREMENT,
  `name` varchar(255) COLLATE utf8_unicode_ci DEFAULT NULL,
  `icon_name` varchar(255) COLLATE utf8_unicode_ci DEFAULT NULL,
  `icon_size` int(11) DEFAULT NULL,
  `icon_location` varchar(255) COLLATE utf8_unicode_ci DEFAULT NULL,
  `created_at` datetime NOT NULL,
  `updated_at` datetime NOT NULL,
  PRIMARY KEY (`id`)
) ENGINE=InnoDB DEFAULT CHARSET=utf8 COLLATE=utf8_unicode_ci;
/*!40101 SET character_set_client = @saved_cs_client */;

--
-- Dumping data for table `file_types`
--

LOCK TABLES `file_types` WRITE;
/*!40000 ALTER TABLE `file_types` DISABLE KEYS */;
/*!40000 ALTER TABLE `file_types` ENABLE KEYS */;
UNLOCK TABLES;

--
-- Table structure for table `file_uploads`
--

DROP TABLE IF EXISTS `file_uploads`;
/*!40101 SET @saved_cs_client     = @@character_set_client */;
/*!40101 SET character_set_client = utf8 */;
CREATE TABLE `file_uploads` (
  `id` int(11) NOT NULL AUTO_INCREMENT,
  `name` varchar(255) COLLATE utf8_unicode_ci DEFAULT NULL,
  `title` varchar(255) COLLATE utf8_unicode_ci DEFAULT NULL,
  `description` text COLLATE utf8_unicode_ci,
  `size` int(11) DEFAULT NULL,
  `published` tinyint(1) DEFAULT NULL,
  `location` varchar(255) COLLATE utf8_unicode_ci DEFAULT NULL,
  `file_type_id` int(11) DEFAULT NULL,
  `created_at` datetime NOT NULL,
  `updated_at` datetime NOT NULL,
  PRIMARY KEY (`id`)
) ENGINE=InnoDB DEFAULT CHARSET=utf8 COLLATE=utf8_unicode_ci;
/*!40101 SET character_set_client = @saved_cs_client */;

--
-- Dumping data for table `file_uploads`
--

LOCK TABLES `file_uploads` WRITE;
/*!40000 ALTER TABLE `file_uploads` DISABLE KEYS */;
/*!40000 ALTER TABLE `file_uploads` ENABLE KEYS */;
UNLOCK TABLES;

--
-- Table structure for table `friendly_id_slugs`
--

DROP TABLE IF EXISTS `friendly_id_slugs`;
/*!40101 SET @saved_cs_client     = @@character_set_client */;
/*!40101 SET character_set_client = utf8 */;
CREATE TABLE `friendly_id_slugs` (
  `id` int(11) NOT NULL AUTO_INCREMENT,
  `slug` varchar(255) COLLATE utf8_unicode_ci NOT NULL,
  `sluggable_id` int(11) NOT NULL,
  `sluggable_type` varchar(40) COLLATE utf8_unicode_ci DEFAULT NULL,
  `created_at` datetime DEFAULT NULL,
  PRIMARY KEY (`id`),
  UNIQUE KEY `index_friendly_id_slugs_on_slug_and_sluggable_type` (`slug`,`sluggable_type`),
  KEY `index_friendly_id_slugs_on_sluggable_id` (`sluggable_id`),
  KEY `index_friendly_id_slugs_on_sluggable_type` (`sluggable_type`)
) ENGINE=InnoDB AUTO_INCREMENT=45 DEFAULT CHARSET=utf8 COLLATE=utf8_unicode_ci;
/*!40101 SET character_set_client = @saved_cs_client */;

--
-- Dumping data for table `friendly_id_slugs`
--

LOCK TABLES `friendly_id_slugs` WRITE;
/*!40000 ALTER TABLE `friendly_id_slugs` DISABLE KEYS */;
INSERT INTO `friendly_id_slugs` VALUES (7,'my-project-bbsrc-template--3',853239751,'Project','2013-09-30 15:04:06'),(8,'test',853239751,'Project','2013-09-30 15:04:15'),(9,'my-project-nerc-template',853239752,'Project','2013-10-01 10:03:56'),(10,'nerc-project',853239752,'Project','2013-10-01 10:04:32'),(16,'my-project-cruk-template--2',853239750,'Project','2013-10-10 13:42:08'),(17,'my-project-nerc-template--4',853239751,'Project','2013-10-16 09:52:39'),(18,'my-project-nerc-template--5',853239752,'Project','2013-10-18 13:11:55'),(19,'my-project-ahrc-template',853239753,'Project','2013-10-21 12:07:35'),(20,'my-project-ahrc-template--2',853239754,'Project','2013-10-21 12:07:36'),(21,'my-project-cruk-template--3',853239755,'Project','2013-10-21 14:01:16'),(26,'my-project-cruk-template--6',853239760,'Project','2013-11-11 15:37:52'),(28,'my-project-ahrc-template--3',853239762,'Project','2013-11-13 11:45:50'),(34,'my-project-dmp-template--2',853239768,'Project','2013-12-05 18:36:32'),(35,'my-project-nerc-template--9',853239769,'Project','2013-12-12 11:34:21'),(36,'my-project-ahrc-template--4',853239770,'Project','2013-12-12 14:41:30'),(37,'my-project-ahrc-template--5',853239771,'Project','2014-02-04 15:13:46'),(42,'my-project-ahrc-template--6',853239776,'Project','2014-02-20 13:19:21'),(43,'my-project-ahrc-template--7',853239777,'Project','2014-02-20 13:49:03'),(44,'my-project-ahrc-template--8',853239778,'Project','2014-02-20 13:51:47');
/*!40000 ALTER TABLE `friendly_id_slugs` ENABLE KEYS */;
UNLOCK TABLES;

--
-- Table structure for table `guidance_groups`
--

DROP TABLE IF EXISTS `guidance_groups`;
/*!40101 SET @saved_cs_client     = @@character_set_client */;
/*!40101 SET character_set_client = utf8 */;
CREATE TABLE `guidance_groups` (
  `id` int(11) NOT NULL AUTO_INCREMENT,
  `name` varchar(255) COLLATE utf8_unicode_ci DEFAULT NULL,
  `organisation_id` int(11) DEFAULT NULL,
  `created_at` datetime NOT NULL,
  `updated_at` datetime NOT NULL,
  `default` tinyint(1) DEFAULT NULL,
  PRIMARY KEY (`id`)
) ENGINE=InnoDB AUTO_INCREMENT=480237462 DEFAULT CHARSET=utf8 COLLATE=utf8_unicode_ci;
/*!40101 SET character_set_client = @saved_cs_client */;

--
-- Dumping data for table `guidance_groups`
--

LOCK TABLES `guidance_groups` WRITE;
/*!40000 ALTER TABLE `guidance_groups` DISABLE KEYS */;
INSERT INTO `guidance_groups` VALUES (480237456,'DCC guidance group 1',851874071,'2013-10-09 15:24:49','2014-02-21 14:10:40',NULL),(480237457,'test',851874071,'2013-11-19 21:20:00','2014-02-03 13:45:39',0),(480237461,'test 2',851874071,'2014-02-18 15:18:40','2014-02-18 15:18:40',NULL);
/*!40000 ALTER TABLE `guidance_groups` ENABLE KEYS */;
UNLOCK TABLES;

--
-- Table structure for table `guidance_in_group`
--

DROP TABLE IF EXISTS `guidance_in_group`;
/*!40101 SET @saved_cs_client     = @@character_set_client */;
/*!40101 SET character_set_client = utf8 */;
CREATE TABLE `guidance_in_group` (
  `guidance_id` int(11) NOT NULL,
  `guidance_group_id` int(11) NOT NULL,
  KEY `index_guidance_in_group_on_guidance_id_and_guidance_group_id` (`guidance_id`,`guidance_group_id`)
) ENGINE=InnoDB DEFAULT CHARSET=utf8 COLLATE=utf8_unicode_ci;
/*!40101 SET character_set_client = @saved_cs_client */;

--
-- Dumping data for table `guidance_in_group`
--

LOCK TABLES `guidance_in_group` WRITE;
/*!40000 ALTER TABLE `guidance_in_group` DISABLE KEYS */;
INSERT INTO `guidance_in_group` VALUES (101249380,480237456),(111806224,480237456),(164464532,480237456),(164739338,480237456),(176415376,480237456),(187544633,480237456),(192603571,480237456),(256187421,480237456),(260927530,480237456),(288041515,480237456),(301910969,480237456),(309205911,480237456),(326237259,480237456),(332098838,480237456),(352932788,480237456),(357858435,480237456),(382261392,480237456),(401264193,480237456),(414801377,480237456),(420105441,480237456),(428832285,480237456),(493239211,480237456),(517471460,480237456),(523009432,480237456),(666612770,480237456),(767902966,480237456),(786556103,480237456),(806836838,480237456),(846464335,480237456),(869640508,480237456),(880689290,480237456),(906413627,480237456),(932289739,480237456),(1036882971,480237456),(1044661192,480237456),(1044661195,480237457),(1044661197,480237457),(1044661198,480237457),(1044661199,480237457),(1044661200,480237456);
/*!40000 ALTER TABLE `guidance_in_group` ENABLE KEYS */;
UNLOCK TABLES;

--
-- Table structure for table `guidances`
--

DROP TABLE IF EXISTS `guidances`;
/*!40101 SET @saved_cs_client     = @@character_set_client */;
/*!40101 SET character_set_client = utf8 */;
CREATE TABLE `guidances` (
  `id` int(11) NOT NULL AUTO_INCREMENT,
  `text` text COLLATE utf8_unicode_ci,
  `file_id` int(11) DEFAULT NULL,
  `guidance_group_id` int(11) DEFAULT NULL,
  `theme_id` int(11) DEFAULT NULL,
  `created_at` datetime NOT NULL,
  `updated_at` datetime NOT NULL,
  `dmptemplate_id` int(11) DEFAULT NULL,
  `question_id` int(11) DEFAULT NULL,
  PRIMARY KEY (`id`)
) ENGINE=InnoDB AUTO_INCREMENT=1044661202 DEFAULT CHARSET=utf8 COLLATE=utf8_unicode_ci;
/*!40101 SET character_set_client = @saved_cs_client */;

--
-- Dumping data for table `guidances`
--

LOCK TABLES `guidances` WRITE;
/*!40000 ALTER TABLE `guidances` DISABLE KEYS */;
INSERT INTO `guidances` VALUES (101249380,'<p class=\"guidance_header\">Questions to consider:</p>\r\n<ul>\r\n<li>Are there any existing procedures that you will base your approach on?</li>\r\n<li>Does your department/group have data management guidelines?</li>\r\n<li>Does your institution have a data protection or security policy that you will follow?</li>\r\n<li>Does your institution have a Research Data Management (RDM) policy?</li>\r\n<li>Does your funder have a Research Data Management policy?</li>\r\n<li>Are there any formal standards that you will adopt?</li>\r\n</ul>\r\n<p class=\"guidance_header\">Guidance:</p>\r\n<p>List any other relevant funder, institutional, departmental or group policies on data management, data sharing and data security. Some of the information you give in the remainder of the DMP will be determined by the content of other policies. If so, point/link to them here. TXT</p>',NULL,NULL,101249380,'2013-10-09 15:24:49','2014-02-14 17:18:59',NULL,NULL),(111806224,'<p class=\'guidance_header\'>Questions to consider:</p> <ul> <li>Do you need to pay to reuse existing data?</li> <li>Are there any restrictions on the reuse of third-party data?</li> <li>Can the data that you create - which may be derived from third-party data - be shared?</li> </ul> <p class=\'guidance_header\'>Guidance:</p> <p>If purchasing or reusing existing data sources, explain how issues such as copyright and IPR have been addressed.</p>',NULL,NULL,111806224,'2013-10-09 15:24:49','2013-10-09 15:24:49',NULL,NULL),(164464532,'<p class=\'guidance_header\'>Questions to consider:</p> <ul> <li>Who is responsible for each data management activity?</li> <li>How are responsibilities split across partner sites in collaborative research projects?</li> </ul> <p class=\'guidance_header\'>Guidance:</p> <p>Outline the roles and responsibilities for all activities e.g. data capture, metadata production, data quality, storage and backup, data archiving &amp; data sharing. Individuals should be named where possible. For collaborative projects you should explain the co-ordination of data management responsibilities across partners.</p> <p>See UKDA Guidance on data management roles and responsibilities.</p>',NULL,NULL,164464532,'2013-10-09 15:24:49','2013-10-09 15:24:49',NULL,NULL),(164739338,'<p class=\'guidance_header\'>Questions to consider:</p> <ul> <li>How will potential users find out about your data?</li> <li>Will you provide metadata online to aid discovery and reuse?</li> </ul> <p class=\'guidance_header\'>Guidance:</p> <p>Indicate how potential new users can find out about your data and identify whether they could be suitable for their research purposes. For example, you may provide basic discovery metadata online, such as title, author, subjects, keywords and publisher.</p>',NULL,NULL,164739338,'2013-10-09 15:24:49','2013-10-09 15:24:49',NULL,NULL),(176415376,'<p class=\'guidance_header\'>Questions to consider:</p> <ul> <li>What is the long-term preservation plan for the dataset? e.g. deposit in a data repository</li> <li>Will additional resources be needed to prepare data for deposit or meet charges from data repositories?</li> </ul> <p class=\'guidance_header\'>Guidance:</p> <p>Researchers should consider how datasets that have long-term value will be preserved and curated beyond the lifetime of the grant. Also outline the plans for preparing and documenting data for sharing and archiving.</p> <p>If you do not propose to use an established repository, the data management plan should demonstrate that resources and systems will be in place to enable the data to be curated effectively beyond the lifetime of the grant.</p>',NULL,NULL,176415376,'2013-10-09 15:24:49','2013-10-09 15:24:49',NULL,NULL),(187544633,'<p class=\'guidance_header\'>Questions to consider:</p> <ul> <li>Are there appropriate computational facilities to manage, store and analyse the data?</li></ul> <p class=\'guidance_header\'>Guidance:</p> <p>Carefully consider any resources needed to deliver the plan. Where dedicated resources are needed, these should be outlined and justified.</p> <p>Provide details and justification for any hardware or software which will be used to support the project’s research methodology, which is additional or exceptional to conventional desk-based research and institutional provision. This includes additional storage and backup costs that may be charged by IT services.</p>',NULL,NULL,187544633,'2013-10-09 15:24:49','2013-10-09 15:24:49',NULL,NULL),(192603571,'<p class=\'guidance_header\'>Questions to consider:</p> <ul> <li>How long will the data be retained and preserved?</li> </ul> <p class=\'guidance_header\'>Guidance:</p> <p>This may depend on the type of data. Most research funders expect data to be retained for a minimum of 10 years from the end of the project. For data that by their nature cannot be re-measured, efforts should be made to retain them indefinitely.</p>',NULL,NULL,192603571,'2013-10-09 15:24:49','2013-10-09 15:24:49',NULL,NULL),(256187421,'<p class=\'guidance_header\'>Questions to consider:</p> <ul> <li>What are the risks to data security and how will these be managed?</li> <li>Will you follow any formal standards?</li> </ul> <p class=\'guidance_header\'>Guidance:</p> <p>If your data is sensitive (e.g. detailed personal data, politically sensitive information or trade secrets) you should discuss any appropriate security measures that you will be taking. Note the main risks and how these will be managed. Identify any formal standards that you will comply with e.g. ISO 27001.</p> <p>See DCC Briefing Paper on Information Security Management - ISO 27000.</p> <p>See UKDA Guidance on Data Security.</p>',NULL,NULL,256187421,'2013-10-09 15:24:49','2013-10-09 15:24:49',NULL,NULL),(260927530,'<p class=\'guidance_header\'>Questions to consider:</p> <ul> <li>How will you make the data available to others?</li> <li>With whom will you share the data, and under what conditions?</li> </ul> <p class=\'guidance_header\'>Guidance:</p> <p>Consider where, how, and to whom the data should be made available. Will you share data via a data repository, handle data requests directly or use another mechanism? </p> <p>The methods used to share data will be dependent on a number of factors such as the type, size, complexity and sensitivity of data. Mention earlier examples to show a track record of effective data sharing.</p>',NULL,NULL,260927530,'2013-10-09 15:24:49','2013-10-09 15:24:49',NULL,NULL),(288041515,'<p class=\'guidance_header\'>Questions to consider:</p> <ul> <li>Where will the data be stored?</li> <li>Do you have access to enough storage or will you need to include charges for additional services?</li> </ul> <p class=\'guidance_header\'>Guidance:</p> <p>Storing data on laptops, computer hard drives or external storage devices alone is very risky. The use of robust, managed storage provided by university IT teams is preferable.</p> <p>See UKDA Guidance on Data Storage.</p>',NULL,NULL,288041515,'2013-10-09 15:24:49','2013-10-09 15:24:49',NULL,NULL),(301910969,'<p class=\'guidance_header\'>Questions to consider:</p> <ul> <li>How will the data be created?</li> <li>What standards or methodologies will you use?</li> </ul> <p class=\'guidance_header\'>Guidance:</p> <p>Outline how the data will be collected/generated and which community data standards (if any) will be used at this stage.</p>',NULL,NULL,301910969,'2013-10-09 15:24:49','2013-10-09 15:24:49',NULL,NULL),(309205911,'<p class=\'guidance_header\'>Questions to consider:</p> <ul> <li>Are there any existing data or methods that you can reuse?</li> </ul> <p class=\'guidance_header\'>Guidance: </p> <p>Check to see if there are any existing data that you can reuse, for examples by consulting relevant repositories.</p> <p>When creating new data sources, explain why existing data sources cannot be re-used.</p> <p>A list of repositories is provided by Databib or Re3data .</p>',NULL,NULL,309205911,'2013-10-09 15:24:49','2013-10-09 15:24:49',NULL,NULL),(326237259,'<p class=\'guidance_header\'>Questions to consider:</p> <ul> <li>Are any restrictions on data sharing required? e.g. limits on who can use the data, when and for what purpose.</li> <li>What restrictions are needed and why?</li> <li>What action will you take to overcome or minimise restrictions?</li> </ul> <p class=\'guidance_header\'>Guidance:</p> <p>Outline any expected difficulties in data sharing, along with causes and possible measures to overcome these. Restrictions to data sharing may be due to participant confidentiality, consent agreements or IPR. Strategies to limit restrictions may include: anonymising or aggregating data; gaining participant consent for data sharing; gaining copyright permissions; and agreeing a limited embargo period. </p>',NULL,NULL,326237259,'2013-10-09 15:24:49','2013-10-09 15:24:49',NULL,NULL),(332098838,'<p class=\'guidance_header\'>Questions to consider:</p> <ul> <li>Where (i.e. in which repository) will the data be deposited?</li> </ul> <p class=\'guidance_header\'>Guidance:</p> <p>Most research funders recommend the use of established data repositories, community databases and related initiatives to aid data preservation, sharing and reuse.</p> <p>An international list of data repositories is available via Databib or Re3data.</p>',NULL,NULL,332098838,'2013-10-09 15:24:49','2013-10-09 15:24:49',NULL,NULL),(352932788,'<p class=\'guidance_header\'>Questions to consider:</p> <ul> <li>When will you make the data available?</li> </ul> <p class=\'guidance_header\'>Guidance:</p> <p>Data (with accompanying metadata) should be shared in a timely fashion. It is generally expected that timely release would generally be no later than the release through publication of the main findings and should be in-line with established best practice in the field.</p>',NULL,NULL,352932788,'2013-10-09 15:24:49','2013-10-09 15:24:49',NULL,NULL),(357858435,'<p class=\'guidance_header\'>Questions to consider:</p> <ul> <li>What are the further intended or foreseeable research uses for the data?</li> </ul> <p class=\'guidance_header\'>Guidance:</p> <p>You should think about the possibilities for re-use of your data in other contexts and by other users, and connect this as appropriate with your plans for dissemination and Pathways to Impact. Where there is potential for reuse, you should use standards and formats that facilitate this.</p>',NULL,NULL,357858435,'2013-10-09 15:24:49','2013-10-09 15:24:49',NULL,NULL),(382261392,'<p class=\'guidance_header\'>Questions to consider:</p> <ul> <li>What data will you create?</li> </ul> <p class=\'guidance_header\'>Guidance:</p> <p>Give a brief description of the data that will be created, noting its content and coverage</p>',NULL,NULL,382261392,'2013-10-09 15:24:49','2013-10-09 15:24:49',NULL,NULL),(401264193,'<p class=\'guidance_header\'>Questions to consider:</p> <ul> <li>Will charges be applied by data repositories?</li> <li>Have you costed in time and effort to prepare the data for sharing / preservation?</li> </ul> <p class=\'guidance_header\'>Guidance:</p> <p>Carefully consider any resources needed to deliver the plan. Where dedicated resources are needed, these should be outlined and justified.</p> <p>Funding should be included to cover any charges applied by data repositories, for example to handle data of exceptional size or complexity. Also remember to cost in time and effort to prepare data for deposit and ensure it is adequately documented to enable reuse.</p> <p>If you are not depositing in a data repository, ensure you have appropriate resources and systems in place to share and preserve the data.</p> <p>See UKDA How to cost data management.</p>',NULL,NULL,401264193,'2013-10-09 15:24:49','2013-10-09 15:24:49',NULL,NULL),(414801377,'<p class=\'guidance_header\'>Questions to consider:</p> <ul> <li>How will you control data capture to ensure data quality?</li> <li>What quality assurance processes will you adopt?</li> </ul> <p class=\'guidance_header\'>Guidance:</p> <p>Explain how the consistency and quality of data collection will be controlled and documented. </p> <p>This may include processes such as calibration, repeat samples or measurements, standardised data capture or recording, data entry validation, peer review of data or representation with controlled vocabularies.</p>',NULL,NULL,414801377,'2013-10-09 15:24:49','2013-10-09 15:24:49',NULL,NULL),(420105441,'<p class=\'guidance_header\'>Questions to consider:</p> <ul> <li>Which data are of long-term value and should be shared and/or preserved?</li> <li>How will you decide what to keep?</li> </ul> <p class=\'guidance_header\'>Guidance:</p> <p>Indicate which data you intend to preserve beyond the period of funding. This should be based on what has long-term value and is economically viable to keep. Consider how long you wish to keep the data and what will happen to it e.g. deposit in a data repository to enable reuse.</p> <p>See DCC How to appraise and select research data.</p>',NULL,NULL,420105441,'2013-10-09 15:24:49','2013-10-09 15:24:49',NULL,NULL),(428832285,'<p class=\'guidance_header\'>Questions to consider:</p> <ul> <li>How will you capture / create the metadata?</li> <li>Can any of this information be created automatically?</li> </ul> <p class=\'guidance_header\'>Guidance:</p> <p>Metadata should be created to describe the data and aid discovery. Consider how you will capture this information and where it will be recorded e.g. in a database with links to each item, in a ‘readme’ text file, in file headers.</p>',NULL,NULL,428832285,'2013-10-09 15:24:49','2013-10-09 15:24:49',NULL,NULL),(493239211,'<p class=\'guidance_header\'>Questions to consider:</p> <ul> <li>What is the relationship to existing data e.g. in public repositories?</li> <li>How does your data complement and integrate with existing data?</li> </ul> <p class=\'guidance_header\'>Guidance:</p> <p>Consider the relationship between the data that you will capture and existing data available in public repositories or elsewhere.</p>',NULL,NULL,493239211,'2013-10-09 15:24:49','2013-10-09 15:24:49',NULL,NULL),(517471460,'<p class=\'guidance_header\'>Questions to consider:</p> <ul> <li>Do you have sufficient storage?</li> <li>Do you need to include costs for additional managed storage?</li> <li>Will the scale of the data pose challenges when sharing or transferring data between sites?</li> </ul> <p class=\'guidance_header\'>Guidance:</p> <p>Consider the implications of data volumes in terms of storage, backup and access. </p> <p>Estimate the volume of data in KB/MB/GB and how this will grow to make sure any additional storage and technical support required can be provided.</p>',NULL,NULL,517471460,'2013-10-09 15:24:49','2013-10-09 15:24:49',NULL,NULL),(523009432,'<p class=\'guidance_header\'>Questions to consider:</p> <ul> <li>Who owns the data?</li> <li>How will the data be licensed for reuse?</li> <li>Will data sharing be postponed / restricted e.g. to seek patents?</li> </ul> <p class=\'guidance_header\'>Guidance:</p> <p>State who will own the copyright and IPR of any new data that you will generate. For multi-partner projects, IPR ownership may be worth covering in a consortium agreement. Outline any restrictions needed on data sharing e.g. to protect proprietary or patentable data.</p> <p>See DCC How to license research data.</p>',NULL,NULL,523009432,'2013-10-09 15:24:49','2013-10-09 15:24:49',NULL,NULL),(666612770,'<p class=\'guidance_header\'>Questions to consider:</p> <ul> <li>For how long do you need exclusive use of the data and why?</li> </ul> <p class=\'guidance_header\'>Guidance:</p> <p>The value of data often depends on timeliness. Researchers have a legitimate interest in benefiting from their investment of time and effort in producing data, but not in prolonged exclusive use. Research funders typically allow embargoes in line with practice in the field, but expect these to be outlined and justified.</p>',NULL,NULL,666612770,'2013-10-09 15:24:49','2013-10-09 15:24:49',NULL,NULL),(767902966,'<p class=\'guidance_header\'>Questions to consider:</p> <ul> <li>Will access be tightly controlled or restricted? e.g. by using data enclaves / secure data services</li> <li>Will a data sharing agreement be required?</li> <li>How will the data be licensed for reuse?</li> </ul> <p class=\'guidance_header\'>Guidance:</p> <p>Indicate whether external users are (will be) bound by data sharing agreements, licenses or end-user agreements. If so, set out the terms and key responsibilities to be followed.</p> <p>Note how access will be controlled, for example by the use of specialist services. A data enclave provides a controlled secure environment in which eligible researchers can perform analyses using restricted data resources.</p> <p>Where a managed access process is required, the procedure should be clearly described and transparent.</p>',NULL,NULL,767902966,'2013-10-09 15:24:49','2013-10-09 15:24:49',NULL,NULL),(786556103,'<p class=\'guidance_header\'>Questions to consider:</p> <ul> <li>Have you gained consent for data preservation and sharing?</li> <li>How will sensitive data be handled to ensure it is stored and transferred securely?</li> <li>How will you protect the identity of participants? e.g. via anonymisation or using managed access procedures?</li> </ul> <p class=\'guidance_header\'>Guidance:</p> <p>Investigators carrying out research involving human participants must ensure that consent is obtained to share data. Managing ethical concerns may include: anonymisation of data; referral to departmental or institutional ethics committees; and formal consent agreements. Ethical issues may affect how you store data, who can see/use it and how long it is kept. You should show that you&#8217;re aware of this and have planned accordingly.</p> <p>See UKDA Guidance on Consent, Confidentiality and Ethics.</p>',NULL,NULL,786556103,'2013-10-09 15:24:49','2013-10-09 15:24:49',NULL,NULL),(806836838,'<p class=\'guidance_header\'>Questions to consider:</p> <ul> <li>How will you structure and name your folders and files?</li> <li>How will you ensure that different versions of a dataset are easily identifiable?</li> </ul> <p class=\'guidance_header\'>Guidance:</p> <p>Indicate how the data will be organised during the project, mentioning for example naming conventions, version control and folder structures. Consistent, well-ordered research data will be easier for the research team to find, understand and reuse.</p>',NULL,NULL,806836838,'2013-10-09 15:24:49','2013-10-09 15:24:49',NULL,NULL),(846464335,'<p class=\'guidance_header\'>Questions to consider:</p> <ul> <li>What metadata standards will you use and why?</li> </ul> <p class=\'guidance_header\'>Guidance:</p> <p>Researchers are strongly encouraged to utilise community standards to describe and structure data, where these are in place. The DCC offers a catalogue of disciplinary metadata standards.</p>',NULL,NULL,846464335,'2013-10-09 15:24:49','2013-10-09 15:24:49',NULL,NULL),(869640508,'<p class=\'guidance_header\'>Questions to consider:</p> <ul> <li>What metadata, documentation or other supporting material should accompany the data for it to be interpreted correctly?</li> <li>What information needs to be retained to enable the data to be read and interpreted in the future?</li> </ul> <p class=\'guidance_header\'>Guidance:</p> <p>Describe the types of documentation that will accompany the data to provide a secondary users with any necessary details to prevent misuse, misinterpretation or confusion. This may include information on the methodology used to collect the data, analytical and procedural information, definitions of variables, units of measurement, any assumptions made, the format and file type of the data.</p>',NULL,NULL,869640508,'2013-10-09 15:24:49','2013-10-09 15:24:49',NULL,NULL),(880689290,'<p class=\'guidance_header\'>Questions to consider:</p> <ul> <li>How will the data be backed up? i.e. how often, to where, how many copies, is this automated&#8230;</li> <li>Who will be responsible for backup?</li> <li>Have you tested whether you can restore from your backups?</li> </ul> <p class=\'guidance_header\'>Guidance:</p> <p>Describe the data back-up procedures that you will adopt to ensure the data and metadata are securely stored during the lifetime of the project. You may need to discuss your institution&#8217;s policy on back-ups. It is better to use automatic backup services provided by university IT than rely on manual processes.</p> <p>See UKDA Guidance on Data Backup.</p>',NULL,NULL,880689290,'2013-10-09 15:24:49','2013-10-09 15:24:49',NULL,NULL),(906413627,'<p class=\'guidance_header\'>Questions to consider:</p> <ul> <li>Is additional specialist expertise (or training for existing staff) required?</li> <li>How will additional skills be sourced?</li> </ul> <p class=\'guidance_header\'>Guidance:</p> <p>Carefully consider any resources needed to deliver the plan. Where dedicated resources are needed, these should be outlined and justified.</p> <p>Outline any relevant technical expertise, support and training that is likely to be required and how it will be acquired.</p>',NULL,NULL,906413627,'2013-10-09 15:24:49','2013-10-09 15:24:49',NULL,NULL),(932289739,'<p class=\'guidance_header\'>Questions to consider:</p> <ul> <li>What types of data will you create?</li> <li>Which types of data will have long-term value?</li> </ul> <p class=\'guidance_header\'>Guidance:</p> <p>Outline the types of data that are expected to be produced from the project e.g. quantitative, qualitative, survey data, experimental measurements, models, images, audiovisual data, samples&#8230;</p> <p>Include the raw data arising directly from the research, the reduced data derived from it, and published data.</p>',NULL,NULL,932289739,'2013-10-09 15:24:49','2013-10-09 15:24:49',NULL,NULL),(1036882971,'<p class=\'guidance_header\'>Questions to consider:</p> <ul> <li>Who may be interested in using your data?</li> </ul> <p class=\'guidance_header\'>Guidance:</p> <p>Where possible outline the types of users you expect and estimate numbers.</p>\r\n\r\ntest',NULL,NULL,NULL,'2013-10-09 15:24:49','2014-02-14 12:56:33',1020170274,1049144765),(1044661192,'<p class=\'guidance_header\'>Questions to consider:</p> <ul> <li>What format will your data be in?</li> <li>Why have you chosen to use particular formats?</li> <li>Do the chosen formats and software enable sharing and long-term validity of data?</li> </ul> <p class=\'guidance_header\'>Guidance:</p> <p>Outline and justify your choice of format e.g. SPSS, Open Document Format, tab-delimited format, MS Excel.</p> <p>Decisions may be based on staff expertise, a preference for Open formats, the standards accepted by data centres or widespread usage with a given community. Using standardised and interchangeable or open lossless data formats ensures the long-term usability of data.</p> <p>See UKDA Guidance on recommended data formats.</p>',NULL,NULL,1044661192,'2013-10-09 15:24:49','2013-10-09 15:24:49',NULL,NULL),(1044661195,'\"Consectetur adipisicing elit, sed do eiusmod tempor incididunt ut labore et dolore magna aliqua. Ut enim ad minim veniam, quis nostrud exercitation ullamco laboris nisi ut aliquip ex ea commodo consequat. Duis aute irure dolor in reprehenderit in voluptate velit esse cillum dolore eu fugiat nulla pariatur.',NULL,480237457,288041515,'2013-11-20 12:34:42','2014-02-04 10:47:16',829965731,NULL),(1044661197,'test guidance',NULL,NULL,309205911,'2014-02-04 12:04:00','2014-02-04 12:04:00',NULL,NULL),(1044661198,'test guidance',NULL,NULL,309205911,'2014-02-04 12:04:40','2014-02-04 12:04:40',NULL,NULL),(1044661199,'test guidance 2',NULL,NULL,309205911,'2014-02-04 12:06:04','2014-02-20 13:15:38',NULL,20886324),(1044661200,'<p>dsfvbfg</p>',NULL,NULL,288041515,'2014-02-14 17:23:08','2014-02-14 17:23:08',NULL,NULL),(1044661201,NULL,NULL,NULL,NULL,'2014-02-15 09:16:09','2014-02-15 09:16:09',NULL,NULL);
/*!40000 ALTER TABLE `guidances` ENABLE KEYS */;
UNLOCK TABLES;

--
-- Table structure for table `option_warnings`
--

DROP TABLE IF EXISTS `option_warnings`;
/*!40101 SET @saved_cs_client     = @@character_set_client */;
/*!40101 SET character_set_client = utf8 */;
CREATE TABLE `option_warnings` (
  `id` int(11) NOT NULL AUTO_INCREMENT,
  `organisation_id` int(11) DEFAULT NULL,
  `option_id` int(11) DEFAULT NULL,
  `text` text COLLATE utf8_unicode_ci,
  `created_at` datetime NOT NULL,
  `updated_at` datetime NOT NULL,
  PRIMARY KEY (`id`)
) ENGINE=InnoDB DEFAULT CHARSET=utf8 COLLATE=utf8_unicode_ci;
/*!40101 SET character_set_client = @saved_cs_client */;

--
-- Dumping data for table `option_warnings`
--

LOCK TABLES `option_warnings` WRITE;
/*!40000 ALTER TABLE `option_warnings` DISABLE KEYS */;
/*!40000 ALTER TABLE `option_warnings` ENABLE KEYS */;
UNLOCK TABLES;

--
-- Table structure for table `options`
--

DROP TABLE IF EXISTS `options`;
/*!40101 SET @saved_cs_client     = @@character_set_client */;
/*!40101 SET character_set_client = utf8 */;
CREATE TABLE `options` (
  `id` int(11) NOT NULL AUTO_INCREMENT,
  `question_id` int(11) DEFAULT NULL,
  `text` varchar(255) COLLATE utf8_unicode_ci DEFAULT NULL,
  `number` int(11) DEFAULT NULL,
  `is_default` tinyint(1) DEFAULT NULL,
  `created_at` datetime NOT NULL,
  `updated_at` datetime NOT NULL,
  PRIMARY KEY (`id`)
) ENGINE=InnoDB AUTO_INCREMENT=775506692 DEFAULT CHARSET=utf8 COLLATE=utf8_unicode_ci;
/*!40101 SET character_set_client = @saved_cs_client */;

--
-- Dumping data for table `options`
--

LOCK TABLES `options` WRITE;
/*!40000 ALTER TABLE `options` DISABLE KEYS */;
INSERT INTO `options` VALUES (662347681,726629274,'No',2,NULL,'2013-10-09 15:24:49','2013-10-09 15:24:49'),(775506691,726629274,'Yes',1,NULL,'2013-10-09 15:24:49','2013-10-09 15:24:49');
/*!40000 ALTER TABLE `options` ENABLE KEYS */;
UNLOCK TABLES;

--
-- Table structure for table `organisation_types`
--

DROP TABLE IF EXISTS `organisation_types`;
/*!40101 SET @saved_cs_client     = @@character_set_client */;
/*!40101 SET character_set_client = utf8 */;
CREATE TABLE `organisation_types` (
  `id` int(11) NOT NULL AUTO_INCREMENT,
  `name` varchar(255) COLLATE utf8_unicode_ci DEFAULT NULL,
  `description` text COLLATE utf8_unicode_ci,
  `created_at` datetime NOT NULL,
  `updated_at` datetime NOT NULL,
  PRIMARY KEY (`id`)
) ENGINE=InnoDB AUTO_INCREMENT=983537894 DEFAULT CHARSET=utf8 COLLATE=utf8_unicode_ci;
/*!40101 SET character_set_client = @saved_cs_client */;

--
-- Dumping data for table `organisation_types`
--

LOCK TABLES `organisation_types` WRITE;
/*!40000 ALTER TABLE `organisation_types` DISABLE KEYS */;
INSERT INTO `organisation_types` VALUES (652292791,'Organisation','Lorem ipsum dolor sit amet, consectetur adipisicing elit, sed do eiusmod tempor incididunt','2013-10-09 15:24:49','2013-10-09 15:24:49'),(754667110,'Funder','Lorem ipsum dolor sit amet, consectetur adipisicing elit, sed do eiusmod tempor incididunt','2013-10-09 15:24:49','2013-10-09 15:24:49'),(800313582,'Project','Lorem ipsum dolor sit amet, consectetur adipisicing elit, sed do eiusmod tempor incididunt','2013-10-09 15:24:49','2013-10-09 15:24:49'),(966711998,'School','Lorem ipsum dolor sit amet, consectetur adipisicing elit, sed do eiusmod tempor incididunt','2013-10-09 15:24:49','2013-10-09 15:24:49'),(983537893,'Institution','Lorem ipsum dolor sit amet, consectetur adipisicing elit, sed do eiusmod tempor incididunt','2013-10-09 15:24:49','2013-10-09 15:24:49');
/*!40000 ALTER TABLE `organisation_types` ENABLE KEYS */;
UNLOCK TABLES;

--
-- Table structure for table `organisations`
--

DROP TABLE IF EXISTS `organisations`;
/*!40101 SET @saved_cs_client     = @@character_set_client */;
/*!40101 SET character_set_client = utf8 */;
CREATE TABLE `organisations` (
  `id` int(11) NOT NULL AUTO_INCREMENT,
  `name` varchar(255) COLLATE utf8_unicode_ci DEFAULT NULL,
  `abbreviation` varchar(255) COLLATE utf8_unicode_ci DEFAULT NULL,
  `description` text COLLATE utf8_unicode_ci,
  `target_url` varchar(255) COLLATE utf8_unicode_ci DEFAULT NULL,
  `logo_file_id` int(11) DEFAULT NULL,
  `banner_file_id` int(11) DEFAULT NULL,
  `organisation_type_id` int(11) DEFAULT NULL,
  `domain` varchar(255) COLLATE utf8_unicode_ci DEFAULT NULL,
  `wayfless_entity` int(11) DEFAULT NULL,
  `stylesheet_file_id` int(11) DEFAULT NULL,
  `created_at` datetime NOT NULL,
  `updated_at` datetime NOT NULL,
  `parent_id` int(11) DEFAULT NULL,
  `is_other` tinyint(1) DEFAULT NULL,
  `sort_name` varchar(255) COLLATE utf8_unicode_ci DEFAULT NULL,
  PRIMARY KEY (`id`)
) ENGINE=InnoDB AUTO_INCREMENT=1071570821 DEFAULT CHARSET=utf8 COLLATE=utf8_unicode_ci;
/*!40101 SET character_set_client = @saved_cs_client */;

--
-- Dumping data for table `organisations`
--

LOCK TABLES `organisations` WRITE;
/*!40000 ALTER TABLE `organisations` DISABLE KEYS */;
INSERT INTO `organisations` VALUES (1526714,'University College Birmingham',NULL,NULL,NULL,NULL,NULL,983537893,'www.ucb.ac.uk',NULL,NULL,'2013-10-09 15:24:49','2014-02-03 17:44:22',NULL,NULL,'University College Birmingham'),(6885160,'Royal Agricultural College',NULL,NULL,NULL,NULL,NULL,983537893,'www.rac.ac.uk',NULL,NULL,'2013-10-09 15:24:49','2014-02-03 17:44:22',NULL,NULL,'Royal Agricultural College'),(9009236,'University Of St Andrews',NULL,NULL,NULL,NULL,NULL,983537893,'www.st-andrews.ac.uk',NULL,NULL,'2013-10-09 15:24:49','2014-02-03 17:44:22',NULL,NULL,'University Of St Andrews'),(10693304,'De Montfort University',NULL,NULL,NULL,NULL,NULL,983537893,'www.dmu.ac.uk',NULL,NULL,'2013-10-09 15:24:49','2014-02-03 17:44:22',NULL,NULL,'De Montfort University'),(15765348,'University Of Northumbria At Newcastle',NULL,NULL,NULL,NULL,NULL,983537893,'www.northumbria.ac.uk',NULL,NULL,'2013-10-09 15:24:49','2014-02-03 17:44:22',NULL,NULL,'University Of Northumbria At Newcastle'),(20581710,'St George\'s Hospital Medical School',NULL,NULL,NULL,NULL,NULL,983537893,'www.sgul.ac.uk',NULL,NULL,'2013-10-09 15:24:49','2014-02-03 17:44:22',NULL,NULL,'St George\'s Hospital Medical School'),(25859486,'Royal Conservatoire Of Scotland',NULL,NULL,NULL,NULL,NULL,983537893,'www.rcs.ac.uk',NULL,NULL,'2013-10-09 15:24:49','2014-02-03 17:44:22',NULL,NULL,'Royal Conservatoire Of Scotland'),(33989708,'The City University',NULL,NULL,NULL,NULL,NULL,983537893,'www.city.ac.uk',NULL,NULL,'2013-10-09 15:24:49','2014-02-03 17:44:22',NULL,NULL,'The City University'),(44641083,'Birkbeck College',NULL,NULL,NULL,NULL,NULL,983537893,'www.bbk.ac.uk',NULL,NULL,'2013-10-09 15:24:49','2014-02-03 17:44:22',NULL,NULL,'Birkbeck College'),(49661051,'Leeds College Of Art',NULL,NULL,NULL,NULL,NULL,983537893,'www.leeds-art.ac.uk',NULL,NULL,'2013-10-09 15:24:49','2014-02-03 17:44:22',NULL,NULL,'Leeds College Of Art'),(50921211,'University Of Lincoln',NULL,NULL,NULL,NULL,NULL,983537893,'www.lincoln.ac.uk',NULL,NULL,'2013-10-09 15:24:49','2014-02-03 17:44:22',NULL,NULL,'University Of Lincoln'),(64217126,'The Open University',NULL,NULL,NULL,NULL,NULL,983537893,'www.open.ac.uk',NULL,NULL,'2013-10-09 15:24:49','2014-02-03 17:44:22',NULL,NULL,'The Open University'),(81610162,'University Of Hull',NULL,NULL,NULL,NULL,NULL,983537893,'www.hull.ac.uk',NULL,NULL,'2013-10-09 15:24:49','2014-02-03 17:44:22',NULL,NULL,'University Of Hull'),(88005494,'Royal Northern College Of Music',NULL,NULL,NULL,NULL,NULL,983537893,'www.rncm.ac.uk',NULL,NULL,'2013-10-09 15:24:49','2014-02-03 17:44:22',NULL,NULL,'Royal Northern College Of Music'),(96463484,'Leeds Trinity University College',NULL,NULL,NULL,NULL,NULL,983537893,'www.leedstrinity.ac.uk',NULL,NULL,'2013-10-09 15:24:49','2014-02-03 17:44:22',NULL,NULL,'Leeds Trinity University College'),(96575872,'University Of Derby',NULL,NULL,NULL,NULL,NULL,983537893,'www.derby.ac.uk',NULL,NULL,'2013-10-09 15:24:49','2014-02-03 17:44:22',NULL,NULL,'University Of Derby'),(99257278,'The Royal Veterinary College',NULL,NULL,NULL,NULL,NULL,983537893,'www.rvc.ac.uk',NULL,NULL,'2013-10-09 15:24:49','2014-02-03 17:44:22',NULL,NULL,'The Royal Veterinary College'),(99367987,'Cardiff Metropolitan University',NULL,NULL,NULL,NULL,NULL,983537893,'www.cardiffmet.ac.uk',NULL,NULL,'2013-10-09 15:24:49','2014-02-03 17:44:22',NULL,NULL,'Cardiff Metropolitan University'),(99731012,'University Of Glamorgan / Prifysgol Morgannwg',NULL,NULL,NULL,NULL,NULL,983537893,'www.glam.ac.uk',NULL,NULL,'2013-10-09 15:24:49','2014-02-03 17:44:22',NULL,NULL,'University Of Glamorgan / Prifysgol Morgannwg'),(105195746,'The University Of Manchester',NULL,NULL,NULL,NULL,NULL,983537893,'www.manchester.ac.uk',NULL,NULL,'2013-10-09 15:24:49','2014-02-03 17:44:22',NULL,NULL,'The University Of Manchester'),(125472673,'University College Falmouth',NULL,NULL,NULL,NULL,NULL,983537893,'www.falmouth.ac.uk',NULL,NULL,'2013-10-09 15:24:49','2014-02-03 17:44:22',NULL,NULL,'University College Falmouth'),(135789576,'University Of Abertay Dundee',NULL,NULL,NULL,NULL,NULL,983537893,'www.abertay.ac.uk',NULL,NULL,'2013-10-09 15:24:49','2014-02-03 17:44:22',NULL,NULL,'University Of Abertay Dundee'),(142195186,'London School Of Hygiene And Tropical Medicine',NULL,NULL,NULL,NULL,NULL,983537893,'www.lshtm.ac.uk',NULL,NULL,'2013-10-09 15:24:49','2014-02-03 17:44:22',NULL,NULL,'London School Of Hygiene And Tropical Medicine'),(146158254,'Cranfield University',NULL,NULL,NULL,NULL,NULL,983537893,'www.cranfield.ac.uk',NULL,NULL,'2013-10-09 15:24:49','2014-02-03 17:44:22',NULL,NULL,'Cranfield University'),(155767043,'Sruc',NULL,NULL,NULL,NULL,NULL,983537893,'www.sac.ac.uk',NULL,NULL,'2013-10-09 15:24:49','2014-02-03 17:44:22',NULL,NULL,'Sruc'),(158619805,'Brunel University',NULL,NULL,NULL,NULL,NULL,983537893,'www.brunel.ac.uk',NULL,NULL,'2013-10-09 15:24:49','2014-02-03 17:44:22',NULL,NULL,'Brunel University'),(168218016,'University Of Huddersfield',NULL,NULL,NULL,NULL,NULL,983537893,'www.hud.ac.uk',NULL,NULL,'2013-10-09 15:24:49','2014-02-03 17:44:22',NULL,NULL,'University Of Huddersfield'),(170307220,'University Of Bristol',NULL,NULL,NULL,NULL,NULL,983537893,'www.bristol.ac.uk',NULL,NULL,'2013-10-09 15:24:49','2014-02-03 17:44:22',NULL,NULL,'University Of Bristol'),(180269782,'University Of Leeds',NULL,NULL,NULL,NULL,NULL,983537893,'www.leeds.ac.uk',NULL,NULL,'2013-10-09 15:24:49','2014-02-03 17:44:22',NULL,NULL,'University Of Leeds'),(185231917,'Glyndwr University',NULL,NULL,NULL,NULL,NULL,983537893,'www.glyndwr.ac.uk',NULL,NULL,'2013-10-09 15:24:49','2014-02-03 17:44:22',NULL,NULL,'Glyndwr University'),(187885252,'Anglia Ruskin University',NULL,NULL,NULL,NULL,NULL,983537893,'www.anglia.ac.uk',NULL,NULL,'2013-10-09 15:24:49','2014-02-03 17:44:22',NULL,NULL,'Anglia Ruskin University'),(188975190,'Leeds College Of Music',NULL,NULL,NULL,NULL,NULL,983537893,'www.lcm.ac.uk',NULL,NULL,'2013-10-09 15:24:49','2014-02-03 17:44:22',NULL,NULL,'Leeds College Of Music'),(191814044,'Oxford Brookes University',NULL,NULL,NULL,NULL,NULL,983537893,'www.brookes.ac.uk',NULL,NULL,'2013-10-09 15:24:49','2014-02-03 17:44:22',NULL,NULL,'Oxford Brookes University'),(201969613,'The Arts University College At Bournemouth',NULL,NULL,NULL,NULL,NULL,983537893,'www.aucb.ac.uk',NULL,NULL,'2013-10-09 15:24:49','2014-02-03 17:44:22',NULL,NULL,'The Arts University College At Bournemouth'),(203163283,'University Of Portsmouth',NULL,NULL,NULL,NULL,NULL,983537893,'www.port.ac.uk',NULL,NULL,'2013-10-09 15:24:49','2014-02-03 17:44:22',NULL,NULL,'University Of Portsmouth'),(209186219,'University Of Hertfordshire',NULL,NULL,NULL,NULL,NULL,983537893,'www.herts.ac.uk',NULL,NULL,'2013-10-09 15:24:49','2014-02-03 17:44:22',NULL,NULL,'University Of Hertfordshire'),(209616718,'Glasgow School Of Art',NULL,NULL,NULL,NULL,NULL,983537893,'www.gsa.ac.uk',NULL,NULL,'2013-10-09 15:24:49','2014-02-03 17:44:22',NULL,NULL,'Glasgow School Of Art'),(217834635,'The School Of Pharmacy University Of London',NULL,NULL,NULL,NULL,NULL,983537893,'www.pharmacy.ac.uk',NULL,NULL,'2013-10-09 15:24:49','2014-02-03 17:44:22',NULL,NULL,'The School Of Pharmacy University Of London'),(218718951,'Imperial College Of Science, Technology And Medicine',NULL,NULL,NULL,NULL,NULL,983537893,'www.imperial.ac.uk',NULL,NULL,'2013-10-09 15:24:49','2014-02-03 17:44:22',NULL,NULL,'Imperial College Of Science, Technology And Medicine'),(227080755,'University Of Gloucestershire',NULL,NULL,NULL,NULL,NULL,983537893,'www.glos.ac.uk',NULL,NULL,'2013-10-09 15:24:49','2014-02-03 17:44:22',NULL,NULL,'University Of Gloucestershire'),(227254431,'Southampton Solent University',NULL,NULL,NULL,NULL,NULL,983537893,'www.solent.ac.uk',NULL,NULL,'2013-10-09 15:24:49','2014-02-03 17:44:22',NULL,NULL,'Southampton Solent University'),(231962317,'University Of Lancaster',NULL,NULL,NULL,NULL,NULL,983537893,'www.lancs.ac.uk',NULL,NULL,'2013-10-09 15:24:49','2014-02-03 17:44:22',NULL,NULL,'University Of Lancaster'),(246446864,'London Metropolitan University',NULL,NULL,NULL,NULL,NULL,983537893,'www.londonmet.ac.uk',NULL,NULL,'2013-10-09 15:24:49','2014-02-03 17:44:22',NULL,NULL,'London Metropolitan University'),(247503198,'University For The Creative Arts',NULL,NULL,NULL,NULL,NULL,983537893,'www.ucreative.ac.uk',NULL,NULL,'2013-10-09 15:24:49','2014-02-03 17:44:22',NULL,NULL,'University For The Creative Arts'),(254952671,'Guildhall School Of Music And Drama',NULL,NULL,NULL,NULL,NULL,983537893,'www.gsmd.ac.uk',NULL,NULL,'2013-10-09 15:24:49','2014-02-03 17:44:22',NULL,NULL,'Guildhall School Of Music And Drama'),(271588534,'Harper Adams University College',NULL,NULL,NULL,NULL,NULL,983537893,'www.harper-adams.ac.uk',NULL,NULL,'2013-10-09 15:24:49','2014-02-03 17:44:22',NULL,NULL,'Harper Adams University College'),(275737052,'Bath Spa University',NULL,NULL,NULL,NULL,NULL,983537893,'www.bathspa.ac.uk',NULL,NULL,'2013-10-09 15:24:49','2014-02-03 17:44:22',NULL,NULL,'Bath Spa University'),(284981999,'University Of Brighton',NULL,NULL,NULL,NULL,NULL,983537893,'www.brighton.ac.uk',NULL,NULL,'2013-10-09 15:24:49','2014-02-03 17:44:22',NULL,NULL,'University Of Brighton'),(299955940,'Trinity Laban Conservatoire Of Music And Dance Ltd',NULL,NULL,NULL,NULL,NULL,983537893,'www.trinitylaban.ac.uk',NULL,NULL,'2013-10-09 15:24:49','2014-02-03 17:44:22',NULL,NULL,'Trinity Laban Conservatoire Of Music And Dance Ltd'),(303265802,'University Of Oxford',NULL,NULL,NULL,NULL,NULL,983537893,'www.ox.ac.uk',NULL,NULL,'2013-10-09 15:24:49','2014-02-03 17:44:22',NULL,NULL,'University Of Oxford'),(322740558,'University Of Newcastle Upon Tyne',NULL,NULL,NULL,NULL,NULL,983537893,'www.ncl.ac.uk',NULL,NULL,'2013-10-09 15:24:49','2014-02-03 17:44:22',NULL,NULL,'University Of Newcastle Upon Tyne'),(339582814,'University Of Bedfordshire',NULL,NULL,NULL,NULL,NULL,983537893,'www.beds.ac.uk',NULL,NULL,'2013-10-09 15:24:49','2014-02-03 17:44:22',NULL,NULL,'University Of Bedfordshire'),(340998856,'Prifysgol Aberystwyth',NULL,NULL,NULL,NULL,NULL,983537893,'www.aber.ac.uk',NULL,NULL,'2013-10-09 15:24:49','2014-02-03 17:44:22',NULL,NULL,'Prifysgol Aberystwyth'),(372508284,'Nottingham Trent University',NULL,NULL,NULL,NULL,NULL,983537893,'www.ntu.ac.uk',NULL,NULL,'2013-10-09 15:24:49','2014-02-03 17:44:22',NULL,NULL,'Nottingham Trent University'),(385496435,'The University Of Bath',NULL,NULL,NULL,NULL,NULL,983537893,'www.bath.ac.uk',NULL,NULL,'2013-10-09 15:24:49','2014-02-03 17:44:22',NULL,NULL,'The University Of Bath'),(385962490,'Courtauld Institute Of Art',NULL,NULL,NULL,NULL,NULL,983537893,'www.courtauld.ac.uk',NULL,NULL,'2013-10-09 15:24:49','2014-02-03 17:44:23',NULL,NULL,'Courtauld Institute Of Art'),(394923695,'Cancer Research UK','CRUK',NULL,NULL,NULL,NULL,754667110,NULL,NULL,NULL,'2013-10-09 15:24:49','2013-10-09 15:24:49',NULL,NULL,NULL),(407492463,'The Conservatoire For Dance And Drama',NULL,NULL,NULL,NULL,NULL,983537893,'www.cdd.ac.uk',NULL,NULL,'2013-10-09 15:24:49','2014-02-03 17:44:23',NULL,NULL,'The Conservatoire For Dance And Drama'),(412700895,'University Of The West Of England, Bristol',NULL,NULL,NULL,NULL,NULL,983537893,'www.uwe.ac.uk',NULL,NULL,'2013-10-09 15:24:49','2014-02-03 17:44:23',NULL,NULL,'University Of The West Of England, Bristol'),(413383858,'The University Of Chichester',NULL,NULL,NULL,NULL,NULL,983537893,'www.chi.ac.uk',NULL,NULL,'2013-10-09 15:24:49','2014-02-03 17:44:23',NULL,NULL,'The University Of Chichester'),(415320407,'University Of Liverpool',NULL,NULL,NULL,NULL,NULL,983537893,'www.liv.ac.uk',NULL,NULL,'2013-10-09 15:24:49','2014-02-03 17:44:23',NULL,NULL,'University Of Liverpool'),(416556280,'Ravensbourne Limited',NULL,NULL,NULL,NULL,NULL,983537893,'www.rave.ac.uk',NULL,NULL,'2013-10-09 15:24:49','2014-02-03 17:44:23',NULL,NULL,'Ravensbourne Limited'),(428172892,'University Of Worcester',NULL,NULL,NULL,NULL,NULL,983537893,'www.worc.ac.uk',NULL,NULL,'2013-10-09 15:24:49','2014-02-03 17:44:23',NULL,NULL,'University Of Worcester'),(430310604,'University Of Sussex',NULL,NULL,NULL,NULL,NULL,983537893,'www.sussex.ac.uk',NULL,NULL,'2013-10-09 15:24:49','2014-02-03 17:44:23',NULL,NULL,'University Of Sussex'),(432709443,'Swansea Metropolitan University',NULL,NULL,NULL,NULL,NULL,983537893,'www.smu.ac.uk',NULL,NULL,'2013-10-09 15:24:49','2014-02-03 17:44:23',NULL,NULL,'Swansea Metropolitan University'),(441691177,'University Of Sunderland',NULL,NULL,NULL,NULL,NULL,983537893,'www.sunderland.ac.uk',NULL,NULL,'2013-10-09 15:24:49','2014-02-03 17:44:23',NULL,NULL,'University Of Sunderland'),(445778576,'University Of Wales: Trinity Saint David',NULL,NULL,NULL,NULL,NULL,983537893,'www.trinitysaintdavid.ac.uk',NULL,NULL,'2013-10-09 15:24:49','2014-02-03 17:44:23',NULL,NULL,'University Of Wales: Trinity Saint David'),(447576974,'Birmingham City University',NULL,NULL,NULL,NULL,NULL,983537893,'www.bcu.ac.uk',NULL,NULL,'2013-10-09 15:24:49','2014-02-03 17:44:23',NULL,NULL,'Birmingham City University'),(459207428,'University Of The Highlands And Islands',NULL,NULL,NULL,NULL,NULL,983537893,'www.uhi.ac.uk',NULL,NULL,'2013-10-09 15:24:49','2014-02-03 17:44:23',NULL,NULL,'University Of The Highlands And Islands'),(461788851,'The Queen\'s University Of Belfast',NULL,NULL,NULL,NULL,NULL,983537893,'www.qub.ac.uk',NULL,NULL,'2013-10-09 15:24:49','2014-02-03 17:44:23',NULL,NULL,'The Queen\'s University Of Belfast'),(463811621,'University Of Cambridge',NULL,NULL,NULL,NULL,NULL,983537893,'www.cam.ac.uk',NULL,NULL,'2013-10-09 15:24:49','2014-02-03 17:44:23',NULL,NULL,'University Of Cambridge'),(466592553,'Bishop Grosseteste University College Lincoln',NULL,NULL,NULL,NULL,NULL,983537893,'www.bishopg.ac.uk',NULL,NULL,'2013-10-09 15:24:49','2014-02-03 17:44:23',NULL,NULL,'Bishop Grosseteste University College Lincoln'),(470928771,'University Of East Anglia',NULL,NULL,NULL,NULL,NULL,983537893,'www.uea.ac.uk',NULL,NULL,'2013-10-09 15:24:49','2014-02-03 17:44:23',NULL,NULL,'University Of East Anglia'),(475073673,'The Royal College Of Art',NULL,NULL,NULL,NULL,NULL,983537893,'www.rca.ac.uk',NULL,NULL,'2013-10-09 15:24:49','2014-02-03 17:44:23',NULL,NULL,'The Royal College Of Art'),(476494179,'Glasgow Caledonian University',NULL,NULL,NULL,NULL,NULL,983537893,'www.gcu.ac.uk',NULL,NULL,'2013-10-09 15:24:49','2014-02-03 17:44:23',NULL,NULL,'Glasgow Caledonian University'),(482930748,'University Of Glasgow',NULL,NULL,NULL,NULL,NULL,983537893,'www.gla.ac.uk',NULL,NULL,'2013-10-09 15:24:49','2014-02-03 17:44:23',NULL,NULL,'University Of Glasgow'),(491834794,'Aston University',NULL,NULL,NULL,NULL,NULL,983537893,'www.aston.ac.uk',NULL,NULL,'2013-10-09 15:24:49','2014-02-03 17:44:23',NULL,NULL,'Aston University'),(492329205,'Queen Margaret University, Edinburgh',NULL,NULL,NULL,NULL,NULL,983537893,'www.qmu.ac.uk',NULL,NULL,'2013-10-09 15:24:49','2014-02-03 17:44:23',NULL,NULL,'Queen Margaret University, Edinburgh'),(495702903,'University Of Birmingham',NULL,NULL,NULL,NULL,NULL,983537893,'www.birmingham.ac.uk',NULL,NULL,'2013-10-09 15:24:49','2014-02-03 17:44:23',NULL,NULL,'University Of Birmingham'),(506339454,'Northern School Of Contemporary Dance',NULL,NULL,NULL,NULL,NULL,983537893,'www.nscd.ac.uk',NULL,NULL,'2013-10-09 15:24:49','2014-02-03 17:44:23',NULL,NULL,'Northern School Of Contemporary Dance'),(506606926,'St Mary\'s University College',NULL,NULL,NULL,NULL,NULL,983537893,'www.stmarys-belfast.ac.uk',NULL,NULL,'2013-10-09 15:24:49','2014-02-03 17:44:23',NULL,NULL,'St Mary\'s University College'),(515498144,'York St John University',NULL,NULL,NULL,NULL,NULL,983537893,'www.yorksj.ac.uk',NULL,NULL,'2013-10-09 15:24:49','2014-02-03 17:44:23',NULL,NULL,'York St John University'),(521893373,'University Of Plymouth',NULL,NULL,NULL,NULL,NULL,983537893,'www.plymouth.ac.uk',NULL,NULL,'2013-10-09 15:24:49','2014-02-03 17:44:23',NULL,NULL,'University Of Plymouth'),(525105502,'The University Of Northampton',NULL,NULL,NULL,NULL,NULL,983537893,'www.northampton.ac.uk',NULL,NULL,'2013-10-09 15:24:49','2014-02-03 17:44:23',NULL,NULL,'The University Of Northampton'),(533735615,'University Of Dundee',NULL,NULL,NULL,NULL,NULL,983537893,'www.dundee.ac.uk',NULL,NULL,'2013-10-09 15:24:49','2014-02-03 17:44:23',NULL,NULL,'University Of Dundee'),(534517838,'The University Of Bolton',NULL,NULL,NULL,NULL,NULL,983537893,'www.bolton.ac.uk',NULL,NULL,'2013-10-09 15:24:49','2014-02-03 17:44:23',NULL,NULL,'The University Of Bolton'),(541836021,'London Business School',NULL,NULL,NULL,NULL,NULL,983537893,'www.london.edu',NULL,NULL,'2013-10-09 15:24:49','2014-02-03 17:44:23',NULL,NULL,'London Business School'),(575492892,'The Liverpool Institute For Performing Arts',NULL,NULL,NULL,NULL,NULL,983537893,'www.lipa.ac.uk',NULL,NULL,'2013-10-09 15:24:49','2014-02-03 17:44:23',NULL,NULL,'The Liverpool Institute For Performing Arts'),(576161932,'University Of Kent',NULL,NULL,NULL,NULL,NULL,983537893,'www.kent.ac.uk',NULL,NULL,'2013-10-09 15:24:49','2014-02-03 17:44:23',NULL,NULL,'University Of Kent'),(580956479,'University Of East London',NULL,NULL,NULL,NULL,NULL,983537893,'www.uel.ac.uk',NULL,NULL,'2013-10-09 15:24:49','2014-02-03 17:44:23',NULL,NULL,'University Of East London'),(582934841,'The University Of Buckingham',NULL,NULL,NULL,NULL,NULL,983537893,'www.buckingham.ac.uk',NULL,NULL,'2013-10-09 15:24:49','2014-02-03 17:44:23',NULL,NULL,'The University Of Buckingham'),(585571841,'The Robert Gordon University',NULL,NULL,NULL,NULL,NULL,983537893,'www.rgu.ac.uk',NULL,NULL,'2013-10-09 15:24:49','2014-02-03 17:44:23',NULL,NULL,'The Robert Gordon University'),(596269882,'University Of Wolverhampton',NULL,NULL,NULL,NULL,NULL,983537893,'www.wlv.ac.uk',NULL,NULL,'2013-10-09 15:24:49','2014-02-03 17:44:23',NULL,NULL,'University Of Wolverhampton'),(616393479,'Sheffield Hallam University',NULL,NULL,NULL,NULL,NULL,983537893,'www.shu.ac.uk',NULL,NULL,'2013-10-09 15:24:49','2014-02-03 17:44:23',NULL,NULL,'Sheffield Hallam University'),(619035985,'University Of Warwick',NULL,NULL,NULL,NULL,NULL,983537893,'www.warwick.ac.uk',NULL,NULL,'2013-10-09 15:24:49','2014-02-03 17:44:23',NULL,NULL,'University Of Warwick'),(622086305,'University Of Nottingham',NULL,NULL,NULL,NULL,NULL,983537893,'www.nottingham.ac.uk',NULL,NULL,'2013-10-09 15:24:49','2014-02-03 17:44:23',NULL,NULL,'University Of Nottingham'),(631553402,'Swansea University',NULL,NULL,NULL,NULL,NULL,983537893,'www.swan.ac.uk',NULL,NULL,'2013-10-09 15:24:49','2014-02-03 17:44:23',NULL,NULL,'Swansea University'),(633882891,'Liverpool John Moores University',NULL,NULL,NULL,NULL,NULL,983537893,'www.ljmu.ac.uk',NULL,NULL,'2013-10-09 15:24:49','2014-02-03 17:44:23',NULL,NULL,'Liverpool John Moores University'),(650628442,'University Of York',NULL,NULL,NULL,NULL,NULL,983537893,'www.york.ac.uk',NULL,NULL,'2013-10-09 15:24:49','2014-02-03 17:44:23',NULL,NULL,'University Of York'),(657544534,'University Of Southampton',NULL,NULL,NULL,NULL,NULL,983537893,'www.soton.ac.uk',NULL,NULL,'2013-10-09 15:24:49','2014-02-03 17:44:23',NULL,NULL,'University Of Southampton'),(665806528,'University College London',NULL,NULL,NULL,NULL,NULL,983537893,'www.ucl.ac.uk',NULL,NULL,'2013-10-09 15:24:49','2014-02-03 17:44:23',NULL,NULL,'University College London'),(666838307,'Kingston University',NULL,NULL,NULL,NULL,NULL,983537893,'www.kingston.ac.uk',NULL,NULL,'2013-10-09 15:24:49','2014-02-03 17:44:23',NULL,NULL,'Kingston University'),(687780841,'Loughborough University',NULL,NULL,NULL,NULL,NULL,983537893,'www.lboro.ac.uk',NULL,NULL,'2013-10-09 15:24:49','2014-02-03 17:44:23',NULL,NULL,'Loughborough University'),(703633916,'Norwich University College Of The Arts',NULL,NULL,NULL,NULL,NULL,983537893,'www.nuca.ac.uk',NULL,NULL,'2013-10-09 15:24:49','2014-02-03 17:44:23',NULL,NULL,'Norwich University College Of The Arts'),(707186848,'The College Of St. Mark And St. John Foundation',NULL,NULL,NULL,NULL,NULL,983537893,'www.marjon.ac.uk',NULL,NULL,'2013-10-09 15:24:49','2014-02-03 17:44:23',NULL,NULL,'The College Of St. Mark And St. John Foundation'),(708719971,'University Of Winchester',NULL,NULL,NULL,NULL,NULL,983537893,'www.winchester.ac.uk',NULL,NULL,'2013-10-09 15:24:49','2014-02-03 17:44:23',NULL,NULL,'University Of Winchester'),(709628740,'Edinburgh Napier University',NULL,NULL,NULL,NULL,NULL,983537893,'www.napier.ac.uk',NULL,NULL,'2013-10-09 15:24:49','2014-02-03 17:44:23',NULL,NULL,'Edinburgh Napier University'),(711678925,'University Of London',NULL,NULL,NULL,NULL,NULL,983537893,'www.lon.ac.uk',NULL,NULL,'2013-10-09 15:24:49','2014-02-03 17:44:23',NULL,NULL,'University Of London'),(714731233,'University Of Greenwich',NULL,NULL,NULL,NULL,NULL,983537893,'www.greenwich.ac.uk',NULL,NULL,'2013-10-09 15:24:49','2014-02-03 17:44:23',NULL,NULL,'University Of Greenwich'),(719662014,'Teesside University',NULL,NULL,NULL,NULL,NULL,983537893,'www.tees.ac.uk',NULL,NULL,'2013-10-09 15:24:49','2014-02-03 17:44:23',NULL,NULL,'Teesside University'),(720679528,'Digital Curation Centre','DCC','Lorem ipsum dolor sit amet, consectetur adipisicing elit, sed do eiusmod tempor incididunt',NULL,NULL,NULL,652292791,NULL,NULL,NULL,'2013-10-09 15:24:49','2013-10-09 15:24:49',NULL,NULL,NULL),(725900523,'Rose Bruford College',NULL,NULL,NULL,NULL,NULL,983537893,'www.bruford.ac.uk',NULL,NULL,'2013-10-09 15:24:49','2014-02-03 17:44:23',NULL,NULL,'Rose Bruford College'),(737808679,'Biotechnology and Biological Sciences Research Council','BBSRC',NULL,NULL,NULL,NULL,754667110,NULL,NULL,NULL,'2013-10-09 15:24:49','2013-10-09 15:24:49',NULL,NULL,NULL),(741010468,'Science and Technology Facilities  Council','STFC',NULL,NULL,NULL,NULL,754667110,NULL,NULL,NULL,'2013-10-09 15:24:49','2013-10-09 15:24:49',NULL,NULL,NULL),(754536287,'Canterbury Christ Church University',NULL,NULL,NULL,NULL,NULL,983537893,'www.canterbury.ac.uk',NULL,NULL,'2013-10-09 15:24:49','2014-02-03 17:44:23',NULL,NULL,'Canterbury Christ Church University'),(766049908,'Arts and Humanities Research Council','AHRC',NULL,NULL,NULL,NULL,754667110,NULL,NULL,NULL,'2013-10-09 15:24:49','2013-10-09 15:24:49',NULL,NULL,NULL),(782316637,'University Of Surrey',NULL,NULL,NULL,NULL,NULL,983537893,'www.surrey.ac.uk',NULL,NULL,'2013-10-09 15:24:49','2014-02-03 17:44:23',NULL,NULL,'University Of Surrey'),(788727239,'Buckinghamshire New University',NULL,NULL,NULL,NULL,NULL,983537893,'www.bucks.ac.uk',NULL,NULL,'2013-10-09 15:24:49','2014-02-03 17:44:23',NULL,NULL,'Buckinghamshire New University'),(788902474,'Stranmillis University College',NULL,NULL,NULL,NULL,NULL,983537893,'www.stran.ac.uk',NULL,NULL,'2013-10-09 15:24:49','2014-02-03 17:44:23',NULL,NULL,'Stranmillis University College'),(795258664,'Coventry University',NULL,NULL,NULL,NULL,NULL,983537893,'www.coventry.ac.uk',NULL,NULL,'2013-10-09 15:24:49','2014-02-03 17:44:23',NULL,NULL,'Coventry University'),(795967859,'University Of Ulster',NULL,NULL,NULL,NULL,NULL,983537893,'www.ulster.ac.uk',NULL,NULL,'2013-10-09 15:24:49','2014-02-03 17:44:23',NULL,NULL,'University Of Ulster'),(799587534,'University Of Essex',NULL,NULL,NULL,NULL,NULL,983537893,'www.essex.ac.uk',NULL,NULL,'2013-10-09 15:24:49','2014-02-03 17:44:23',NULL,NULL,'University Of Essex'),(801489854,'University Of The West Of Scotland',NULL,NULL,NULL,NULL,NULL,983537893,'www.uws.ac.uk',NULL,NULL,'2013-10-09 15:24:49','2014-02-03 17:44:23',NULL,NULL,'University Of The West Of Scotland'),(803011587,'The Institute Of Cancer Research: Royal Cancer Hospital',NULL,NULL,NULL,NULL,NULL,983537893,'www.icr.ac.uk',NULL,NULL,'2013-10-09 15:24:49','2014-02-03 17:44:23',NULL,NULL,'The Institute Of Cancer Research: Royal Cancer Hospital'),(823465172,'University Of Reading',NULL,NULL,NULL,NULL,NULL,983537893,'www.reading.ac.uk',NULL,NULL,'2013-10-09 15:24:49','2014-02-03 17:44:23',NULL,NULL,'University Of Reading'),(823650502,'King\'s College London',NULL,NULL,NULL,NULL,NULL,983537893,'www.kcl.ac.uk',NULL,NULL,'2013-10-09 15:24:49','2014-02-03 17:44:23',NULL,NULL,'King\'s College London'),(828420070,'The University Of West London',NULL,NULL,NULL,NULL,NULL,983537893,'www.uwl.ac.uk',NULL,NULL,'2013-10-09 15:24:49','2014-02-03 17:44:23',NULL,NULL,'The University Of West London'),(833080633,'London South Bank University',NULL,NULL,NULL,NULL,NULL,983537893,'www.lsbu.ac.uk',NULL,NULL,'2013-10-09 15:24:49','2014-02-03 17:44:23',NULL,NULL,'London South Bank University'),(837124776,'Middlesex University',NULL,NULL,NULL,NULL,NULL,983537893,'www.mdx.ac.uk',NULL,NULL,'2013-10-09 15:24:49','2014-02-03 17:44:23',NULL,NULL,'Middlesex University'),(844511059,'Royal Welsh College Of Music And Drama Limited',NULL,NULL,NULL,NULL,NULL,983537893,'www.rwcmd.ac.uk',NULL,NULL,'2013-10-09 15:24:49','2014-02-03 17:44:23',NULL,NULL,'Royal Welsh College Of Music And Drama Limited'),(850994612,'Economic and Social Research Council','ESRC',NULL,NULL,NULL,NULL,754667110,NULL,NULL,NULL,'2013-10-09 15:24:49','2013-10-09 15:24:49',NULL,NULL,NULL),(851874071,'University Of Edinburgh','UoE','','',NULL,NULL,983537893,'www.ed.ac.uk',NULL,NULL,'2013-10-09 15:24:49','2014-01-31 13:39:36',NULL,NULL,''),(865587873,'University Of Chester',NULL,NULL,NULL,NULL,NULL,983537893,'www.chester.ac.uk',NULL,NULL,'2013-10-09 15:24:49','2014-02-03 17:44:23',NULL,NULL,'University Of Chester'),(868716362,'Liverpool Hope University',NULL,NULL,NULL,NULL,NULL,983537893,'www.hope.ac.uk',NULL,NULL,'2013-10-09 15:24:49','2014-02-03 17:44:23',NULL,NULL,'Liverpool Hope University'),(878354628,'University Of Wales, Newport',NULL,NULL,NULL,NULL,NULL,983537893,'www.newport.ac.uk',NULL,NULL,'2013-10-09 15:24:49','2014-02-03 17:44:23',NULL,NULL,'University Of Wales, Newport'),(888805048,'University Of Central Lancashire',NULL,NULL,NULL,NULL,NULL,983537893,'www.uclan.ac.uk',NULL,NULL,'2013-10-09 15:24:49','2014-02-03 17:44:23',NULL,NULL,'University Of Central Lancashire'),(891079983,'Writtle College',NULL,NULL,NULL,NULL,NULL,983537893,'www.writtle.ac.uk',NULL,NULL,'2013-10-09 15:24:49','2014-02-03 17:44:23',NULL,NULL,'Writtle College'),(891953406,'The Manchester Metropolitan University',NULL,NULL,NULL,NULL,NULL,983537893,'www.mmu.ac.uk',NULL,NULL,'2013-10-09 15:24:49','2014-02-03 17:44:23',NULL,NULL,'The Manchester Metropolitan University'),(897929478,'University Of Keele',NULL,NULL,NULL,NULL,NULL,983537893,'www.keele.ac.uk',NULL,NULL,'2013-10-09 15:24:49','2014-02-03 17:44:23',NULL,NULL,'University Of Keele'),(900420880,'University Of Aberdeen',NULL,NULL,NULL,NULL,NULL,983537893,'www.abdn.ac.uk',NULL,NULL,'2013-10-09 15:24:49','2014-02-03 17:44:23',NULL,NULL,'University Of Aberdeen'),(907555976,'Bournemouth University',NULL,NULL,NULL,NULL,NULL,983537893,'www.bournemouth.ac.uk',NULL,NULL,'2013-10-09 15:24:49','2014-02-03 17:44:23',NULL,NULL,'Bournemouth University'),(914202217,'Bangor University',NULL,NULL,NULL,NULL,NULL,983537893,'www.bangor.ac.uk',NULL,NULL,'2013-10-09 15:24:49','2014-02-03 17:44:23',NULL,NULL,'Bangor University'),(915538520,'The Central School Of Speech And Drama',NULL,NULL,NULL,NULL,NULL,983537893,'www.cssd.ac.uk',NULL,NULL,'2013-10-09 15:24:49','2014-02-03 17:44:23',NULL,NULL,'The Central School Of Speech And Drama'),(922528504,'Medical Research Council','MRC',NULL,NULL,NULL,NULL,754667110,NULL,NULL,NULL,'2013-10-09 15:24:49','2013-10-09 15:24:49',NULL,NULL,NULL),(925040014,'University Campus Suffolk Ltd',NULL,NULL,NULL,NULL,NULL,983537893,'www.ucs.ac.uk',NULL,NULL,'2013-10-09 15:24:49','2014-02-03 17:44:23',NULL,NULL,'University Campus Suffolk Ltd'),(934937884,'University Of Strathclyde',NULL,NULL,NULL,NULL,NULL,983537893,'www.strath.ac.uk',NULL,NULL,'2013-10-09 15:24:49','2014-02-03 17:44:23',NULL,NULL,'University Of Strathclyde'),(935887272,'University Of Durham',NULL,NULL,NULL,NULL,NULL,983537893,'www.dur.ac.uk',NULL,NULL,'2013-10-09 15:24:49','2014-02-03 17:44:23',NULL,NULL,'University Of Durham'),(939621522,'Royal Academy Of Music',NULL,NULL,NULL,NULL,NULL,983537893,'www.ram.ac.uk',NULL,NULL,'2013-10-09 15:24:49','2014-02-03 17:44:23',NULL,NULL,'Royal Academy Of Music'),(944161714,'Heythrop College',NULL,NULL,NULL,NULL,NULL,983537893,'www.heythrop.ac.uk',NULL,NULL,'2013-10-09 15:24:49','2014-02-03 17:44:23',NULL,NULL,'Heythrop College'),(947545412,'University Of Exeter',NULL,NULL,NULL,NULL,NULL,983537893,'www.exeter.ac.uk',NULL,NULL,'2013-10-09 15:24:49','2014-02-03 17:44:23',NULL,NULL,'University Of Exeter'),(950796916,'School Of Oriental And African Studies',NULL,NULL,NULL,NULL,NULL,983537893,'www.soas.ac.uk',NULL,NULL,'2013-10-09 15:24:49','2014-02-03 17:44:23',NULL,NULL,'School Of Oriental And African Studies'),(951724550,'University Of Bradford',NULL,NULL,NULL,NULL,NULL,983537893,'www.bradford.ac.uk',NULL,NULL,'2013-10-09 15:24:49','2014-02-03 17:44:23',NULL,NULL,'University Of Bradford'),(961921265,'University Of Sheffield',NULL,NULL,NULL,NULL,NULL,983537893,'www.shef.ac.uk',NULL,NULL,'2013-10-09 15:24:49','2014-02-03 17:44:23',NULL,NULL,'University Of Sheffield'),(964430768,'University Of Leicester',NULL,NULL,NULL,NULL,NULL,983537893,'www.le.ac.uk',NULL,NULL,'2013-10-09 15:24:49','2014-02-03 17:44:23',NULL,NULL,'University Of Leicester'),(966011147,'Heriot-Watt University',NULL,NULL,NULL,NULL,NULL,983537893,'www.hw.ac.uk',NULL,NULL,'2013-10-09 15:24:49','2014-02-03 17:44:23',NULL,NULL,'Heriot-Watt University'),(975907633,'Queen Mary And Westfield College, University Of London',NULL,NULL,NULL,NULL,NULL,983537893,'www.qmul.ac.uk',NULL,NULL,'2013-10-09 15:24:49','2014-02-03 17:44:23',NULL,NULL,'Queen Mary And Westfield College, University Of London'),(983459113,'St Mary\'s University College, Twickenham',NULL,NULL,NULL,NULL,NULL,983537893,'www.smuc.ac.uk',NULL,NULL,'2013-10-09 15:24:49','2014-02-03 17:44:23',NULL,NULL,'St Mary\'s University College, Twickenham'),(992465309,'The University Of Westminster',NULL,NULL,NULL,NULL,NULL,983537893,'www.westminster.ac.uk',NULL,NULL,'2013-10-09 15:24:49','2014-02-03 17:44:23',NULL,NULL,'The University Of Westminster'),(998615296,'Royal College Of Music',NULL,NULL,NULL,NULL,NULL,983537893,'www.rcm.ac.uk',NULL,NULL,'2013-10-09 15:24:49','2014-02-03 17:44:23',NULL,NULL,'Royal College Of Music'),(1000498997,'Royal Holloway College And Bedford New College',NULL,NULL,NULL,NULL,NULL,983537893,'www.rhul.ac.uk',NULL,NULL,'2013-10-09 15:24:49','2014-02-03 17:44:23',NULL,NULL,'Royal Holloway College And Bedford New College'),(1000722552,'The University Of Cumbria',NULL,NULL,NULL,NULL,NULL,983537893,'www.cumbria.ac.uk',NULL,NULL,'2013-10-09 15:24:49','2014-02-03 17:44:23',NULL,NULL,'The University Of Cumbria'),(1005339509,'London School Of Economics & Political Science',NULL,NULL,NULL,NULL,NULL,983537893,'www.lse.ac.uk',NULL,NULL,'2013-10-09 15:24:49','2014-02-03 17:44:23',NULL,NULL,'London School Of Economics & Political Science'),(1006338665,'Newman University College',NULL,NULL,NULL,NULL,NULL,983537893,'www.newman.ac.uk',NULL,NULL,'2013-10-09 15:24:49','2014-02-03 17:44:23',NULL,NULL,'Newman University College'),(1008121029,'Edge Hill University',NULL,NULL,NULL,NULL,NULL,983537893,'www.edgehill.ac.uk',NULL,NULL,'2013-10-09 15:24:49','2014-02-03 17:44:23',NULL,NULL,'Edge Hill University'),(1019186233,'Roehampton University',NULL,NULL,NULL,NULL,NULL,983537893,'www.roehampton.ac.uk',NULL,NULL,'2013-10-09 15:24:49','2014-02-03 17:44:23',NULL,NULL,'Roehampton University'),(1024687474,'Natural Environment Research Council','NERC',NULL,NULL,NULL,NULL,754667110,NULL,NULL,NULL,'2013-10-09 15:24:49','2013-10-09 15:24:49',NULL,NULL,NULL),(1038077170,'University Of Stirling',NULL,NULL,NULL,NULL,NULL,983537893,'www.stir.ac.uk',NULL,NULL,'2013-10-09 15:24:49','2014-02-03 17:44:23',NULL,NULL,'University Of Stirling'),(1039722557,'Institute Of Education, University Of London',NULL,NULL,NULL,NULL,NULL,983537893,'www.ioe.ac.uk',NULL,NULL,'2013-10-09 15:24:49','2014-02-03 17:44:23',NULL,NULL,'Institute Of Education, University Of London'),(1046357252,'Wellcome Trust','Wellcome Trust',NULL,NULL,NULL,NULL,754667110,NULL,NULL,NULL,'2013-10-09 15:24:49','2013-10-09 15:24:49',NULL,NULL,NULL),(1047480374,'University Of Wales Prifysgol Cymru',NULL,NULL,NULL,NULL,NULL,983537893,'www.wales.ac.uk',NULL,NULL,'2013-10-09 15:24:49','2014-02-03 17:44:23',NULL,NULL,'University Of Wales Prifysgol Cymru'),(1062193393,'University Of The Arts, London',NULL,NULL,NULL,NULL,NULL,983537893,'www.arts.ac.uk',NULL,NULL,'2013-10-09 15:24:49','2014-02-03 17:44:23',NULL,NULL,'University Of The Arts, London'),(1071570815,'Goldsmiths\' College','','','',NULL,NULL,983537893,'www.gold.ac.uk',NULL,NULL,'2013-10-09 15:24:49','2014-02-03 17:44:23',NULL,NULL,'Goldsmiths\' College'),(1071570820,'test','','','',NULL,NULL,983537893,'',NULL,NULL,'2013-11-19 15:47:56','2014-02-03 17:37:50',NULL,NULL,'test');
/*!40000 ALTER TABLE `organisations` ENABLE KEYS */;
UNLOCK TABLES;

--
-- Table structure for table `pages`
--

DROP TABLE IF EXISTS `pages`;
/*!40101 SET @saved_cs_client     = @@character_set_client */;
/*!40101 SET character_set_client = utf8 */;
CREATE TABLE `pages` (
  `id` int(11) NOT NULL AUTO_INCREMENT,
  `title` varchar(255) COLLATE utf8_unicode_ci DEFAULT NULL,
  `body_text` text COLLATE utf8_unicode_ci,
  `slug` varchar(255) COLLATE utf8_unicode_ci DEFAULT NULL,
  `menu` int(11) DEFAULT NULL,
  `menu_position` int(11) DEFAULT NULL,
  `target_url` varchar(255) COLLATE utf8_unicode_ci DEFAULT NULL,
  `location` varchar(255) COLLATE utf8_unicode_ci DEFAULT NULL,
  `public` tinyint(1) DEFAULT NULL,
  `organisation_id` int(11) DEFAULT NULL,
  `created_at` datetime NOT NULL,
  `updated_at` datetime NOT NULL,
  PRIMARY KEY (`id`)
) ENGINE=InnoDB DEFAULT CHARSET=utf8 COLLATE=utf8_unicode_ci;
/*!40101 SET character_set_client = @saved_cs_client */;

--
-- Dumping data for table `pages`
--

LOCK TABLES `pages` WRITE;
/*!40000 ALTER TABLE `pages` DISABLE KEYS */;
/*!40000 ALTER TABLE `pages` ENABLE KEYS */;
UNLOCK TABLES;

--
-- Table structure for table `phases`
--

DROP TABLE IF EXISTS `phases`;
/*!40101 SET @saved_cs_client     = @@character_set_client */;
/*!40101 SET character_set_client = utf8 */;
CREATE TABLE `phases` (
  `id` int(11) NOT NULL AUTO_INCREMENT,
  `title` varchar(255) COLLATE utf8_unicode_ci DEFAULT NULL,
  `description` text COLLATE utf8_unicode_ci,
  `number` int(11) DEFAULT NULL,
  `dmptemplate_id` int(11) DEFAULT NULL,
  `created_at` datetime NOT NULL,
  `updated_at` datetime NOT NULL,
  `slug` varchar(255) COLLATE utf8_unicode_ci DEFAULT NULL,
  `external_guidance_url` varchar(255) COLLATE utf8_unicode_ci DEFAULT NULL,
  PRIMARY KEY (`id`),
  UNIQUE KEY `index_phases_on_slug` (`slug`),
  KEY `index_phases_on_dmptemplate_id` (`dmptemplate_id`)
) ENGINE=InnoDB AUTO_INCREMENT=983922626 DEFAULT CHARSET=utf8 COLLATE=utf8_unicode_ci;
/*!40101 SET character_set_client = @saved_cs_client */;

--
-- Dumping data for table `phases`
--

LOCK TABLES `phases` WRITE;
/*!40000 ALTER TABLE `phases` DISABLE KEYS */;
INSERT INTO `phases` VALUES (163848150,'CRUK Data Management Questions','<p>All applicants seeking funding from Cancer Research UK will be required to submit a data sharing plan as part of their research grant proposal. If data sharing is not appropriate, applicants must include a clear explanation why. The data sharing plan will be reviewed as part of the funding decision.</p>',1,233283588,'2013-10-09 15:24:49','2013-10-09 15:24:49',NULL,'http://www.cancerresearchuk.org/science/funding/terms-conditions/funding-policies/policy-data-sharing/data-sharing-guidelines/'),(223238897,'ESRC Data Management Questions','<p>The ESRC requires that all applicants seeking ESRC funding include a statement on data sharing in the relevant section of the Je-S application form. If data sharing is not possible, the applicant must present a strong argument to justify their case.</p>',1,206268105,'2013-10-09 15:24:49','2013-10-09 15:24:49',NULL,'http://www.esrc.ac.uk/_images/Research_Data_Policy_2010_tcm8-4595.pdf'),(231377878,'Outline for application','<p>NERC proposals should normally be accompanied by a Case for Support, and the length of these is specific to each scheme. In all cases this length should be increased by one page to be used for the Outline Data Management Plan.</p>',1,145199482,'2013-10-09 15:24:49','2013-10-09 15:24:49',NULL,'http://www.nerc.ac.uk/research/sites/data/documents/odmp-guidance.pdf'),(331789757,'BBSRC Data Management Questions','<p>All applications seeking research grant funding from BBSRC must submit a statement on data sharing. This should include concise plans for data management and sharing as part of research grant proposal or provide explicit reasons why data sharing is not possible or appropriate. The “statement on data sharing” will be included as an additional page in the case for support.</p>',1,38016095,'2013-10-09 15:24:49','2013-10-09 15:24:49',NULL,'http://www.bbsrc.ac.uk/web/FILES/Policies/data-sharing-policy.pdf'),(348379762,'Detail following award','<p>The Case for Support for successful proposals will be made available to the NERC <a href=\'http://www.nerc.ac.uk/research/sites/data/index.asp?cookieConsent=A\'>Environmental Data Centres</a> and, where appropriate, used to draft, in collaboration with the Principal Investigator, a full Data Management Plan (DMP). This full DMP should be mutually agreed between the Data Centre and the Principal Investigator within three months of the start date of the grant.</p>',2,145199482,'2013-10-09 15:24:49','2013-10-09 15:24:49',NULL,'http://www.nerc.ac.uk/research/sites/data/documents/dmp-template.pdf'),(397849176,'MRC Data Management Questions',NULL,1,236958085,'2013-10-09 15:24:49','2013-10-09 15:24:49',NULL,NULL),(457039136,'Wellcome Trust Data Management Questions',NULL,1,904593081,'2013-10-09 15:24:49','2013-10-09 15:24:49',NULL,NULL),(611646838,'DCC Data Management Questions',NULL,1,1020170274,'2013-10-09 15:24:49','2013-10-09 15:24:49',NULL,NULL),(783824917,'AHRC Data Management Questions','<p>A Technical Plan should be no more than four pages long and provided for all applications where digital outputs or digital technologies are an essential part to the planned research outcomes.</p>',1,829965731,'2013-10-09 15:24:49','2013-10-09 15:24:49',NULL,'http://www.ahrc.ac.uk/Funding-Opportunities/Research-funding/RFG/Application-guidance/Pages/Technical-Plan.aspx'),(983922625,'STFC Data Management Questions',NULL,1,840843529,'2013-10-09 15:24:49','2013-10-09 15:24:49',NULL,NULL);
/*!40000 ALTER TABLE `phases` ENABLE KEYS */;
UNLOCK TABLES;

--
-- Table structure for table `plan_sections`
--

DROP TABLE IF EXISTS `plan_sections`;
/*!40101 SET @saved_cs_client     = @@character_set_client */;
/*!40101 SET character_set_client = utf8 */;
CREATE TABLE `plan_sections` (
  `id` int(11) NOT NULL AUTO_INCREMENT,
  `user_id` int(11) DEFAULT NULL,
  `section_id` int(11) DEFAULT NULL,
  `plan_id` int(11) DEFAULT NULL,
  `created_at` datetime NOT NULL,
  `updated_at` datetime NOT NULL,
  `release_time` datetime DEFAULT NULL,
  PRIMARY KEY (`id`)
) ENGINE=InnoDB AUTO_INCREMENT=7494 DEFAULT CHARSET=utf8 COLLATE=utf8_unicode_ci;
/*!40101 SET character_set_client = @saved_cs_client */;

--
-- Dumping data for table `plan_sections`
--

LOCK TABLES `plan_sections` WRITE;
/*!40000 ALTER TABLE `plan_sections` DISABLE KEYS */;
INSERT INTO `plan_sections` VALUES (9,1,137255481,1,'2013-10-10 09:51:41','2013-10-10 10:04:58','2013-10-10 10:04:58'),(17,1,287771533,1,'2013-10-10 10:05:00','2013-10-10 10:05:03','2013-10-10 10:05:33'),(18,1,137255481,1,'2013-10-10 10:05:01','2013-10-10 10:12:48','2013-10-10 10:13:18'),(19,1,287771533,1,'2013-10-10 10:08:48','2013-10-10 10:08:48','2013-10-10 10:09:18'),(39,1,969523294,5,'2013-10-10 10:14:53','2013-10-10 10:15:38','2013-10-10 10:15:38'),(40,1,549491174,5,'2013-10-10 10:15:40','2013-10-10 10:15:40','2013-10-10 10:16:10'),(41,1,969523294,5,'2013-10-10 10:15:53','2013-10-10 10:27:13','2013-10-10 10:27:13'),(50,1,549491174,5,'2013-10-10 10:27:15','2013-10-10 10:27:20','2013-10-10 10:27:50'),(51,1,969523294,5,'2013-10-10 10:27:17','2013-10-10 10:42:52','2013-10-10 10:42:52'),(76,1,549491174,5,'2013-10-10 10:36:31','2013-10-10 10:36:31','2013-10-10 10:37:01'),(85,1,549491174,5,'2013-10-10 10:42:54','2013-10-10 10:42:54','2013-10-10 10:43:24'),(86,1,969523294,5,'2013-10-10 10:42:56','2013-10-10 13:27:05','2013-10-10 13:27:35'),(95,1,398958965,5,'2013-10-10 10:46:30','2013-10-10 10:46:30','2013-10-10 10:47:00'),(104,1,549491174,5,'2013-10-10 10:48:36','2013-10-10 10:48:36','2013-10-10 10:49:06'),(113,1,549491174,5,'2013-10-10 10:50:03','2013-10-10 10:50:03','2013-10-10 10:50:33'),(130,1,549491174,5,'2013-10-10 10:59:46','2013-10-10 10:59:46','2013-10-10 11:00:16'),(139,1,549491174,5,'2013-10-10 11:00:29','2013-10-10 11:01:07','2013-10-10 11:01:37'),(155,1,549491174,5,'2013-10-10 11:02:31','2013-10-10 11:02:41','2013-10-10 11:02:41'),(164,1,549491174,5,'2013-10-10 11:03:08','2013-10-10 11:03:18','2013-10-10 11:03:18'),(173,1,549491174,5,'2013-10-10 11:04:19','2013-10-10 11:04:19','2013-10-10 11:04:49'),(182,1,549491174,5,'2013-10-10 11:05:34','2013-10-10 11:05:34','2013-10-10 11:06:04'),(191,1,549491174,5,'2013-10-10 11:06:45','2013-10-10 11:06:45','2013-10-10 11:07:15'),(200,1,549491174,5,'2013-10-10 11:08:18','2013-10-10 11:08:18','2013-10-10 11:08:48'),(209,1,549491174,5,'2013-10-10 11:09:17','2013-10-10 11:09:17','2013-10-10 11:09:47'),(218,1,549491174,5,'2013-10-10 11:17:50','2013-10-10 11:17:50','2013-10-10 11:18:20'),(227,1,549491174,5,'2013-10-10 11:21:22','2013-10-10 11:21:22','2013-10-10 11:21:52'),(236,1,549491174,5,'2013-10-10 11:22:45','2013-10-10 11:22:45','2013-10-10 11:23:15'),(245,1,549491174,5,'2013-10-10 11:24:24','2013-10-10 11:24:24','2013-10-10 11:24:54'),(254,1,549491174,5,'2013-10-10 11:27:55','2013-10-10 11:27:55','2013-10-10 11:28:25'),(279,1,549491174,5,'2013-10-10 11:36:28','2013-10-10 11:36:28','2013-10-10 11:36:58'),(288,1,549491174,5,'2013-10-10 11:42:09','2013-10-10 11:42:09','2013-10-10 11:42:39'),(297,1,549491174,5,'2013-10-10 11:44:41','2013-10-10 11:44:55','2013-10-10 11:44:55'),(298,1,398958965,5,'2013-10-10 11:44:57','2013-10-10 11:44:57','2013-10-10 11:45:27'),(307,1,287771533,1,'2013-10-10 11:46:22','2013-10-10 11:46:35','2013-10-10 11:46:35'),(308,1,639646490,1,'2013-10-10 11:46:37','2013-10-10 11:46:44','2013-10-10 11:46:44'),(309,1,137255481,1,'2013-10-10 11:46:39','2013-10-10 15:40:57','2013-10-10 15:41:27'),(310,1,287771533,1,'2013-10-10 11:46:46','2013-10-10 11:46:46','2013-10-10 11:47:16'),(318,1,287771533,1,'2013-10-10 13:03:26','2013-10-10 13:03:32','2013-10-10 13:03:32'),(319,1,639646490,1,'2013-10-10 13:03:34','2013-10-10 13:03:34','2013-10-10 13:04:04'),(320,1,944025275,1,'2013-10-10 13:26:42','2013-10-10 13:27:08','2013-10-10 13:27:08'),(329,1,697523754,6,'2013-10-10 13:27:39','2013-10-10 13:27:39','2013-10-10 13:28:09'),(338,1,697523754,6,'2013-10-10 13:28:48','2013-10-10 13:28:48','2013-10-10 13:29:18'),(347,1,697523754,6,'2013-10-10 13:29:45','2013-10-10 13:30:35','2013-10-10 13:31:05'),(363,1,697523754,6,'2013-10-10 13:31:27','2013-10-10 13:31:27','2013-10-10 13:31:57'),(372,1,697523754,6,'2013-10-10 13:39:20','2013-10-10 13:39:20','2013-10-10 13:39:50'),(389,2,697523754,7,'2013-10-10 13:42:29','2013-10-10 13:42:44','2013-10-10 13:42:44'),(390,2,137255481,7,'2013-10-10 13:42:39','2013-10-10 13:44:07','2013-10-10 13:44:07'),(391,2,287771533,7,'2013-10-10 13:42:48','2013-10-10 13:42:52','2013-10-10 13:42:52'),(422,2,863526891,7,'2013-10-10 13:44:12','2013-10-10 13:44:12','2013-10-10 13:44:42'),(423,2,137255481,7,'2013-10-10 13:44:15','2013-10-10 14:04:17','2013-10-10 14:34:17'),(439,2,863526891,7,'2013-10-10 13:46:02','2013-10-10 13:46:02','2013-10-10 13:46:32'),(455,2,863526891,7,'2013-10-10 13:47:15','2013-10-10 13:47:15','2013-10-10 13:47:45'),(471,2,863526891,7,'2013-10-10 13:48:15','2013-10-10 13:48:15','2013-10-10 13:48:45'),(487,2,863526891,7,'2013-10-10 13:50:59','2013-10-10 13:50:59','2013-10-10 13:51:29'),(503,2,863526891,7,'2013-10-10 13:52:28','2013-10-10 13:52:28','2013-10-10 13:52:58'),(549,2,863526891,7,'2013-10-10 13:55:53','2013-10-10 13:55:53','2013-10-10 13:56:23'),(565,2,287771533,7,'2013-10-10 13:58:05','2013-10-10 13:58:05','2013-10-10 13:58:35'),(566,2,863526891,7,'2013-10-10 13:58:09','2013-10-10 13:58:09','2013-10-10 13:58:39'),(582,2,863526891,7,'2013-10-10 13:59:54','2013-10-10 13:59:54','2013-10-10 14:00:24'),(598,2,863526891,7,'2013-10-10 14:01:52','2013-10-10 14:01:52','2013-10-10 14:02:22'),(614,2,863526891,7,'2013-10-10 14:03:04','2013-10-10 14:03:04','2013-10-10 14:03:34'),(630,2,863526891,7,'2013-10-10 14:04:34','2013-10-10 14:04:34','2013-10-10 14:05:04'),(647,2,863526891,7,'2013-10-10 15:25:55','2013-10-10 15:25:55','2013-10-10 15:26:25'),(664,2,958766736,7,'2013-10-15 13:47:12','2013-10-15 13:47:12','2013-10-15 13:47:42'),(665,2,137255481,7,'2013-10-15 13:47:19','2013-10-15 14:28:44','2013-10-15 14:29:14'),(681,2,287771533,7,'2013-10-15 13:48:16','2013-10-15 13:48:16','2013-10-15 13:48:46'),(697,2,863526891,7,'2013-10-15 13:55:07','2013-10-15 13:55:07','2013-10-15 13:55:37'),(713,2,863526891,7,'2013-10-15 13:56:33','2013-10-15 13:56:33','2013-10-15 13:57:03'),(774,2,863526891,7,'2013-10-15 14:02:15','2013-10-15 14:02:15','2013-10-15 14:02:45'),(790,2,863526891,7,'2013-10-15 14:03:17','2013-10-15 14:03:17','2013-10-15 14:03:47'),(806,2,863526891,7,'2013-10-15 14:07:37','2013-10-15 14:07:37','2013-10-15 14:08:07'),(837,2,863526891,7,'2013-10-15 14:10:40','2013-10-15 14:10:40','2013-10-15 14:11:10'),(868,2,863526891,7,'2013-10-15 14:12:21','2013-10-15 14:12:21','2013-10-15 14:12:51'),(884,2,863526891,7,'2013-10-15 14:16:48','2013-10-15 14:16:48','2013-10-15 14:17:18'),(900,2,863526891,7,'2013-10-15 14:18:54','2013-10-15 14:18:54','2013-10-15 14:19:24'),(916,2,887641744,7,'2013-10-15 14:28:27','2013-10-15 14:28:35','2013-10-15 14:28:35'),(917,2,863526891,7,'2013-10-15 14:28:40','2013-10-15 14:28:40','2013-10-15 14:29:10'),(918,2,944025275,7,'2013-10-15 14:28:52','2013-10-15 14:29:07','2013-10-15 14:29:37'),(919,2,287771533,7,'2013-10-15 14:29:11','2013-10-15 14:29:25','2013-10-15 14:29:55'),(920,2,343774255,7,'2013-10-15 14:29:30','2013-10-15 14:29:34','2013-10-15 14:30:04'),(921,2,256089650,7,'2013-10-15 14:29:38','2013-10-15 14:29:42','2013-10-15 14:30:12'),(922,2,137255481,7,'2013-10-15 14:29:46','2013-10-15 14:29:50','2013-10-15 14:30:20'),(923,2,558759683,7,'2013-10-15 14:29:54','2013-10-15 14:29:58','2013-10-15 14:30:28'),(924,2,374807699,7,'2013-10-15 14:30:02','2013-10-15 14:30:02','2013-10-15 14:30:32'),(925,2,639646490,7,'2013-10-15 14:30:06','2013-10-15 14:30:10','2013-10-15 14:30:40'),(931,2,863526891,7,'2013-10-15 14:30:42','2013-10-15 14:30:42','2013-10-15 14:31:12'),(932,2,137255481,7,'2013-10-15 14:30:46','2013-10-15 14:30:46','2013-10-15 14:31:15'),(949,2,863526891,7,'2013-10-15 14:31:44','2013-10-15 14:31:44','2013-10-15 14:32:14'),(950,2,287771533,7,'2013-10-15 14:33:53','2013-10-15 14:34:02','2013-10-15 14:34:32'),(951,2,374001558,7,'2013-10-15 14:34:07','2013-10-15 14:34:16','2013-10-15 14:34:46'),(952,2,944025275,7,'2013-10-15 14:34:21','2013-10-15 15:50:48','2013-10-15 16:20:48'),(968,2,863526891,7,'2013-10-15 14:35:15','2013-10-15 14:35:20','2013-10-15 14:35:50'),(984,2,863526891,7,'2013-10-15 14:36:20','2013-10-15 14:36:29','2013-10-15 14:36:59'),(1000,2,1024261501,7,'2013-10-15 14:40:46','2013-10-15 14:40:51','2013-10-15 14:40:51'),(1001,2,863526891,7,'2013-10-15 14:40:55','2013-10-15 14:40:55','2013-10-15 14:41:25'),(1017,2,863526891,7,'2013-10-15 14:42:45','2013-10-15 14:42:45','2013-10-15 14:43:15'),(1033,2,863526891,7,'2013-10-15 14:43:57','2013-10-15 14:43:57','2013-10-15 14:44:27'),(1034,2,863526891,7,'2013-10-15 14:46:58','2013-10-15 14:46:58','2013-10-15 14:47:28'),(1050,2,887641744,7,'2013-10-15 14:48:56','2013-10-15 14:49:00','2013-10-15 14:49:00'),(1051,2,863526891,7,'2013-10-15 14:49:04','2013-10-15 14:49:04','2013-10-15 14:49:34'),(1067,2,863526891,7,'2013-10-15 14:50:39','2013-10-15 14:50:39','2013-10-15 14:51:09'),(1083,2,287771533,7,'2013-10-15 15:12:43','2013-10-15 15:12:43','2013-10-15 15:13:13'),(1099,2,863526891,7,'2013-10-15 15:14:49','2013-10-15 15:14:49','2013-10-15 15:15:19'),(1115,2,863526891,7,'2013-10-15 15:30:26','2013-10-15 15:30:26','2013-10-15 15:30:56'),(1131,2,863526891,7,'2013-10-15 15:33:53','2013-10-15 15:33:53','2013-10-15 15:34:23'),(1162,2,958766736,7,'2013-10-15 15:38:17','2013-10-15 15:38:17','2013-10-15 15:38:47'),(1178,2,958766736,7,'2013-10-15 15:39:43','2013-10-15 15:39:43','2013-10-15 15:40:13'),(1194,2,137255481,7,'2013-10-15 15:43:37','2013-10-15 15:50:48','2013-10-15 16:20:48'),(1195,2,958766736,7,'2013-10-15 15:43:37','2013-10-15 15:51:12','2013-10-15 15:51:42'),(1196,2,287771533,7,'2013-10-15 15:43:37','2013-10-15 15:49:28','2013-10-15 15:49:58'),(1197,2,863526891,7,'2013-10-15 15:43:37','2013-10-15 15:45:40','2013-10-15 15:46:10'),(1198,2,697523754,7,'2013-10-15 15:43:37','2013-10-15 15:50:48','2013-10-15 16:20:48'),(1199,2,639646490,7,'2013-10-15 15:43:37','2013-10-15 15:50:48','2013-10-15 16:20:48'),(1200,2,1024261501,7,'2013-10-15 15:43:37','2013-10-15 15:50:48','2013-10-15 16:20:48'),(1201,2,256089650,7,'2013-10-15 15:43:37','2013-10-15 15:50:48','2013-10-15 16:20:48'),(1202,2,374807699,7,'2013-10-15 15:43:37','2013-10-15 15:50:48','2013-10-15 16:20:48'),(1203,2,343774255,7,'2013-10-15 15:43:37','2013-10-15 15:50:48','2013-10-15 16:20:48'),(1204,2,374001558,7,'2013-10-15 15:43:37','2013-10-15 15:50:48','2013-10-15 16:20:48'),(1205,2,558759683,7,'2013-10-15 15:43:37','2013-10-15 15:50:48','2013-10-15 16:20:48'),(1206,2,176863900,7,'2013-10-15 15:43:37','2013-10-15 15:50:48','2013-10-15 16:20:48'),(1207,2,887641744,7,'2013-10-15 15:43:37','2013-10-15 15:50:48','2013-10-15 16:20:48'),(1208,2,838001300,7,'2013-10-15 15:43:37','2013-10-15 15:50:48','2013-10-15 16:20:48'),(1210,2,863526891,7,'2013-10-15 15:47:46','2013-10-15 15:47:46','2013-10-15 15:48:16'),(1227,2,863526891,7,'2013-10-15 17:17:00','2013-10-15 17:17:25','2013-10-15 17:17:25'),(1228,2,137255481,7,'2013-10-15 17:17:06','2013-10-15 17:26:13','2013-10-15 17:26:43'),(1229,2,287771533,7,'2013-10-15 17:17:30','2013-10-15 17:17:30','2013-10-15 17:18:00'),(1230,2,137255481,7,'2013-10-16 07:08:32','2013-10-16 07:54:17','2013-10-16 07:54:17'),(1246,2,958766736,7,'2013-10-16 07:10:14','2013-10-16 07:10:20','2013-10-16 07:10:20'),(1247,2,958766736,7,'2013-10-16 07:10:29','2013-10-16 07:10:29','2013-10-16 07:10:59'),(1263,2,958766736,7,'2013-10-16 07:11:38','2013-10-16 07:11:38','2013-10-16 07:12:08'),(1279,2,863526891,7,'2013-10-16 07:13:00','2013-10-16 07:13:00','2013-10-16 07:13:30'),(1295,2,287771533,7,'2013-10-16 07:15:22','2013-10-16 07:15:22','2013-10-16 07:15:52'),(1311,2,1024261501,7,'2013-10-16 07:18:07','2013-10-16 07:18:36','2013-10-16 07:18:36'),(1312,2,863526891,7,'2013-10-16 07:18:41','2013-10-16 07:18:41','2013-10-16 07:19:11'),(1328,2,863526891,7,'2013-10-16 07:21:05','2013-10-16 07:21:05','2013-10-16 07:21:35'),(1359,2,863526891,7,'2013-10-16 07:26:29','2013-10-16 07:26:29','2013-10-16 07:26:59'),(1375,2,863526891,7,'2013-10-16 07:27:21','2013-10-16 07:27:21','2013-10-16 07:27:51'),(1391,2,863526891,7,'2013-10-16 07:29:02','2013-10-16 07:29:02','2013-10-16 07:29:32'),(1407,2,863526891,7,'2013-10-16 07:30:13','2013-10-16 07:30:13','2013-10-16 07:30:43'),(1423,2,863526891,7,'2013-10-16 07:36:40','2013-10-16 07:36:40','2013-10-16 07:37:10'),(1439,2,863526891,7,'2013-10-16 07:37:25','2013-10-16 07:37:25','2013-10-16 07:37:55'),(1455,2,863526891,7,'2013-10-16 07:38:51','2013-10-16 07:38:51','2013-10-16 07:39:21'),(1471,2,863526891,7,'2013-10-16 07:43:27','2013-10-16 07:43:31','2013-10-16 07:44:01'),(1487,2,863526891,7,'2013-10-16 07:46:45','2013-10-16 07:46:49','2013-10-16 07:47:19'),(1518,2,863526891,7,'2013-10-16 07:48:33','2013-10-16 07:48:37','2013-10-16 07:49:07'),(1549,2,863526891,7,'2013-10-16 07:52:23','2013-10-16 07:52:23','2013-10-16 07:52:53'),(1565,2,863526891,7,'2013-10-16 07:54:21','2013-10-16 07:54:21','2013-10-16 07:54:51'),(1582,2,863526891,7,'2013-10-16 07:55:13','2013-10-16 07:55:17','2013-10-16 07:55:47'),(1583,2,863526891,7,'2013-10-16 08:46:25','2013-10-16 08:46:25','2013-10-16 08:46:55'),(1592,1,137255481,1,'2013-10-16 09:30:28','2013-10-16 09:30:28','2013-10-16 09:30:58'),(1593,2,863526891,7,'2013-10-16 09:38:21','2013-10-16 09:38:42','2013-10-16 09:39:12'),(1594,2,137255481,7,'2013-10-16 09:38:27','2013-10-16 09:39:24','2013-10-16 09:39:54'),(1595,2,137255481,7,'2013-10-16 09:40:05','2013-10-16 12:04:00','2013-10-16 12:34:00'),(1611,2,863526891,7,'2013-10-16 09:43:32','2013-10-16 09:43:32','2013-10-16 09:44:02'),(1627,2,863526891,7,'2013-10-16 09:44:51','2013-10-16 09:44:51','2013-10-16 09:45:21'),(1643,2,287771533,7,'2013-10-16 09:46:24','2013-10-16 09:46:32','2013-10-16 09:46:32'),(1644,2,863526891,7,'2013-10-16 09:46:36','2013-10-16 09:46:36','2013-10-16 09:47:06'),(1660,2,863526891,7,'2013-10-16 09:49:44','2013-10-16 09:49:44','2013-10-16 09:50:14'),(1676,2,863526891,7,'2013-10-16 09:51:02','2013-10-16 09:51:02','2013-10-16 09:51:32'),(1692,2,863526891,7,'2013-10-16 09:55:27','2013-10-16 09:55:27','2013-10-16 09:55:57'),(1708,2,863526891,7,'2013-10-16 09:56:28','2013-10-16 09:56:28','2013-10-16 09:56:58'),(1724,2,863526891,7,'2013-10-16 09:58:32','2013-10-16 09:58:32','2013-10-16 09:59:02'),(1740,2,863526891,7,'2013-10-16 10:05:27','2013-10-16 10:05:27','2013-10-16 10:05:57'),(1756,2,863526891,7,'2013-10-16 10:07:23','2013-10-16 10:07:27','2013-10-16 10:07:27'),(1757,2,863526891,7,'2013-10-16 10:07:31','2013-10-16 10:07:31','2013-10-16 10:08:01'),(1788,2,639646490,7,'2013-10-16 10:09:21','2013-10-16 10:09:21','2013-10-16 10:09:51'),(1804,2,639646490,7,'2013-10-16 10:10:34','2013-10-16 10:10:34','2013-10-16 10:11:04'),(1820,2,863526891,7,'2013-10-16 10:11:40','2013-10-16 10:11:40','2013-10-16 10:12:10'),(1836,2,863526891,7,'2013-10-16 10:15:00','2013-10-16 10:15:00','2013-10-16 10:15:30'),(1852,2,863526891,7,'2013-10-16 10:15:46','2013-10-16 10:15:46','2013-10-16 10:16:16'),(1868,2,863526891,7,'2013-10-16 10:17:39','2013-10-16 10:17:39','2013-10-16 10:18:09'),(1884,2,863526891,7,'2013-10-16 10:18:32','2013-10-16 10:18:32','2013-10-16 10:19:02'),(1900,2,863526891,7,'2013-10-16 10:23:14','2013-10-16 10:23:14','2013-10-16 10:23:44'),(1916,2,863526891,7,'2013-10-16 10:25:26','2013-10-16 10:25:26','2013-10-16 10:25:56'),(1932,2,863526891,7,'2013-10-16 10:27:08','2013-10-16 10:27:54','2013-10-16 10:28:24'),(1962,2,863526891,7,'2013-10-16 10:28:42','2013-10-16 10:28:42','2013-10-16 10:29:12'),(1978,2,863526891,7,'2013-10-16 10:30:52','2013-10-16 10:30:52','2013-10-16 10:31:22'),(2024,2,863526891,7,'2013-10-16 10:35:43','2013-10-16 10:35:47','2013-10-16 10:36:17'),(2055,2,863526891,7,'2013-10-16 11:03:41','2013-10-16 11:03:45','2013-10-16 11:04:15'),(2086,2,863526891,7,'2013-10-16 11:07:05','2013-10-16 11:07:19','2013-10-16 11:07:49'),(2102,2,863526891,7,'2013-10-16 11:10:43','2013-10-16 11:11:01','2013-10-16 11:11:31'),(2118,2,887641744,7,'2013-10-16 11:14:17','2013-10-16 11:14:21','2013-10-16 11:14:21'),(2119,2,863526891,7,'2013-10-16 11:14:25','2013-10-16 11:14:33','2013-10-16 11:15:03'),(2150,2,863526891,7,'2013-10-16 11:16:12','2013-10-16 11:16:25','2013-10-16 11:16:55'),(2166,2,287771533,7,'2013-10-16 11:22:02','2013-10-16 11:22:07','2013-10-16 11:22:07'),(2167,2,863526891,7,'2013-10-16 11:22:11','2013-10-16 11:22:20','2013-10-16 11:22:50'),(2168,2,863526891,7,'2013-10-16 11:38:41','2013-10-16 11:38:41','2013-10-16 11:39:11'),(2184,2,887641744,7,'2013-10-16 11:39:29','2013-10-16 11:39:33','2013-10-16 11:39:33'),(2185,2,863526891,7,'2013-10-16 11:39:37','2013-10-16 11:39:40','2013-10-16 11:40:10'),(2201,2,863526891,7,'2013-10-16 11:55:45','2013-10-16 11:55:49','2013-10-16 11:56:19'),(2202,2,863526891,7,'2013-10-16 11:58:38','2013-10-16 11:58:38','2013-10-16 11:59:08'),(2218,2,863526891,7,'2013-10-16 11:59:58','2013-10-16 11:59:58','2013-10-16 12:00:28'),(2234,2,176863900,7,'2013-10-16 12:01:20','2013-10-16 12:01:24','2013-10-16 12:01:24'),(2235,2,863526891,7,'2013-10-16 12:01:28','2013-10-16 12:01:28','2013-10-16 12:01:58'),(2266,2,958766736,7,'2013-10-16 12:14:32','2013-10-16 12:14:32','2013-10-16 12:15:02'),(2283,2,863526891,7,'2013-10-16 13:55:33','2013-10-16 13:55:45','2013-10-16 13:56:15'),(2300,2,863526891,7,'2013-10-16 14:01:30','2013-10-16 14:01:30','2013-10-16 14:02:00'),(2317,2,287771533,7,'2013-10-16 14:08:28','2013-10-16 14:08:28','2013-10-16 14:08:58'),(2334,2,287771533,7,'2013-10-16 14:11:35','2013-10-16 14:11:35','2013-10-16 14:12:05'),(2351,2,863526891,7,'2013-10-16 14:13:46','2013-10-16 14:13:50','2013-10-16 14:14:20'),(2368,2,863526891,7,'2013-10-16 14:22:02','2013-10-16 14:22:17','2013-10-16 14:22:47'),(2385,2,863526891,7,'2013-10-16 14:23:42','2013-10-16 14:23:42','2013-10-16 14:24:12'),(2386,2,863526891,7,'2013-10-16 14:24:35','2013-10-16 14:24:49','2013-10-16 14:25:19'),(2403,2,863526891,7,'2013-10-16 14:29:23','2013-10-16 14:29:34','2013-10-16 14:29:34'),(2404,2,863526891,7,'2013-10-16 14:29:38','2013-10-16 14:29:38','2013-10-16 14:30:08'),(2437,2,863526891,7,'2013-10-16 14:41:30','2013-10-16 14:52:14','2013-10-16 14:52:44'),(2468,2,958766736,7,'2013-10-16 14:50:34','2013-10-16 14:50:51','2013-10-16 14:51:21'),(2500,2,863526891,7,'2013-10-16 14:57:27','2013-10-16 14:57:27','2013-10-16 14:57:57'),(2533,2,863526891,7,'2013-10-16 15:00:13','2013-10-16 15:00:20','2013-10-16 15:00:50'),(2550,2,863526891,7,'2013-10-16 15:03:58','2013-10-16 15:04:14','2013-10-16 15:04:44'),(2567,2,958766736,7,'2013-10-16 15:07:06','2013-10-16 15:07:11','2013-10-16 15:07:11'),(2568,2,287771533,7,'2013-10-16 15:07:20','2013-10-16 15:07:20','2013-10-16 15:07:50'),(2569,2,863526891,7,'2013-10-16 15:07:23','2013-10-16 15:07:23','2013-10-16 15:07:53'),(2586,2,958766736,7,'2013-10-16 15:14:45','2013-10-16 15:14:49','2013-10-16 15:14:49'),(2587,2,863526891,7,'2013-10-16 15:14:54','2013-10-16 15:14:54','2013-10-16 15:15:24'),(2604,2,287771533,7,'2013-10-16 15:16:36','2013-10-16 15:16:45','2013-10-16 15:16:45'),(2605,2,863526891,7,'2013-10-16 15:16:49','2013-10-16 15:16:49','2013-10-16 15:17:19'),(2622,2,863526891,7,'2013-10-16 15:18:07','2013-10-16 15:18:07','2013-10-16 15:18:37'),(2639,2,863526891,7,'2013-10-16 15:26:20','2013-10-16 15:26:20','2013-10-16 15:26:50'),(2656,2,863526891,7,'2013-10-16 15:28:49','2013-10-16 15:29:04','2013-10-16 15:29:04'),(2657,2,287771533,7,'2013-10-16 15:29:08','2013-10-16 15:29:18','2013-10-16 15:29:18'),(2658,2,958766736,7,'2013-10-16 15:29:22','2013-10-16 15:29:47','2013-10-16 15:29:47'),(2659,2,287771533,7,'2013-10-16 15:29:51','2013-10-16 15:30:01','2013-10-16 15:30:01'),(2660,2,863526891,7,'2013-10-16 15:30:05','2013-10-16 15:30:05','2013-10-16 15:30:35'),(2661,2,137255481,7,'2013-10-16 15:31:50','2013-10-16 15:31:50','2013-10-16 16:01:50'),(2662,2,958766736,7,'2013-10-16 15:31:50','2013-10-16 15:31:50','2013-10-16 16:01:50'),(2663,2,287771533,7,'2013-10-16 15:31:50','2013-10-16 15:31:50','2013-10-16 16:01:50'),(2664,2,863526891,7,'2013-10-16 15:31:50','2013-10-16 15:31:50','2013-10-16 16:01:50'),(2665,2,697523754,7,'2013-10-16 15:31:50','2013-10-16 15:31:50','2013-10-16 16:01:50'),(2666,2,639646490,7,'2013-10-16 15:31:50','2013-10-16 15:31:50','2013-10-16 16:01:50'),(2667,2,944025275,7,'2013-10-16 15:31:50','2013-10-16 15:31:50','2013-10-16 16:01:50'),(2668,2,1024261501,7,'2013-10-16 15:31:50','2013-10-16 15:31:50','2013-10-16 16:01:50'),(2669,2,256089650,7,'2013-10-16 15:31:50','2013-10-16 15:31:50','2013-10-16 16:01:50'),(2670,2,374807699,7,'2013-10-16 15:31:50','2013-10-16 15:31:50','2013-10-16 16:01:50'),(2671,2,343774255,7,'2013-10-16 15:31:50','2013-10-16 15:31:50','2013-10-16 16:01:50'),(2672,2,374001558,7,'2013-10-16 15:31:50','2013-10-16 15:31:50','2013-10-16 16:01:50'),(2673,2,558759683,7,'2013-10-16 15:31:50','2013-10-16 15:31:50','2013-10-16 16:01:50'),(2674,2,176863900,7,'2013-10-16 15:31:50','2013-10-16 15:31:50','2013-10-16 16:01:50'),(2675,2,887641744,7,'2013-10-16 15:31:50','2013-10-16 15:31:50','2013-10-16 16:01:50'),(2676,2,838001300,7,'2013-10-16 15:31:50','2013-10-16 15:31:50','2013-10-16 16:01:50'),(2677,2,863526891,7,'2013-10-18 09:34:24','2013-10-18 09:34:24','2013-10-18 09:34:54'),(2694,2,863526891,7,'2013-10-18 10:32:58','2013-10-18 10:32:58','2013-10-18 10:33:28'),(2695,2,137255481,7,'2013-10-18 12:09:12','2013-10-18 12:31:35','2013-10-18 13:01:35'),(2696,2,958766736,7,'2013-10-18 12:09:12','2013-10-18 12:31:35','2013-10-18 13:01:35'),(2697,2,287771533,7,'2013-10-18 12:09:12','2013-10-18 12:31:35','2013-10-18 13:01:35'),(2698,2,863526891,7,'2013-10-18 12:09:12','2013-10-18 12:31:35','2013-10-18 13:01:35'),(2699,2,697523754,7,'2013-10-18 12:09:12','2013-10-18 12:31:35','2013-10-18 13:01:35'),(2700,2,639646490,7,'2013-10-18 12:09:12','2013-10-18 12:31:35','2013-10-18 13:01:35'),(2701,2,944025275,7,'2013-10-18 12:09:12','2013-10-18 12:31:35','2013-10-18 13:01:35'),(2702,2,1024261501,7,'2013-10-18 12:09:12','2013-10-18 12:31:35','2013-10-18 13:01:35'),(2703,2,256089650,7,'2013-10-18 12:09:12','2013-10-18 12:31:35','2013-10-18 13:01:35'),(2704,2,374807699,7,'2013-10-18 12:09:12','2013-10-18 12:31:35','2013-10-18 13:01:35'),(2705,2,343774255,7,'2013-10-18 12:09:12','2013-10-18 12:31:35','2013-10-18 13:01:35'),(2706,2,374001558,7,'2013-10-18 12:09:12','2013-10-18 12:31:35','2013-10-18 13:01:35'),(2707,2,558759683,7,'2013-10-18 12:09:12','2013-10-18 12:31:35','2013-10-18 13:01:35'),(2708,2,176863900,7,'2013-10-18 12:09:12','2013-10-18 12:31:35','2013-10-18 13:01:35'),(2709,2,887641744,7,'2013-10-18 12:09:12','2013-10-18 12:31:35','2013-10-18 13:01:35'),(2710,2,838001300,7,'2013-10-18 12:09:12','2013-10-18 12:31:35','2013-10-18 13:01:35'),(2715,2,1014111519,12,'2013-10-21 14:47:51','2013-10-21 14:48:31','2013-10-21 14:49:01'),(2720,2,1014111519,12,'2013-10-21 14:54:51','2013-10-21 14:59:31','2013-10-21 15:00:01'),(2737,2,137255481,7,'2013-10-21 15:10:49','2013-10-21 15:27:09','2013-10-21 15:27:39'),(2738,1,137255481,1,'2013-10-23 07:20:27','2013-10-23 07:20:27','2013-10-23 07:50:27'),(2739,1,287771533,1,'2013-10-23 07:20:27','2013-10-23 07:20:27','2013-10-23 07:50:27'),(2740,1,639646490,1,'2013-10-23 07:20:27','2013-10-23 07:20:27','2013-10-23 07:50:27'),(2741,1,944025275,1,'2013-10-23 07:20:27','2013-10-23 07:20:27','2013-10-23 07:50:27'),(2742,1,256089650,1,'2013-10-23 07:20:27','2013-10-23 07:20:27','2013-10-23 07:50:27'),(2743,1,374001558,1,'2013-10-23 07:20:27','2013-10-23 07:20:27','2013-10-23 07:50:27'),(2744,1,558759683,1,'2013-10-23 07:20:27','2013-10-23 07:20:27','2013-10-23 07:50:27'),(2745,1,838001300,1,'2013-10-23 07:20:27','2013-10-23 07:20:27','2013-10-23 07:50:27'),(2754,1,958766736,6,'2013-10-23 12:14:35','2013-10-23 15:09:58','2013-10-23 15:09:58'),(2755,1,958766736,6,'2013-10-23 15:10:00','2013-10-23 15:27:05','2013-10-23 15:27:35'),(2765,1,923945068,3,'2013-10-30 16:16:32','2013-10-30 16:16:32','2013-10-30 16:17:02'),(2766,1,969523294,3,'2013-10-30 16:16:45','2013-10-30 16:33:46','2013-10-30 16:34:16'),(2767,1,969523294,3,'2013-10-30 17:12:08','2013-10-30 17:40:29','2013-10-30 17:40:59'),(2768,1,969523294,3,'2013-10-30 18:49:20','2013-10-31 08:26:40','2013-10-31 08:27:10'),(2769,1,969523294,3,'2013-11-01 11:43:23','2013-11-01 16:39:23','2013-11-01 16:39:53'),(2770,1,969523294,3,'2013-11-04 14:50:24','2013-11-05 01:47:35','2013-11-05 01:48:05'),(2771,1,969523294,3,'2013-11-05 08:58:07','2013-11-05 13:58:09','2013-11-05 13:58:39'),(2772,1,969523294,3,'2013-11-06 10:11:38','2013-11-06 13:31:19','2013-11-06 13:31:49'),(2773,1,969523294,3,'2013-11-06 13:32:00','2013-11-06 15:19:19','2013-11-06 15:19:49'),(2774,1,969523294,3,'2013-11-06 15:20:20','2013-11-06 16:42:22','2013-11-06 16:42:52'),(2775,1,969523294,3,'2013-11-06 18:39:15','2013-11-07 01:32:18','2013-11-07 01:32:48'),(2776,1,969523294,3,'2013-11-07 09:21:16','2013-11-07 10:46:37','2013-11-07 10:47:07'),(2777,1,969523294,3,'2013-11-07 10:47:58','2013-11-07 11:27:57','2013-11-07 11:28:27'),(2778,1,969523294,3,'2013-11-07 11:29:18','2013-11-07 11:37:59','2013-11-07 11:38:29'),(2795,1,137255481,1,'2013-11-13 10:47:55','2013-11-13 10:47:55','2013-11-13 10:48:25'),(2804,1,137255481,1,'2013-11-13 10:51:25','2013-11-13 10:51:25','2013-11-13 10:51:55'),(2813,1,137255481,1,'2013-11-13 10:53:07','2013-11-13 10:53:47','2013-11-13 10:54:17'),(2823,1,923945068,3,'2013-11-13 11:07:12','2013-11-13 11:07:13','2013-11-13 11:07:43'),(2824,1,969523294,3,'2013-11-13 11:07:24','2013-11-13 11:22:04','2013-11-13 11:22:34'),(2825,1,999259655,2,'2013-11-13 11:22:34','2013-11-13 11:22:34','2013-11-13 11:52:34'),(2826,1,579219391,2,'2013-11-13 11:22:34','2013-11-13 11:22:34','2013-11-13 11:52:34'),(2827,1,360783662,2,'2013-11-13 11:22:35','2013-11-13 11:22:35','2013-11-13 11:52:35'),(2837,1,923945068,3,'2013-11-13 11:22:46','2013-11-13 11:22:55','2013-11-13 11:52:55'),(2838,1,969523294,3,'2013-11-13 11:22:55','2013-11-13 11:25:20','2013-11-13 11:25:50'),(2839,1,549491174,3,'2013-11-13 11:22:55','2013-11-13 11:22:55','2013-11-13 11:52:55'),(2840,1,398958965,3,'2013-11-13 11:22:55','2013-11-13 11:22:55','2013-11-13 11:52:55'),(2841,1,161690834,3,'2013-11-13 11:22:55','2013-11-13 11:22:55','2013-11-13 11:52:55'),(2842,1,1050936391,3,'2013-11-13 11:22:55','2013-11-13 11:22:55','2013-11-13 11:52:55'),(2843,1,665671167,3,'2013-11-13 11:22:55','2013-11-13 11:22:55','2013-11-13 11:52:55'),(2844,1,279602542,3,'2013-11-13 11:22:55','2013-11-13 11:22:55','2013-11-13 11:52:55'),(2845,1,1407227,3,'2013-11-13 11:22:55','2013-11-13 11:22:55','2013-11-13 11:52:55'),(2846,1,969523294,3,'2013-11-13 11:35:02','2013-11-13 12:35:41','2013-11-13 12:36:11'),(2856,1,969523294,3,'2013-11-18 14:26:28','2013-11-18 14:27:43','2013-11-18 14:28:13'),(2865,1,819198364,23,'2013-11-25 16:12:57','2013-11-25 16:13:19','2013-11-25 16:13:19'),(2866,1,702195744,23,'2013-11-25 16:13:22','2013-11-25 16:13:22','2013-11-25 16:13:52'),(2867,1,819198364,23,'2013-11-25 16:13:31','2013-11-25 16:13:31','2013-11-25 16:14:01'),(2871,1,999259655,2,'2013-11-27 14:54:38','2013-11-27 14:54:38','2013-11-27 14:55:08'),(2872,1,999259655,2,'2013-11-27 14:54:53','2013-11-27 14:54:58','2013-11-27 14:54:58'),(2873,1,579219391,2,'2013-11-27 14:55:00','2013-11-27 14:55:00','2013-11-27 14:55:30'),(2874,1,999259655,2,'2013-11-27 14:55:12','2013-11-27 14:55:12','2013-11-27 15:25:12'),(2875,1,579219391,2,'2013-11-27 14:55:12','2013-11-27 14:55:12','2013-11-27 15:25:12'),(2876,1,360783662,2,'2013-11-27 14:55:12','2013-11-27 14:55:12','2013-11-27 15:25:12'),(2877,1,579219391,2,'2013-11-27 14:55:14','2013-11-27 14:55:17','2013-11-27 14:55:17'),(2878,1,999259655,2,'2013-11-27 14:55:19','2013-11-27 14:55:29','2013-11-27 14:55:29'),(2879,1,579219391,2,'2013-11-27 14:55:31','2013-11-27 14:55:31','2013-11-27 14:56:01'),(2880,1,579219391,2,'2013-11-27 14:55:33','2013-11-27 14:55:37','2013-11-27 14:55:37'),(2881,1,360783662,2,'2013-11-27 14:55:41','2013-11-27 14:55:41','2013-11-27 14:56:11'),(2882,1,360783662,2,'2013-11-27 14:55:53','2013-11-27 14:55:53','2013-11-27 14:56:23'),(2883,1,999259655,2,'2013-11-27 14:56:09','2013-11-27 14:56:09','2013-11-27 15:26:09'),(2884,1,579219391,2,'2013-11-27 14:56:09','2013-11-27 14:56:09','2013-11-27 15:26:09'),(2885,1,360783662,2,'2013-11-27 14:56:09','2013-11-27 14:56:09','2013-11-27 15:26:09'),(2886,1,360783662,2,'2013-11-27 14:56:13','2013-11-27 14:56:17','2013-11-27 14:56:17'),(2887,1,579219391,2,'2013-11-27 14:56:19','2013-11-27 14:56:32','2013-11-27 14:56:32'),(2888,1,360783662,2,'2013-11-27 14:56:34','2013-11-27 14:56:34','2013-11-27 14:57:04'),(2889,1,360783662,2,'2013-11-27 14:56:35','2013-11-27 14:56:35','2013-11-27 14:57:05'),(2890,1,360783662,2,'2013-11-27 14:56:53','2013-11-27 14:56:53','2013-11-27 14:57:23'),(2891,1,360783662,2,'2013-11-27 14:57:13','2013-11-27 14:57:13','2013-11-27 14:57:43'),(2892,1,360783662,2,'2013-11-27 14:57:34','2013-11-27 14:57:34','2013-11-27 14:58:04'),(2893,1,360783662,2,'2013-11-27 14:57:53','2013-11-27 14:57:53','2013-11-27 14:58:23'),(2894,1,360783662,2,'2013-11-27 14:58:13','2013-11-27 14:58:13','2013-11-27 14:58:43'),(2895,1,360783662,2,'2013-11-27 14:58:33','2013-11-27 14:58:33','2013-11-27 14:59:03'),(2896,1,360783662,2,'2013-11-27 14:58:53','2013-11-27 14:58:53','2013-11-27 14:59:23'),(2897,1,360783662,2,'2013-11-27 14:59:13','2013-11-27 14:59:13','2013-11-27 14:59:43'),(2898,1,360783662,2,'2013-11-27 14:59:33','2013-11-27 14:59:33','2013-11-27 15:00:03'),(2899,1,360783662,2,'2013-11-27 14:59:53','2013-11-27 14:59:53','2013-11-27 15:00:23'),(2900,1,360783662,2,'2013-11-27 15:00:13','2013-11-27 15:00:13','2013-11-27 15:00:43'),(2901,1,360783662,2,'2013-11-27 15:00:34','2013-11-27 15:00:34','2013-11-27 15:01:04'),(2902,1,360783662,2,'2013-11-27 15:00:53','2013-11-27 15:00:53','2013-11-27 15:01:23'),(2903,1,360783662,2,'2013-11-27 15:01:13','2013-11-27 15:01:13','2013-11-27 15:01:43'),(2904,1,360783662,2,'2013-11-27 15:01:33','2013-11-27 15:01:33','2013-11-27 15:02:03'),(2905,1,360783662,2,'2013-11-27 15:01:53','2013-11-27 15:01:53','2013-11-27 15:02:23'),(2906,1,360783662,2,'2013-11-27 15:02:14','2013-11-27 15:02:14','2013-11-27 15:02:44'),(2907,1,360783662,2,'2013-11-27 15:02:34','2013-11-27 15:02:34','2013-11-27 15:03:04'),(2908,1,360783662,2,'2013-11-27 15:02:54','2013-11-27 15:02:54','2013-11-27 15:03:24'),(2909,1,360783662,2,'2013-11-27 15:03:14','2013-11-27 15:03:14','2013-11-27 15:03:44'),(2910,1,360783662,2,'2013-11-27 15:03:33','2013-11-27 15:03:33','2013-11-27 15:04:03'),(2911,1,360783662,2,'2013-11-27 15:03:54','2013-11-27 15:03:54','2013-11-27 15:04:24'),(2912,1,360783662,2,'2013-11-27 15:04:14','2013-11-27 15:04:14','2013-11-27 15:04:44'),(2913,1,360783662,2,'2013-11-27 15:04:33','2013-11-27 15:04:33','2013-11-27 15:05:03'),(2914,1,360783662,2,'2013-11-27 15:04:53','2013-11-27 15:04:53','2013-11-27 15:05:23'),(2915,1,360783662,2,'2013-11-27 15:05:14','2013-11-27 15:05:14','2013-11-27 15:05:44'),(2916,1,360783662,2,'2013-11-27 15:05:33','2013-11-27 15:05:33','2013-11-27 15:06:03'),(2917,1,360783662,2,'2013-11-27 15:05:54','2013-11-27 15:05:54','2013-11-27 15:06:24'),(2918,1,360783662,2,'2013-11-27 15:06:14','2013-11-27 15:06:14','2013-11-27 15:06:44'),(2919,1,360783662,2,'2013-11-27 15:06:33','2013-11-27 15:06:33','2013-11-27 15:07:03'),(2920,1,360783662,2,'2013-11-27 15:06:53','2013-11-27 15:06:53','2013-11-27 15:07:23'),(2921,1,360783662,2,'2013-11-27 15:07:14','2013-11-27 15:07:14','2013-11-27 15:07:44'),(2922,1,360783662,2,'2013-11-27 15:07:34','2013-11-27 15:07:34','2013-11-27 15:08:04'),(2923,1,360783662,2,'2013-11-27 15:07:53','2013-11-27 15:07:53','2013-11-27 15:08:23'),(2924,1,360783662,2,'2013-11-27 15:08:14','2013-11-27 15:08:14','2013-11-27 15:08:44'),(2925,1,360783662,2,'2013-11-27 15:08:33','2013-11-27 15:08:33','2013-11-27 15:09:03'),(2926,1,360783662,2,'2013-11-27 15:08:54','2013-11-27 15:08:54','2013-11-27 15:09:24'),(2927,1,360783662,2,'2013-11-27 15:09:14','2013-11-27 15:09:14','2013-11-27 15:09:44'),(2928,1,360783662,2,'2013-11-27 15:09:33','2013-11-27 15:09:33','2013-11-27 15:10:03'),(2929,1,360783662,2,'2013-11-27 15:09:53','2013-11-27 15:09:53','2013-11-27 15:10:23'),(2930,1,360783662,2,'2013-11-27 15:10:14','2013-11-27 15:10:14','2013-11-27 15:10:44'),(2931,1,360783662,2,'2013-11-27 15:10:33','2013-11-27 15:10:33','2013-11-27 15:11:03'),(2932,1,360783662,2,'2013-11-27 15:10:54','2013-11-27 15:10:54','2013-11-27 15:11:24'),(2933,1,360783662,2,'2013-11-27 15:11:14','2013-11-27 15:11:14','2013-11-27 15:11:44'),(2934,1,360783662,2,'2013-11-27 15:11:34','2013-11-27 15:11:34','2013-11-27 15:12:04'),(2935,1,360783662,2,'2013-11-27 15:11:53','2013-11-27 15:11:53','2013-11-27 15:12:23'),(2936,1,360783662,2,'2013-11-27 15:12:14','2013-11-27 15:12:14','2013-11-27 15:12:44'),(2937,1,360783662,2,'2013-11-27 15:12:33','2013-11-27 15:12:33','2013-11-27 15:13:03'),(2938,1,360783662,2,'2013-11-27 15:12:54','2013-11-27 15:12:54','2013-11-27 15:13:24'),(2939,1,360783662,2,'2013-11-27 15:13:14','2013-11-27 15:13:14','2013-11-27 15:13:44'),(2940,1,360783662,2,'2013-11-27 15:13:34','2013-11-27 15:13:34','2013-11-27 15:14:04'),(2941,1,360783662,2,'2013-11-27 15:13:53','2013-11-27 15:13:53','2013-11-27 15:14:23'),(2942,1,360783662,2,'2013-11-27 15:14:14','2013-11-27 15:14:14','2013-11-27 15:14:44'),(2943,1,360783662,2,'2013-11-27 15:14:33','2013-11-27 15:14:33','2013-11-27 15:15:03'),(2944,1,360783662,2,'2013-11-27 15:14:53','2013-11-27 15:14:53','2013-11-27 15:15:23'),(2945,1,360783662,2,'2013-11-27 15:15:16','2013-11-27 15:15:16','2013-11-27 15:15:46'),(2946,1,360783662,2,'2013-11-27 15:15:33','2013-11-27 15:15:33','2013-11-27 15:16:03'),(2947,1,360783662,2,'2013-11-27 15:15:53','2013-11-27 15:15:53','2013-11-27 15:16:23'),(2948,1,360783662,2,'2013-11-27 15:16:14','2013-11-27 15:16:14','2013-11-27 15:16:44'),(2949,1,360783662,2,'2013-11-27 15:16:33','2013-11-27 15:16:33','2013-11-27 15:17:03'),(2950,1,360783662,2,'2013-11-27 15:16:53','2013-11-27 15:16:53','2013-11-27 15:17:23'),(2951,1,360783662,2,'2013-11-27 15:17:14','2013-11-27 15:17:14','2013-11-27 15:17:44'),(2952,1,360783662,2,'2013-11-27 15:17:33','2013-11-27 15:17:33','2013-11-27 15:18:03'),(2953,1,360783662,2,'2013-11-27 15:17:54','2013-11-27 15:17:54','2013-11-27 15:18:24'),(2954,1,360783662,2,'2013-11-27 15:18:14','2013-11-27 15:18:14','2013-11-27 15:18:44'),(2955,1,360783662,2,'2013-11-27 15:18:33','2013-11-27 15:18:33','2013-11-27 15:19:03'),(2956,1,360783662,2,'2013-11-27 15:18:53','2013-11-27 15:18:53','2013-11-27 15:19:23'),(2957,1,360783662,2,'2013-11-27 15:19:14','2013-11-27 15:19:14','2013-11-27 15:19:44'),(2958,1,360783662,2,'2013-11-27 15:19:33','2013-11-27 15:19:33','2013-11-27 15:20:03'),(2959,1,360783662,2,'2013-11-27 15:19:53','2013-11-27 15:19:53','2013-11-27 15:20:23'),(2960,1,360783662,2,'2013-11-27 15:20:13','2013-11-27 15:20:13','2013-11-27 15:20:43'),(2961,1,360783662,2,'2013-11-27 15:20:33','2013-11-27 15:20:33','2013-11-27 15:21:03'),(2962,1,360783662,2,'2013-11-27 15:20:53','2013-11-27 15:20:53','2013-11-27 15:21:23'),(2963,1,360783662,2,'2013-11-27 15:21:13','2013-11-27 15:21:13','2013-11-27 15:21:43'),(2964,1,360783662,2,'2013-11-27 15:21:33','2013-11-27 15:21:33','2013-11-27 15:22:03'),(2965,1,360783662,2,'2013-11-27 15:21:53','2013-11-27 15:21:53','2013-11-27 15:22:23'),(2966,1,360783662,2,'2013-11-27 15:22:13','2013-11-27 15:22:13','2013-11-27 15:22:43'),(2967,1,360783662,2,'2013-11-27 15:22:33','2013-11-27 15:22:33','2013-11-27 15:23:03'),(2968,1,360783662,2,'2013-11-27 15:22:54','2013-11-27 15:22:54','2013-11-27 15:23:24'),(2969,1,360783662,2,'2013-11-27 15:23:14','2013-11-27 15:23:14','2013-11-27 15:23:44'),(2970,1,360783662,2,'2013-11-27 15:23:34','2013-11-27 15:23:34','2013-11-27 15:24:04'),(2971,1,360783662,2,'2013-11-27 15:23:53','2013-11-27 15:23:53','2013-11-27 15:24:23'),(2972,1,360783662,2,'2013-11-27 15:24:13','2013-11-27 15:24:13','2013-11-27 15:24:43'),(2978,1,999259655,2,'2013-11-27 15:25:03','2013-11-27 15:25:03','2013-11-27 15:25:33'),(2979,1,360783662,2,'2013-11-27 15:25:13','2013-11-27 15:25:13','2013-11-27 15:25:43'),(2980,1,999259655,2,'2013-11-27 15:25:18','2013-11-27 15:25:18','2013-11-27 15:25:48'),(2981,1,360783662,2,'2013-11-27 15:25:33','2013-11-27 15:25:33','2013-11-27 15:26:03'),(2982,1,999259655,2,'2013-11-27 15:25:38','2013-11-27 15:25:38','2013-11-27 15:26:08'),(2983,1,360783662,2,'2013-11-27 15:25:53','2013-11-27 15:25:53','2013-11-27 15:26:23'),(2984,1,999259655,2,'2013-11-27 15:25:58','2013-11-27 15:25:58','2013-11-27 15:26:28'),(2985,1,360783662,2,'2013-11-27 15:26:13','2013-11-27 15:26:13','2013-11-27 15:26:43'),(2986,1,999259655,2,'2013-11-27 15:26:18','2013-11-27 15:26:18','2013-11-27 15:26:48'),(2987,1,360783662,2,'2013-11-27 15:26:33','2013-11-27 15:26:33','2013-11-27 15:27:03'),(2988,1,999259655,2,'2013-11-27 15:26:38','2013-11-27 15:26:38','2013-11-27 15:27:08'),(2989,1,360783662,2,'2013-11-27 15:26:53','2013-11-27 15:26:53','2013-11-27 15:27:23'),(2990,1,999259655,2,'2013-11-27 15:26:58','2013-11-27 15:26:58','2013-11-27 15:27:28'),(2991,1,360783662,2,'2013-11-27 15:27:13','2013-11-27 15:27:13','2013-11-27 15:27:43'),(2992,1,999259655,2,'2013-11-27 15:27:18','2013-11-27 15:27:18','2013-11-27 15:27:48'),(2993,1,360783662,2,'2013-11-27 15:27:33','2013-11-27 15:27:33','2013-11-27 15:28:03'),(2994,1,999259655,2,'2013-11-27 15:27:38','2013-11-27 15:27:38','2013-11-27 15:28:08'),(2995,1,360783662,2,'2013-11-27 15:27:54','2013-11-27 15:27:54','2013-11-27 15:28:24'),(2996,1,999259655,2,'2013-11-27 15:27:58','2013-11-27 15:27:58','2013-11-27 15:28:28'),(2997,1,360783662,2,'2013-11-27 15:28:14','2013-11-27 15:28:14','2013-11-27 15:28:44'),(2998,1,999259655,2,'2013-11-27 15:28:18','2013-11-27 15:28:18','2013-11-27 15:28:48'),(2999,1,360783662,2,'2013-11-27 15:28:34','2013-11-27 15:28:34','2013-11-27 15:29:04'),(3000,1,999259655,2,'2013-11-27 15:28:38','2013-11-27 15:28:38','2013-11-27 15:29:08'),(3001,1,360783662,2,'2013-11-27 15:28:53','2013-11-27 15:28:53','2013-11-27 15:29:23'),(3002,1,999259655,2,'2013-11-27 15:28:58','2013-11-27 15:28:58','2013-11-27 15:29:28'),(3003,1,360783662,2,'2013-11-27 15:29:13','2013-11-27 15:29:13','2013-11-27 15:29:43'),(3004,1,999259655,2,'2013-11-27 15:29:18','2013-11-27 15:29:18','2013-11-27 15:29:48'),(3005,1,360783662,2,'2013-11-27 15:29:34','2013-11-27 15:29:34','2013-11-27 15:30:04'),(3006,1,999259655,2,'2013-11-27 15:29:38','2013-11-27 15:29:38','2013-11-27 15:30:08'),(3007,1,360783662,2,'2013-11-27 15:29:54','2013-11-27 15:29:54','2013-11-27 15:30:24'),(3008,1,999259655,2,'2013-11-27 15:29:58','2013-11-27 15:29:58','2013-11-27 15:30:28'),(3009,1,360783662,2,'2013-11-27 15:30:14','2013-11-27 15:30:14','2013-11-27 15:30:44'),(3010,1,999259655,2,'2013-11-27 15:30:18','2013-11-27 15:30:18','2013-11-27 15:30:48'),(3011,1,360783662,2,'2013-11-27 15:30:33','2013-11-27 15:30:33','2013-11-27 15:31:03'),(3012,1,999259655,2,'2013-11-27 15:30:38','2013-11-27 15:30:38','2013-11-27 15:31:08'),(3013,1,360783662,2,'2013-11-27 15:30:53','2013-11-27 15:30:53','2013-11-27 15:31:23'),(3014,1,999259655,2,'2013-11-27 15:30:58','2013-11-27 15:30:58','2013-11-27 15:31:28'),(3015,1,360783662,2,'2013-11-27 15:31:13','2013-11-27 15:31:13','2013-11-27 15:31:43'),(3016,1,999259655,2,'2013-11-27 15:31:18','2013-11-27 15:31:18','2013-11-27 15:31:48'),(3017,1,360783662,2,'2013-11-27 15:31:33','2013-11-27 15:31:33','2013-11-27 15:32:03'),(3018,1,999259655,2,'2013-11-27 15:31:38','2013-11-27 15:31:38','2013-11-27 15:32:08'),(3019,1,360783662,2,'2013-11-27 15:31:53','2013-11-27 15:31:53','2013-11-27 15:32:23'),(3020,1,999259655,2,'2013-11-27 15:31:58','2013-11-27 15:31:58','2013-11-27 15:32:28'),(3021,1,360783662,2,'2013-11-27 15:32:13','2013-11-27 15:32:13','2013-11-27 15:32:43'),(3022,1,999259655,2,'2013-11-27 15:32:18','2013-11-27 15:32:18','2013-11-27 15:32:48'),(3023,1,360783662,2,'2013-11-27 15:32:34','2013-11-27 15:32:34','2013-11-27 15:33:04'),(3024,1,999259655,2,'2013-11-27 15:32:38','2013-11-27 15:32:38','2013-11-27 15:33:08'),(3025,1,360783662,2,'2013-11-27 15:32:54','2013-11-27 15:32:54','2013-11-27 15:33:24'),(3026,1,999259655,2,'2013-11-27 15:32:58','2013-11-27 15:32:58','2013-11-27 15:33:28'),(3027,1,360783662,2,'2013-11-27 15:33:14','2013-11-27 15:33:14','2013-11-27 15:33:44'),(3028,1,999259655,2,'2013-11-27 15:33:18','2013-11-27 15:33:18','2013-11-27 15:33:48'),(3029,1,360783662,2,'2013-11-27 15:33:34','2013-11-27 15:33:34','2013-11-27 15:34:04'),(3030,1,999259655,2,'2013-11-27 15:33:38','2013-11-27 15:33:38','2013-11-27 15:34:08'),(3031,1,360783662,2,'2013-11-27 15:33:53','2013-11-27 15:33:53','2013-11-27 15:34:23'),(3032,1,999259655,2,'2013-11-27 15:33:58','2013-11-27 15:33:58','2013-11-27 15:34:28'),(3033,1,360783662,2,'2013-11-27 15:34:14','2013-11-27 15:34:14','2013-11-27 15:34:44'),(3034,1,999259655,2,'2013-11-27 15:34:18','2013-11-27 15:34:18','2013-11-27 15:34:48'),(3035,1,360783662,2,'2013-11-27 15:34:33','2013-11-27 15:34:33','2013-11-27 15:35:03'),(3036,1,999259655,2,'2013-11-27 15:34:38','2013-11-27 15:34:38','2013-11-27 15:35:08'),(3037,1,360783662,2,'2013-11-27 15:34:54','2013-11-27 15:34:54','2013-11-27 15:35:24'),(3038,1,999259655,2,'2013-11-27 15:34:58','2013-11-27 15:34:58','2013-11-27 15:35:28'),(3039,1,360783662,2,'2013-11-27 15:35:13','2013-11-27 15:35:13','2013-11-27 15:35:43'),(3040,1,999259655,2,'2013-11-27 15:35:18','2013-11-27 15:35:18','2013-11-27 15:35:48'),(3041,1,360783662,2,'2013-11-27 15:35:33','2013-11-27 15:35:33','2013-11-27 15:36:03'),(3042,1,999259655,2,'2013-11-27 15:35:38','2013-11-27 15:35:38','2013-11-27 15:36:08'),(3043,1,360783662,2,'2013-11-27 15:35:53','2013-11-27 15:35:53','2013-11-27 15:36:23'),(3044,1,999259655,2,'2013-11-27 15:35:58','2013-11-27 15:35:58','2013-11-27 15:36:28'),(3045,1,360783662,2,'2013-11-27 15:36:14','2013-11-27 15:36:14','2013-11-27 15:36:44'),(3046,1,999259655,2,'2013-11-27 15:36:18','2013-11-27 15:36:18','2013-11-27 15:36:48'),(3047,1,360783662,2,'2013-11-27 15:36:34','2013-11-27 15:36:34','2013-11-27 15:37:04'),(3048,1,999259655,2,'2013-11-27 15:36:38','2013-11-27 15:36:38','2013-11-27 15:37:08'),(3049,1,360783662,2,'2013-11-27 15:36:53','2013-11-27 15:36:53','2013-11-27 15:37:23'),(3050,1,999259655,2,'2013-11-27 15:36:58','2013-11-27 15:36:58','2013-11-27 15:37:28'),(3051,1,360783662,2,'2013-11-27 15:37:13','2013-11-27 15:37:13','2013-11-27 15:37:43'),(3052,1,999259655,2,'2013-11-27 15:37:18','2013-11-27 15:37:18','2013-11-27 15:37:48'),(3053,1,360783662,2,'2013-11-27 15:37:34','2013-11-27 15:37:34','2013-11-27 15:38:04'),(3054,1,999259655,2,'2013-11-27 15:37:38','2013-11-27 15:37:38','2013-11-27 15:38:08'),(3055,1,360783662,2,'2013-11-27 15:37:54','2013-11-27 15:37:54','2013-11-27 15:38:24'),(3056,1,999259655,2,'2013-11-27 15:37:58','2013-11-27 15:37:58','2013-11-27 15:38:28'),(3057,1,360783662,2,'2013-11-27 15:38:13','2013-11-27 15:38:13','2013-11-27 15:38:43'),(3058,1,999259655,2,'2013-11-27 15:38:18','2013-11-27 15:38:18','2013-11-27 15:38:48'),(3059,1,360783662,2,'2013-11-27 15:38:33','2013-11-27 15:38:33','2013-11-27 15:39:03'),(3060,1,999259655,2,'2013-11-27 15:38:38','2013-11-27 15:38:38','2013-11-27 15:39:08'),(3061,1,360783662,2,'2013-11-27 15:38:54','2013-11-27 15:38:54','2013-11-27 15:39:23'),(3062,1,999259655,2,'2013-11-27 15:38:58','2013-11-27 15:38:58','2013-11-27 15:39:28'),(3063,1,360783662,2,'2013-11-27 15:39:13','2013-11-27 15:39:13','2013-11-27 15:39:43'),(3064,1,999259655,2,'2013-11-27 15:39:18','2013-11-27 15:39:18','2013-11-27 15:39:48'),(3065,1,360783662,2,'2013-11-27 15:39:33','2013-11-27 15:39:33','2013-11-27 15:40:03'),(3066,1,999259655,2,'2013-11-27 15:39:38','2013-11-27 15:39:38','2013-11-27 15:40:08'),(3067,1,360783662,2,'2013-11-27 15:39:54','2013-11-27 15:39:54','2013-11-27 15:40:24'),(3068,1,999259655,2,'2013-11-27 15:39:58','2013-11-27 15:39:58','2013-11-27 15:40:28'),(3069,1,360783662,2,'2013-11-27 15:40:13','2013-11-27 15:40:13','2013-11-27 15:40:43'),(3070,1,999259655,2,'2013-11-27 15:40:18','2013-11-27 15:40:18','2013-11-27 15:40:48'),(3071,1,360783662,2,'2013-11-27 15:40:33','2013-11-27 15:40:33','2013-11-27 15:41:03'),(3072,1,999259655,2,'2013-11-27 15:40:38','2013-11-27 15:40:38','2013-11-27 15:41:08'),(3073,1,360783662,2,'2013-11-27 15:40:54','2013-11-27 15:40:54','2013-11-27 15:41:23'),(3074,1,999259655,2,'2013-11-27 15:40:58','2013-11-27 15:40:58','2013-11-27 15:41:28'),(3075,1,360783662,2,'2013-11-27 15:41:13','2013-11-27 15:41:13','2013-11-27 15:41:43'),(3076,1,999259655,2,'2013-11-27 15:41:18','2013-11-27 15:41:18','2013-11-27 15:41:48'),(3077,1,360783662,2,'2013-11-27 15:41:33','2013-11-27 15:41:33','2013-11-27 15:42:03'),(3078,1,999259655,2,'2013-11-27 15:41:38','2013-11-27 15:41:38','2013-11-27 15:42:08'),(3079,1,360783662,2,'2013-11-27 15:41:54','2013-11-27 15:41:54','2013-11-27 15:42:24'),(3080,1,999259655,2,'2013-11-27 15:41:58','2013-11-27 15:41:58','2013-11-27 15:42:28'),(3081,1,360783662,2,'2013-11-27 15:42:14','2013-11-27 15:42:14','2013-11-27 15:42:44'),(3082,1,999259655,2,'2013-11-27 15:42:18','2013-11-27 15:42:18','2013-11-27 15:42:48'),(3083,1,360783662,2,'2013-11-27 15:42:33','2013-11-27 15:42:33','2013-11-27 15:43:03'),(3084,1,999259655,2,'2013-11-27 15:42:38','2013-11-27 15:42:38','2013-11-27 15:43:08'),(3085,1,360783662,2,'2013-11-27 15:42:53','2013-11-27 15:42:53','2013-11-27 15:43:23'),(3086,1,999259655,2,'2013-11-27 15:42:58','2013-11-27 15:42:58','2013-11-27 15:43:28'),(3087,1,360783662,2,'2013-11-27 15:43:13','2013-11-27 15:43:13','2013-11-27 15:43:43'),(3088,1,999259655,2,'2013-11-27 15:43:18','2013-11-27 15:43:18','2013-11-27 15:43:48'),(3089,1,360783662,2,'2013-11-27 15:43:33','2013-11-27 15:43:33','2013-11-27 15:44:03'),(3090,1,999259655,2,'2013-11-27 15:43:38','2013-11-27 15:43:38','2013-11-27 15:44:08'),(3091,1,360783662,2,'2013-11-27 15:43:53','2013-11-27 15:43:53','2013-11-27 15:44:23'),(3092,1,999259655,2,'2013-11-27 15:43:58','2013-11-27 15:43:58','2013-11-27 15:44:28'),(3093,1,360783662,2,'2013-11-27 15:44:14','2013-11-27 15:44:14','2013-11-27 15:44:44'),(3094,1,999259655,2,'2013-11-27 15:44:18','2013-11-27 15:44:18','2013-11-27 15:44:48'),(3095,1,360783662,2,'2013-11-27 15:44:34','2013-11-27 15:44:34','2013-11-27 15:45:04'),(3096,1,999259655,2,'2013-11-27 15:44:38','2013-11-27 15:44:38','2013-11-27 15:45:08'),(3097,1,360783662,2,'2013-11-27 15:44:55','2013-11-27 15:44:55','2013-11-27 15:45:25'),(3098,1,999259655,2,'2013-11-27 15:44:58','2013-11-27 15:44:58','2013-11-27 15:45:28'),(3099,1,360783662,2,'2013-11-27 15:45:13','2013-11-27 15:45:13','2013-11-27 15:45:43'),(3100,1,999259655,2,'2013-11-27 15:45:18','2013-11-27 15:45:18','2013-11-27 15:45:48'),(3101,1,360783662,2,'2013-11-27 15:45:34','2013-11-27 15:45:34','2013-11-27 15:46:04'),(3102,1,999259655,2,'2013-11-27 15:45:38','2013-11-27 15:45:38','2013-11-27 15:46:08'),(3103,1,360783662,2,'2013-11-27 15:45:53','2013-11-27 15:45:53','2013-11-27 15:46:23'),(3104,1,999259655,2,'2013-11-27 15:45:58','2013-11-27 15:45:58','2013-11-27 15:46:28'),(3105,1,360783662,2,'2013-11-27 15:46:13','2013-11-27 15:46:13','2013-11-27 15:46:43'),(3106,1,999259655,2,'2013-11-27 15:46:18','2013-11-27 15:46:18','2013-11-27 15:46:48'),(3107,1,360783662,2,'2013-11-27 15:46:34','2013-11-27 15:46:34','2013-11-27 15:47:04'),(3114,1,360783662,2,'2013-11-27 15:47:14','2013-11-27 15:47:14','2013-11-27 15:47:44'),(3118,1,999259655,2,'2013-12-04 12:16:09','2013-12-04 12:16:09','2013-12-04 12:16:39'),(3141,1,999259655,2,'2013-12-04 16:27:03','2013-12-04 16:27:03','2013-12-04 16:57:03'),(3142,1,579219391,2,'2013-12-04 16:27:03','2013-12-04 16:27:03','2013-12-04 16:57:03'),(3143,1,360783662,2,'2013-12-04 16:27:03','2013-12-04 16:27:03','2013-12-04 16:57:03'),(3150,1,999259655,2,'2013-12-04 16:47:20','2013-12-04 16:47:20','2013-12-04 17:17:20'),(3151,1,579219391,2,'2013-12-04 16:47:20','2013-12-04 16:47:20','2013-12-04 17:17:20'),(3152,1,360783662,2,'2013-12-04 16:47:20','2013-12-04 16:47:20','2013-12-04 17:17:20'),(3153,1,999259655,2,'2013-12-04 16:50:12','2013-12-04 16:50:12','2013-12-04 17:20:12'),(3154,1,579219391,2,'2013-12-04 16:50:12','2013-12-04 16:50:12','2013-12-04 17:20:12'),(3155,1,360783662,2,'2013-12-04 16:50:12','2013-12-04 16:50:12','2013-12-04 17:20:12'),(3156,1,999259655,2,'2013-12-04 16:50:18','2013-12-04 16:50:18','2013-12-04 17:20:18'),(3157,1,579219391,2,'2013-12-04 16:50:18','2013-12-04 16:50:18','2013-12-04 17:20:18'),(3158,1,360783662,2,'2013-12-04 16:50:18','2013-12-04 16:50:18','2013-12-04 17:20:18'),(3159,1,999259655,2,'2013-12-04 16:54:19','2013-12-04 16:54:19','2013-12-04 17:24:19'),(3160,1,579219391,2,'2013-12-04 16:54:19','2013-12-04 16:54:19','2013-12-04 17:24:19'),(3161,1,360783662,2,'2013-12-04 16:54:19','2013-12-04 16:54:19','2013-12-04 17:24:19'),(3162,1,999259655,2,'2013-12-04 16:54:38','2013-12-04 16:54:38','2013-12-04 17:24:38'),(3163,1,579219391,2,'2013-12-04 16:54:38','2013-12-04 16:54:38','2013-12-04 17:24:38'),(3164,1,360783662,2,'2013-12-04 16:54:38','2013-12-04 16:54:38','2013-12-04 17:24:38'),(3174,1,999259655,2,'2013-12-04 17:44:12','2013-12-04 17:44:12','2013-12-04 18:14:12'),(3175,1,579219391,2,'2013-12-04 17:44:12','2013-12-04 17:44:12','2013-12-04 18:14:12'),(3176,1,360783662,2,'2013-12-04 17:44:12','2013-12-04 17:44:12','2013-12-04 18:14:12'),(3213,1,999259655,2,'2013-12-04 18:13:34','2013-12-04 18:13:34','2013-12-04 18:43:34'),(3214,1,579219391,2,'2013-12-04 18:13:34','2013-12-04 18:13:34','2013-12-04 18:43:34'),(3215,1,360783662,2,'2013-12-04 18:13:34','2013-12-04 18:13:34','2013-12-04 18:43:34'),(3219,1,999259655,2,'2013-12-04 18:18:30','2013-12-04 18:18:30','2013-12-04 18:48:30'),(3220,1,579219391,2,'2013-12-04 18:18:30','2013-12-04 18:18:30','2013-12-04 18:48:30'),(3221,1,360783662,2,'2013-12-04 18:18:30','2013-12-04 18:18:30','2013-12-04 18:48:30'),(3222,1,999259655,2,'2013-12-04 18:19:11','2013-12-04 18:19:11','2013-12-04 18:49:11'),(3223,1,579219391,2,'2013-12-04 18:19:11','2013-12-04 18:19:11','2013-12-04 18:49:11'),(3224,1,360783662,2,'2013-12-04 18:19:11','2013-12-04 18:19:11','2013-12-04 18:49:11'),(3228,1,999259655,2,'2013-12-04 18:21:58','2013-12-04 18:21:58','2013-12-04 18:51:58'),(3229,1,579219391,2,'2013-12-04 18:21:58','2013-12-04 18:21:58','2013-12-04 18:51:58'),(3230,1,360783662,2,'2013-12-04 18:21:58','2013-12-04 18:21:58','2013-12-04 18:51:58'),(3237,1,999259655,2,'2013-12-04 18:27:07','2013-12-04 18:27:07','2013-12-04 18:57:07'),(3238,1,579219391,2,'2013-12-04 18:27:07','2013-12-04 18:27:07','2013-12-04 18:57:07'),(3239,1,360783662,2,'2013-12-04 18:27:07','2013-12-04 18:27:07','2013-12-04 18:57:07'),(3243,1,999259655,2,'2013-12-04 18:29:53','2013-12-04 18:29:53','2013-12-04 18:59:53'),(3244,1,579219391,2,'2013-12-04 18:29:53','2013-12-04 18:29:53','2013-12-04 18:59:53'),(3245,1,360783662,2,'2013-12-04 18:29:53','2013-12-04 18:29:53','2013-12-04 18:59:53'),(3246,1,999259655,2,'2013-12-04 18:30:05','2013-12-04 18:30:05','2013-12-04 19:00:05'),(3247,1,579219391,2,'2013-12-04 18:30:05','2013-12-04 18:30:05','2013-12-04 19:00:05'),(3248,1,360783662,2,'2013-12-04 18:30:05','2013-12-04 18:30:05','2013-12-04 19:00:05'),(3252,1,999259655,2,'2013-12-04 18:31:25','2013-12-04 18:31:25','2013-12-04 19:01:25'),(3253,1,579219391,2,'2013-12-04 18:31:25','2013-12-04 18:31:25','2013-12-04 19:01:25'),(3254,1,360783662,2,'2013-12-04 18:31:25','2013-12-04 18:31:25','2013-12-04 19:01:25'),(3258,1,999259655,2,'2013-12-04 18:33:08','2013-12-04 18:33:08','2013-12-04 19:03:08'),(3259,1,579219391,2,'2013-12-04 18:33:08','2013-12-04 18:33:08','2013-12-04 19:03:08'),(3260,1,360783662,2,'2013-12-04 18:33:08','2013-12-04 18:33:08','2013-12-04 19:03:08'),(3267,1,999259655,2,'2013-12-04 18:35:11','2013-12-04 18:35:11','2013-12-04 19:05:11'),(3268,1,579219391,2,'2013-12-04 18:35:11','2013-12-04 18:35:11','2013-12-04 19:05:11'),(3269,1,360783662,2,'2013-12-04 18:35:11','2013-12-04 18:35:11','2013-12-04 19:05:11'),(3282,1,969523294,3,'2013-12-05 11:32:08','2013-12-05 11:32:08','2013-12-05 11:32:38'),(3283,1,969523294,3,'2013-12-05 11:32:22','2013-12-05 11:32:22','2013-12-05 11:32:52'),(3284,1,969523294,3,'2013-12-05 11:32:42','2013-12-05 11:32:42','2013-12-05 11:33:12'),(3285,1,969523294,3,'2013-12-05 11:33:02','2013-12-05 11:33:02','2013-12-05 11:33:32'),(3286,1,969523294,3,'2013-12-05 11:33:22','2013-12-05 11:33:22','2013-12-05 11:33:52'),(3287,1,969523294,3,'2013-12-05 11:33:42','2013-12-05 11:33:42','2013-12-05 11:34:12'),(3288,1,969523294,3,'2013-12-05 11:34:02','2013-12-05 11:34:02','2013-12-05 11:34:32'),(3289,1,969523294,3,'2013-12-05 11:34:22','2013-12-05 11:34:22','2013-12-05 11:34:52'),(3290,1,969523294,3,'2013-12-05 11:34:42','2013-12-05 11:34:42','2013-12-05 11:35:12'),(3291,1,969523294,3,'2013-12-05 11:35:02','2013-12-05 11:35:02','2013-12-05 11:35:32'),(3292,1,969523294,3,'2013-12-05 11:35:22','2013-12-05 11:35:22','2013-12-05 11:35:52'),(3293,1,969523294,3,'2013-12-05 11:35:42','2013-12-05 11:35:42','2013-12-05 11:36:12'),(3294,1,969523294,3,'2013-12-05 11:36:02','2013-12-05 11:36:02','2013-12-05 11:36:32'),(3295,1,969523294,3,'2013-12-05 11:36:22','2013-12-05 11:36:22','2013-12-05 11:36:52'),(3296,1,969523294,3,'2013-12-05 11:36:42','2013-12-05 11:36:42','2013-12-05 11:37:12'),(3297,1,969523294,3,'2013-12-05 11:37:02','2013-12-05 11:37:02','2013-12-05 11:37:32'),(3298,1,969523294,3,'2013-12-05 11:37:22','2013-12-05 11:37:22','2013-12-05 11:37:52'),(3299,1,969523294,3,'2013-12-05 11:37:42','2013-12-05 11:37:42','2013-12-05 11:38:12'),(3300,1,969523294,3,'2013-12-05 11:38:02','2013-12-05 11:38:02','2013-12-05 11:38:32'),(3301,1,969523294,3,'2013-12-05 11:38:22','2013-12-05 11:38:22','2013-12-05 11:38:52'),(3302,1,969523294,3,'2013-12-05 11:38:42','2013-12-05 11:38:42','2013-12-05 11:39:12'),(3303,1,969523294,3,'2013-12-05 11:39:02','2013-12-05 11:39:02','2013-12-05 11:39:32'),(3304,1,969523294,3,'2013-12-05 11:39:22','2013-12-05 11:39:22','2013-12-05 11:39:52'),(3305,1,969523294,3,'2013-12-05 11:39:42','2013-12-05 11:39:42','2013-12-05 11:40:12'),(3306,1,969523294,3,'2013-12-05 11:40:02','2013-12-05 11:40:02','2013-12-05 11:40:32'),(3307,1,969523294,3,'2013-12-05 11:40:22','2013-12-05 11:40:22','2013-12-05 11:40:52'),(3308,1,969523294,3,'2013-12-05 11:40:42','2013-12-05 11:40:42','2013-12-05 11:41:12'),(3309,1,969523294,3,'2013-12-05 11:41:02','2013-12-05 11:41:02','2013-12-05 11:41:32'),(3310,1,969523294,3,'2013-12-05 11:41:38','2013-12-05 11:41:38','2013-12-05 11:42:08'),(3311,1,969523294,3,'2013-12-05 11:41:53','2013-12-05 11:41:53','2013-12-05 11:42:23'),(3312,1,969523294,3,'2013-12-05 11:42:13','2013-12-05 11:42:13','2013-12-05 11:42:43'),(3313,1,969523294,3,'2013-12-05 11:42:33','2013-12-05 11:42:33','2013-12-05 11:43:03'),(3314,1,969523294,3,'2013-12-05 11:42:53','2013-12-05 11:42:53','2013-12-05 11:43:23'),(3315,1,969523294,3,'2013-12-05 11:43:13','2013-12-05 11:43:13','2013-12-05 11:43:43'),(3316,1,969523294,3,'2013-12-05 11:43:33','2013-12-05 11:43:33','2013-12-05 11:44:03'),(3317,1,969523294,3,'2013-12-05 11:43:53','2013-12-05 11:43:53','2013-12-05 11:44:23'),(3318,1,969523294,3,'2013-12-05 11:44:13','2013-12-05 11:44:13','2013-12-05 11:44:43'),(3329,1,969523294,3,'2013-12-05 11:44:52','2013-12-05 11:44:52','2013-12-05 11:45:22'),(3349,1,969523294,25,'2013-12-05 11:45:52','2013-12-05 11:45:52','2013-12-05 11:46:22'),(3350,1,969523294,25,'2013-12-05 11:46:08','2013-12-05 11:46:08','2013-12-05 11:46:38'),(3351,1,969523294,25,'2013-12-05 11:46:28','2013-12-05 11:46:28','2013-12-05 11:46:58'),(3352,1,969523294,25,'2013-12-05 11:46:48','2013-12-05 11:46:48','2013-12-05 11:47:18'),(3353,1,969523294,25,'2013-12-05 11:47:08','2013-12-05 11:47:08','2013-12-05 11:47:38'),(3354,1,969523294,25,'2013-12-05 11:47:28','2013-12-05 11:47:28','2013-12-05 11:47:58'),(3355,1,969523294,25,'2013-12-05 11:47:48','2013-12-05 11:47:48','2013-12-05 11:48:18'),(3356,1,969523294,25,'2013-12-05 11:48:08','2013-12-05 11:48:08','2013-12-05 11:48:38'),(3357,1,969523294,25,'2013-12-05 11:48:28','2013-12-05 11:48:28','2013-12-05 11:48:58'),(3358,1,969523294,25,'2013-12-05 11:48:48','2013-12-05 11:48:48','2013-12-05 11:49:18'),(3359,1,969523294,25,'2013-12-05 11:49:08','2013-12-05 11:49:08','2013-12-05 11:49:38'),(3360,1,969523294,25,'2013-12-05 11:49:28','2013-12-05 11:49:28','2013-12-05 11:49:58'),(3361,1,969523294,25,'2013-12-05 11:49:48','2013-12-05 11:49:48','2013-12-05 11:50:18'),(3362,1,969523294,25,'2013-12-05 11:50:08','2013-12-05 11:50:08','2013-12-05 11:50:38'),(3363,1,969523294,25,'2013-12-05 11:50:28','2013-12-05 11:50:28','2013-12-05 11:50:58'),(3364,1,969523294,25,'2013-12-05 11:50:48','2013-12-05 11:50:48','2013-12-05 11:51:18'),(3365,1,969523294,25,'2013-12-05 11:51:08','2013-12-05 11:51:08','2013-12-05 11:51:38'),(3366,1,969523294,25,'2013-12-05 11:51:28','2013-12-05 11:51:28','2013-12-05 11:51:58'),(3367,1,969523294,25,'2013-12-05 11:51:48','2013-12-05 11:51:48','2013-12-05 11:52:18'),(3368,1,969523294,25,'2013-12-05 11:52:08','2013-12-05 11:52:08','2013-12-05 11:52:38'),(3369,1,969523294,25,'2013-12-05 11:52:28','2013-12-05 11:52:28','2013-12-05 11:52:58'),(3380,1,969523294,25,'2013-12-05 11:53:08','2013-12-05 11:53:08','2013-12-05 11:53:38'),(3381,1,969523294,25,'2013-12-05 11:53:23','2013-12-05 11:53:23','2013-12-05 11:53:53'),(3393,1,969523294,25,'2013-12-05 11:54:17','2013-12-05 11:54:17','2013-12-05 11:54:47'),(3394,1,969523294,25,'2013-12-05 11:54:32','2013-12-05 11:54:32','2013-12-05 11:55:02'),(3395,1,969523294,25,'2013-12-05 11:54:52','2013-12-05 11:54:52','2013-12-05 11:55:22'),(3396,1,969523294,25,'2013-12-05 11:55:12','2013-12-05 11:55:12','2013-12-05 11:55:42'),(3397,1,969523294,25,'2013-12-05 11:55:32','2013-12-05 11:55:32','2013-12-05 11:56:02'),(3430,1,969523294,25,'2013-12-05 11:57:11','2013-12-05 11:57:11','2013-12-05 11:57:41'),(3431,1,969523294,25,'2013-12-05 11:57:26','2013-12-05 11:57:26','2013-12-05 11:57:56'),(3432,1,969523294,25,'2013-12-05 11:57:46','2013-12-05 11:57:46','2013-12-05 11:58:16'),(3433,1,969523294,25,'2013-12-05 11:58:06','2013-12-05 11:58:06','2013-12-05 11:58:36'),(3434,1,969523294,25,'2013-12-05 11:58:26','2013-12-05 11:58:26','2013-12-05 11:58:56'),(3435,1,969523294,25,'2013-12-05 11:58:46','2013-12-05 11:58:46','2013-12-05 11:59:16'),(3436,1,969523294,25,'2013-12-05 11:59:06','2013-12-05 11:59:06','2013-12-05 11:59:36'),(3437,1,969523294,25,'2013-12-05 11:59:26','2013-12-05 11:59:26','2013-12-05 11:59:56'),(3438,1,969523294,25,'2013-12-05 11:59:46','2013-12-05 11:59:46','2013-12-05 12:00:16'),(3439,1,969523294,25,'2013-12-05 12:00:06','2013-12-05 12:00:06','2013-12-05 12:00:36'),(3440,1,969523294,25,'2013-12-05 12:00:26','2013-12-05 12:00:26','2013-12-05 12:00:56'),(3441,1,969523294,25,'2013-12-05 12:00:46','2013-12-05 12:00:46','2013-12-05 12:01:16'),(3442,1,969523294,25,'2013-12-05 12:01:06','2013-12-05 12:01:06','2013-12-05 12:01:36'),(3443,1,969523294,25,'2013-12-05 12:01:26','2013-12-05 12:01:26','2013-12-05 12:01:56'),(3444,1,969523294,25,'2013-12-05 12:01:46','2013-12-05 12:01:46','2013-12-05 12:02:16'),(3445,1,969523294,25,'2013-12-05 12:02:06','2013-12-05 12:02:06','2013-12-05 12:02:36'),(3446,1,969523294,25,'2013-12-05 12:02:26','2013-12-05 12:02:26','2013-12-05 12:02:56'),(3447,1,969523294,25,'2013-12-05 12:02:46','2013-12-05 12:02:46','2013-12-05 12:03:16'),(3458,1,969523294,25,'2013-12-05 12:03:27','2013-12-05 12:03:27','2013-12-05 12:03:57'),(3459,1,969523294,25,'2013-12-05 12:03:40','2013-12-05 12:03:40','2013-12-05 12:04:10'),(3460,1,969523294,25,'2013-12-05 12:04:00','2013-12-05 12:04:00','2013-12-05 12:04:30'),(3461,1,969523294,25,'2013-12-05 12:04:20','2013-12-05 12:04:20','2013-12-05 12:04:50'),(3462,1,969523294,25,'2013-12-05 12:04:40','2013-12-05 12:04:40','2013-12-05 12:05:10'),(3463,1,969523294,25,'2013-12-05 12:05:00','2013-12-05 12:05:00','2013-12-05 12:05:30'),(3464,1,969523294,25,'2013-12-05 12:05:20','2013-12-05 12:05:20','2013-12-05 12:05:50'),(3465,1,969523294,25,'2013-12-05 12:05:40','2013-12-05 12:05:40','2013-12-05 12:06:10'),(3466,1,969523294,25,'2013-12-05 12:06:00','2013-12-05 12:06:00','2013-12-05 12:06:30'),(3508,1,969523294,25,'2013-12-05 12:11:24','2013-12-05 12:11:24','2013-12-05 12:11:54'),(3509,1,969523294,25,'2013-12-05 12:11:27','2013-12-05 12:11:27','2013-12-05 12:11:57'),(3510,1,969523294,25,'2013-12-05 12:11:47','2013-12-05 12:11:47','2013-12-05 12:12:17'),(3511,1,969523294,25,'2013-12-05 12:12:07','2013-12-05 12:12:07','2013-12-05 12:12:37'),(3512,1,969523294,25,'2013-12-05 12:12:27','2013-12-05 12:12:27','2013-12-05 12:12:57'),(3513,1,969523294,25,'2013-12-05 12:12:47','2013-12-05 12:12:47','2013-12-05 12:13:17'),(3514,1,969523294,25,'2013-12-05 12:13:07','2013-12-05 12:13:07','2013-12-05 12:13:37'),(3515,1,969523294,25,'2013-12-05 12:13:27','2013-12-05 12:13:27','2013-12-05 12:13:57'),(3516,1,969523294,25,'2013-12-05 12:13:47','2013-12-05 12:13:47','2013-12-05 12:14:17'),(3517,1,969523294,25,'2013-12-05 12:14:07','2013-12-05 12:14:07','2013-12-05 12:14:37'),(3518,1,969523294,25,'2013-12-05 12:14:27','2013-12-05 12:14:27','2013-12-05 12:14:57'),(3519,1,969523294,25,'2013-12-05 12:14:47','2013-12-05 12:14:47','2013-12-05 12:15:17'),(3520,1,969523294,25,'2013-12-05 12:15:07','2013-12-05 12:15:07','2013-12-05 12:15:37'),(3521,1,969523294,25,'2013-12-05 12:15:27','2013-12-05 12:15:27','2013-12-05 12:15:57'),(3522,1,969523294,25,'2013-12-05 12:15:47','2013-12-05 12:15:47','2013-12-05 12:16:17'),(3523,1,969523294,25,'2013-12-05 12:16:07','2013-12-05 12:16:07','2013-12-05 12:16:37'),(3524,1,969523294,25,'2013-12-05 12:16:27','2013-12-05 12:16:27','2013-12-05 12:16:57'),(3525,1,969523294,25,'2013-12-05 12:16:47','2013-12-05 12:16:47','2013-12-05 12:17:17'),(3526,1,969523294,25,'2013-12-05 12:17:07','2013-12-05 12:17:07','2013-12-05 12:17:37'),(3527,1,969523294,25,'2013-12-05 12:17:27','2013-12-05 12:17:27','2013-12-05 12:17:57'),(3528,1,969523294,25,'2013-12-05 12:17:47','2013-12-05 12:17:47','2013-12-05 12:18:17'),(3529,1,969523294,25,'2013-12-05 12:18:07','2013-12-05 12:18:07','2013-12-05 12:18:37'),(3530,1,969523294,25,'2013-12-05 12:18:27','2013-12-05 12:18:27','2013-12-05 12:18:57'),(3531,1,969523294,25,'2013-12-05 12:18:47','2013-12-05 12:18:47','2013-12-05 12:19:17'),(3532,1,969523294,25,'2013-12-05 12:19:07','2013-12-05 12:19:07','2013-12-05 12:19:37'),(3533,1,969523294,25,'2013-12-05 12:19:27','2013-12-05 12:19:27','2013-12-05 12:19:57'),(3534,1,969523294,25,'2013-12-05 12:19:47','2013-12-05 12:19:47','2013-12-05 12:20:17'),(3535,1,969523294,25,'2013-12-05 12:20:07','2013-12-05 12:20:07','2013-12-05 12:20:37'),(3536,1,969523294,25,'2013-12-05 12:20:27','2013-12-05 12:20:27','2013-12-05 12:20:57'),(3537,1,969523294,25,'2013-12-05 12:20:47','2013-12-05 12:20:47','2013-12-05 12:21:17'),(3538,1,969523294,25,'2013-12-05 12:21:07','2013-12-05 12:21:07','2013-12-05 12:21:37'),(3539,1,969523294,25,'2013-12-05 12:21:27','2013-12-05 12:21:27','2013-12-05 12:21:57'),(3540,1,969523294,25,'2013-12-05 12:21:47','2013-12-05 12:21:47','2013-12-05 12:22:17'),(3541,1,969523294,25,'2013-12-05 12:22:07','2013-12-05 12:22:07','2013-12-05 12:22:37'),(3542,1,969523294,25,'2013-12-05 12:22:27','2013-12-05 12:22:27','2013-12-05 12:22:57'),(3543,1,969523294,25,'2013-12-05 12:22:47','2013-12-05 12:22:47','2013-12-05 12:23:17'),(3544,1,969523294,25,'2013-12-05 12:23:07','2013-12-05 12:23:07','2013-12-05 12:23:37'),(3545,1,969523294,25,'2013-12-05 12:23:27','2013-12-05 12:23:27','2013-12-05 12:23:57'),(3546,1,969523294,25,'2013-12-05 12:23:47','2013-12-05 12:23:47','2013-12-05 12:24:17'),(3547,1,969523294,25,'2013-12-05 12:24:07','2013-12-05 12:24:07','2013-12-05 12:24:37'),(3548,1,969523294,25,'2013-12-05 12:24:27','2013-12-05 12:24:27','2013-12-05 12:24:57'),(3549,1,969523294,25,'2013-12-05 12:24:47','2013-12-05 12:24:47','2013-12-05 12:25:17'),(3550,1,969523294,25,'2013-12-05 12:25:07','2013-12-05 12:25:07','2013-12-05 12:25:37'),(3551,1,969523294,25,'2013-12-05 12:25:27','2013-12-05 12:25:27','2013-12-05 12:25:57'),(3552,1,969523294,25,'2013-12-05 12:25:47','2013-12-05 12:25:47','2013-12-05 12:26:17'),(3553,1,969523294,25,'2013-12-05 12:26:07','2013-12-05 12:26:07','2013-12-05 12:26:37'),(3554,1,969523294,25,'2013-12-05 12:26:27','2013-12-05 12:26:27','2013-12-05 12:26:57'),(3555,1,969523294,25,'2013-12-05 12:26:47','2013-12-05 12:26:47','2013-12-05 12:27:17'),(3556,1,969523294,25,'2013-12-05 12:27:07','2013-12-05 12:27:07','2013-12-05 12:27:37'),(3557,1,969523294,25,'2013-12-05 12:27:27','2013-12-05 12:27:27','2013-12-05 12:27:57'),(3558,1,969523294,25,'2013-12-05 12:27:47','2013-12-05 12:27:47','2013-12-05 12:28:17'),(3559,1,969523294,25,'2013-12-05 12:28:07','2013-12-05 12:28:07','2013-12-05 12:28:37'),(3560,1,969523294,25,'2013-12-05 12:28:27','2013-12-05 12:28:27','2013-12-05 12:28:57'),(3561,1,969523294,25,'2013-12-05 12:28:47','2013-12-05 12:28:47','2013-12-05 12:29:17'),(3562,1,969523294,25,'2013-12-05 12:29:07','2013-12-05 12:29:07','2013-12-05 12:29:37'),(3563,1,969523294,25,'2013-12-05 12:29:27','2013-12-05 12:29:27','2013-12-05 12:29:57'),(3564,1,969523294,25,'2013-12-05 12:29:47','2013-12-05 12:29:47','2013-12-05 12:30:17'),(3565,1,969523294,25,'2013-12-05 12:30:07','2013-12-05 12:30:07','2013-12-05 12:30:37'),(3566,1,969523294,25,'2013-12-05 12:30:27','2013-12-05 12:30:27','2013-12-05 12:30:57'),(3567,1,969523294,25,'2013-12-05 12:30:47','2013-12-05 12:30:47','2013-12-05 12:31:17'),(3568,1,969523294,25,'2013-12-05 12:31:07','2013-12-05 12:31:07','2013-12-05 12:31:37'),(3569,1,969523294,25,'2013-12-05 12:31:27','2013-12-05 12:31:27','2013-12-05 12:31:57'),(3570,1,969523294,25,'2013-12-05 12:31:47','2013-12-05 12:31:47','2013-12-05 12:32:17'),(3571,1,969523294,25,'2013-12-05 12:32:07','2013-12-05 12:32:07','2013-12-05 12:32:37'),(3572,1,969523294,25,'2013-12-05 12:32:27','2013-12-05 12:32:27','2013-12-05 12:32:57'),(3573,1,969523294,25,'2013-12-05 12:32:47','2013-12-05 12:32:47','2013-12-05 12:33:17'),(3574,1,969523294,25,'2013-12-05 12:33:07','2013-12-05 12:33:07','2013-12-05 12:33:37'),(3575,1,969523294,25,'2013-12-05 12:33:27','2013-12-05 12:33:27','2013-12-05 12:33:57'),(3576,1,969523294,25,'2013-12-05 12:33:47','2013-12-05 12:33:47','2013-12-05 12:34:17'),(3577,1,969523294,25,'2013-12-05 12:34:07','2013-12-05 12:34:07','2013-12-05 12:34:37'),(3578,1,969523294,25,'2013-12-05 12:34:27','2013-12-05 12:34:27','2013-12-05 12:34:57'),(3579,1,969523294,25,'2013-12-05 12:34:47','2013-12-05 12:34:47','2013-12-05 12:35:17'),(3590,1,969523294,25,'2013-12-05 12:35:27','2013-12-05 12:35:27','2013-12-05 12:35:57'),(3591,1,969523294,25,'2013-12-05 12:35:42','2013-12-05 12:35:42','2013-12-05 12:36:12'),(3592,1,969523294,25,'2013-12-05 12:36:02','2013-12-05 12:36:02','2013-12-05 12:36:32'),(3593,1,969523294,25,'2013-12-05 12:36:22','2013-12-05 12:36:22','2013-12-05 12:36:52'),(3594,1,969523294,25,'2013-12-05 12:36:42','2013-12-05 12:36:42','2013-12-05 12:37:12'),(3595,1,969523294,25,'2013-12-05 12:37:02','2013-12-05 12:37:02','2013-12-05 12:37:32'),(3606,1,969523294,25,'2013-12-05 12:37:53','2013-12-05 12:37:53','2013-12-05 12:38:23'),(3607,1,969523294,25,'2013-12-05 12:38:08','2013-12-05 12:38:08','2013-12-05 12:38:38'),(3618,1,969523294,25,'2013-12-05 12:38:55','2013-12-05 12:38:55','2013-12-05 12:39:25'),(3638,1,969523294,25,'2013-12-05 12:39:53','2013-12-05 12:39:53','2013-12-05 12:40:23'),(3639,1,969523294,25,'2013-12-05 12:40:07','2013-12-05 12:40:07','2013-12-05 12:40:37'),(3640,1,969523294,25,'2013-12-05 12:40:27','2013-12-05 12:40:27','2013-12-05 12:40:57'),(3641,1,969523294,25,'2013-12-05 12:40:47','2013-12-05 12:40:47','2013-12-05 12:41:17'),(3642,1,969523294,25,'2013-12-05 12:41:07','2013-12-05 12:41:07','2013-12-05 12:41:37'),(3643,1,969523294,25,'2013-12-05 12:41:27','2013-12-05 12:41:27','2013-12-05 12:41:57'),(3644,1,969523294,25,'2013-12-05 12:41:47','2013-12-05 12:41:47','2013-12-05 12:42:17'),(3656,1,969523294,25,'2013-12-05 12:42:42','2013-12-05 12:42:42','2013-12-05 12:43:12'),(3657,1,969523294,25,'2013-12-05 12:42:57','2013-12-05 12:42:57','2013-12-05 12:43:27'),(3658,1,969523294,25,'2013-12-05 12:43:17','2013-12-05 12:43:17','2013-12-05 12:43:47'),(3659,1,969523294,25,'2013-12-05 12:43:37','2013-12-05 12:43:37','2013-12-05 12:44:07'),(3660,1,969523294,25,'2013-12-05 12:43:57','2013-12-05 12:43:57','2013-12-05 12:44:27'),(3661,1,969523294,25,'2013-12-05 12:44:17','2013-12-05 12:44:17','2013-12-05 12:44:47'),(3672,1,969523294,25,'2013-12-05 12:44:58','2013-12-05 12:44:58','2013-12-05 12:45:28'),(3673,1,969523294,25,'2013-12-05 12:45:12','2013-12-05 12:45:12','2013-12-05 12:45:42'),(3705,1,969523294,27,'2013-12-05 12:47:52','2013-12-05 12:47:52','2013-12-05 13:17:52'),(3706,1,549491174,27,'2013-12-05 12:47:52','2013-12-05 12:47:52','2013-12-05 13:17:52'),(3707,1,398958965,27,'2013-12-05 12:47:52','2013-12-05 12:47:52','2013-12-05 13:17:52'),(3708,1,161690834,27,'2013-12-05 12:47:52','2013-12-05 12:47:52','2013-12-05 13:17:52'),(3709,1,1050936391,27,'2013-12-05 12:47:52','2013-12-05 12:47:52','2013-12-05 13:17:52'),(3710,1,665671167,27,'2013-12-05 12:47:52','2013-12-05 12:47:52','2013-12-05 13:17:52'),(3711,1,279602542,27,'2013-12-05 12:47:52','2013-12-05 12:47:52','2013-12-05 13:17:52'),(3712,1,1407227,27,'2013-12-05 12:47:52','2013-12-05 12:47:52','2013-12-05 13:17:52'),(3713,1,923945068,27,'2013-12-05 12:47:52','2013-12-05 12:47:52','2013-12-05 13:17:52'),(3714,1,969523294,27,'2013-12-05 12:48:18','2013-12-05 12:48:18','2013-12-05 13:18:18'),(3715,1,549491174,27,'2013-12-05 12:48:18','2013-12-05 12:48:18','2013-12-05 13:18:18'),(3716,1,398958965,27,'2013-12-05 12:48:18','2013-12-05 12:48:18','2013-12-05 13:18:18'),(3717,1,161690834,27,'2013-12-05 12:48:18','2013-12-05 12:48:18','2013-12-05 13:18:18'),(3718,1,1050936391,27,'2013-12-05 12:48:18','2013-12-05 12:48:18','2013-12-05 13:18:18'),(3719,1,665671167,27,'2013-12-05 12:48:18','2013-12-05 12:48:18','2013-12-05 13:18:18'),(3720,1,279602542,27,'2013-12-05 12:48:18','2013-12-05 12:48:18','2013-12-05 13:18:18'),(3721,1,1407227,27,'2013-12-05 12:48:18','2013-12-05 12:48:18','2013-12-05 13:18:18'),(3722,1,923945068,27,'2013-12-05 12:48:18','2013-12-05 12:48:18','2013-12-05 13:18:18'),(3723,1,999259655,26,'2013-12-05 12:48:31','2013-12-05 12:48:31','2013-12-05 13:18:31'),(3724,1,579219391,26,'2013-12-05 12:48:31','2013-12-05 12:48:31','2013-12-05 13:18:31'),(3725,1,360783662,26,'2013-12-05 12:48:31','2013-12-05 12:48:31','2013-12-05 13:18:31'),(3726,1,969523294,27,'2013-12-05 12:48:37','2013-12-05 12:48:37','2013-12-05 13:18:37'),(3727,1,549491174,27,'2013-12-05 12:48:37','2013-12-05 12:48:37','2013-12-05 13:18:37'),(3728,1,398958965,27,'2013-12-05 12:48:37','2013-12-05 12:48:37','2013-12-05 13:18:37'),(3729,1,161690834,27,'2013-12-05 12:48:37','2013-12-05 12:48:37','2013-12-05 13:18:37'),(3730,1,1050936391,27,'2013-12-05 12:48:37','2013-12-05 12:48:37','2013-12-05 13:18:37'),(3731,1,665671167,27,'2013-12-05 12:48:37','2013-12-05 12:48:37','2013-12-05 13:18:37'),(3732,1,279602542,27,'2013-12-05 12:48:37','2013-12-05 12:48:37','2013-12-05 13:18:37'),(3733,1,1407227,27,'2013-12-05 12:48:37','2013-12-05 12:48:37','2013-12-05 13:18:37'),(3734,1,923945068,27,'2013-12-05 12:48:37','2013-12-05 12:48:37','2013-12-05 13:18:37'),(3735,1,969523294,27,'2013-12-05 12:48:48','2013-12-05 12:48:48','2013-12-05 13:18:48'),(3736,1,549491174,27,'2013-12-05 12:48:48','2013-12-05 12:48:48','2013-12-05 13:18:48'),(3737,1,398958965,27,'2013-12-05 12:48:48','2013-12-05 12:48:48','2013-12-05 13:18:48'),(3738,1,161690834,27,'2013-12-05 12:48:48','2013-12-05 12:48:48','2013-12-05 13:18:48'),(3739,1,1050936391,27,'2013-12-05 12:48:48','2013-12-05 12:48:48','2013-12-05 13:18:48'),(3740,1,665671167,27,'2013-12-05 12:48:48','2013-12-05 12:48:48','2013-12-05 13:18:48'),(3741,1,279602542,27,'2013-12-05 12:48:48','2013-12-05 12:48:48','2013-12-05 13:18:48'),(3742,1,1407227,27,'2013-12-05 12:48:48','2013-12-05 12:48:48','2013-12-05 13:18:48'),(3743,1,923945068,27,'2013-12-05 12:48:48','2013-12-05 12:48:48','2013-12-05 13:18:48'),(3753,1,969523294,29,'2013-12-05 12:50:50','2013-12-05 12:50:56','2013-12-05 12:50:56'),(3754,1,969523294,29,'2013-12-05 12:51:05','2013-12-05 12:51:16','2013-12-05 12:51:16'),(3755,1,549491174,29,'2013-12-05 12:51:19','2013-12-05 12:51:19','2013-12-05 12:51:49'),(3756,1,549491174,29,'2013-12-05 12:51:24','2013-12-05 12:51:24','2013-12-05 12:51:54'),(3757,1,549491174,29,'2013-12-05 12:51:44','2013-12-05 12:51:44','2013-12-05 12:52:14'),(3758,1,549491174,29,'2013-12-05 12:52:04','2013-12-05 12:52:04','2013-12-05 12:52:34'),(3759,1,549491174,29,'2013-12-05 12:52:24','2013-12-05 12:52:24','2013-12-05 12:52:54'),(3760,1,549491174,29,'2013-12-05 12:52:44','2013-12-05 12:52:44','2013-12-05 12:53:14'),(3761,1,549491174,29,'2013-12-05 12:53:04','2013-12-05 12:53:04','2013-12-05 12:53:34'),(3762,1,549491174,29,'2013-12-05 12:53:24','2013-12-05 12:53:24','2013-12-05 12:53:54'),(3763,1,549491174,29,'2013-12-05 12:53:44','2013-12-05 12:53:44','2013-12-05 12:54:14'),(3764,1,549491174,29,'2013-12-05 12:54:04','2013-12-05 12:54:04','2013-12-05 12:54:34'),(3765,1,549491174,29,'2013-12-05 12:54:24','2013-12-05 12:54:24','2013-12-05 12:54:54'),(3766,1,549491174,29,'2013-12-05 12:54:44','2013-12-05 12:54:44','2013-12-05 12:55:14'),(3767,1,549491174,29,'2013-12-05 12:55:04','2013-12-05 12:55:04','2013-12-05 12:55:34'),(3768,1,549491174,29,'2013-12-05 12:55:24','2013-12-05 12:55:24','2013-12-05 12:55:54'),(3769,1,549491174,29,'2013-12-05 12:55:44','2013-12-05 12:55:44','2013-12-05 12:56:14'),(3770,1,549491174,29,'2013-12-05 12:56:04','2013-12-05 12:56:04','2013-12-05 12:56:34'),(3771,1,549491174,29,'2013-12-05 12:56:24','2013-12-05 12:56:24','2013-12-05 12:56:54'),(3772,1,549491174,29,'2013-12-05 12:56:44','2013-12-05 12:56:44','2013-12-05 12:57:14'),(3773,1,549491174,29,'2013-12-05 12:57:04','2013-12-05 12:57:04','2013-12-05 12:57:34'),(3774,1,549491174,29,'2013-12-05 12:57:24','2013-12-05 12:57:24','2013-12-05 12:57:54'),(3775,1,549491174,29,'2013-12-05 12:57:44','2013-12-05 12:57:44','2013-12-05 12:58:14'),(3776,1,549491174,29,'2013-12-05 12:58:04','2013-12-05 12:58:04','2013-12-05 12:58:34'),(3777,1,549491174,29,'2013-12-05 12:58:24','2013-12-05 12:58:24','2013-12-05 12:58:54'),(3778,1,549491174,29,'2013-12-05 12:58:44','2013-12-05 12:58:44','2013-12-05 12:59:14'),(3779,1,549491174,29,'2013-12-05 12:59:04','2013-12-05 12:59:04','2013-12-05 12:59:34'),(3780,1,549491174,29,'2013-12-05 12:59:24','2013-12-05 12:59:24','2013-12-05 12:59:54'),(3781,1,549491174,29,'2013-12-05 12:59:44','2013-12-05 12:59:44','2013-12-05 13:00:14'),(3782,1,549491174,29,'2013-12-05 13:00:04','2013-12-05 13:00:04','2013-12-05 13:00:34'),(3783,1,549491174,29,'2013-12-05 13:00:24','2013-12-05 13:00:24','2013-12-05 13:00:54'),(3784,1,549491174,29,'2013-12-05 13:00:44','2013-12-05 13:00:44','2013-12-05 13:01:14'),(3785,1,549491174,29,'2013-12-05 13:01:04','2013-12-05 13:01:04','2013-12-05 13:01:34'),(3786,1,549491174,29,'2013-12-05 13:01:24','2013-12-05 13:01:24','2013-12-05 13:01:54'),(3787,1,549491174,29,'2013-12-05 13:01:44','2013-12-05 13:01:44','2013-12-05 13:02:14'),(3788,1,549491174,29,'2013-12-05 13:02:04','2013-12-05 13:02:04','2013-12-05 13:02:34'),(3789,1,549491174,29,'2013-12-05 13:02:24','2013-12-05 13:02:24','2013-12-05 13:02:54'),(3790,1,549491174,29,'2013-12-05 13:02:44','2013-12-05 13:02:44','2013-12-05 13:03:14'),(3791,1,549491174,29,'2013-12-05 13:03:04','2013-12-05 13:03:04','2013-12-05 13:03:34'),(3792,1,549491174,29,'2013-12-05 13:03:24','2013-12-05 13:03:24','2013-12-05 13:03:54'),(3793,1,549491174,29,'2013-12-05 13:03:44','2013-12-05 13:03:44','2013-12-05 13:04:14'),(3794,1,549491174,29,'2013-12-05 13:04:04','2013-12-05 13:04:04','2013-12-05 13:04:34'),(3795,1,549491174,29,'2013-12-05 13:04:24','2013-12-05 13:04:24','2013-12-05 13:04:54'),(3796,1,549491174,29,'2013-12-05 13:04:44','2013-12-05 13:04:44','2013-12-05 13:05:14'),(3797,1,549491174,29,'2013-12-05 13:05:04','2013-12-05 13:05:04','2013-12-05 13:05:34'),(3798,1,549491174,29,'2013-12-05 13:05:25','2013-12-05 13:05:25','2013-12-05 13:05:55'),(3799,1,549491174,29,'2013-12-05 13:05:44','2013-12-05 13:05:44','2013-12-05 13:06:14'),(3800,1,549491174,29,'2013-12-05 13:06:04','2013-12-05 13:06:04','2013-12-05 13:06:34'),(3801,1,549491174,29,'2013-12-05 13:06:24','2013-12-05 13:06:24','2013-12-05 13:06:54'),(3802,1,549491174,29,'2013-12-05 13:06:44','2013-12-05 13:06:44','2013-12-05 13:07:14'),(3803,1,549491174,29,'2013-12-05 13:07:04','2013-12-05 13:07:04','2013-12-05 13:07:34'),(3804,1,549491174,29,'2013-12-05 13:07:24','2013-12-05 13:07:24','2013-12-05 13:07:54'),(3805,1,549491174,29,'2013-12-05 13:07:44','2013-12-05 13:07:44','2013-12-05 13:08:14'),(3806,1,549491174,29,'2013-12-05 13:08:05','2013-12-05 13:08:05','2013-12-05 13:08:35'),(3807,1,549491174,29,'2013-12-05 13:08:25','2013-12-05 13:08:25','2013-12-05 13:08:55'),(3808,1,549491174,29,'2013-12-05 13:08:45','2013-12-05 13:08:45','2013-12-05 13:09:15'),(3809,1,549491174,29,'2013-12-05 13:09:05','2013-12-05 13:09:05','2013-12-05 13:09:35'),(3810,1,549491174,29,'2013-12-05 13:09:25','2013-12-05 13:09:25','2013-12-05 13:09:55'),(3811,1,549491174,29,'2013-12-05 13:09:45','2013-12-05 13:09:45','2013-12-05 13:10:15'),(3812,1,549491174,29,'2013-12-05 13:10:05','2013-12-05 13:10:05','2013-12-05 13:10:35'),(3813,1,549491174,29,'2013-12-05 13:10:25','2013-12-05 13:10:25','2013-12-05 13:10:55'),(3814,1,549491174,29,'2013-12-05 13:10:45','2013-12-05 13:10:45','2013-12-05 13:11:15'),(3815,1,549491174,29,'2013-12-05 13:11:05','2013-12-05 13:11:05','2013-12-05 13:11:35'),(3816,1,549491174,29,'2013-12-05 13:11:25','2013-12-05 13:11:25','2013-12-05 13:11:55'),(3817,1,549491174,29,'2013-12-05 13:11:45','2013-12-05 13:11:45','2013-12-05 13:12:15'),(3818,1,549491174,29,'2013-12-05 13:12:05','2013-12-05 13:12:05','2013-12-05 13:12:35'),(3819,1,549491174,29,'2013-12-05 13:12:25','2013-12-05 13:12:25','2013-12-05 13:12:55'),(3820,1,549491174,29,'2013-12-05 13:12:45','2013-12-05 13:12:45','2013-12-05 13:13:15'),(3821,1,549491174,29,'2013-12-05 13:13:05','2013-12-05 13:13:05','2013-12-05 13:13:35'),(3822,1,549491174,29,'2013-12-05 13:13:25','2013-12-05 13:13:25','2013-12-05 13:13:55'),(3823,1,549491174,29,'2013-12-05 13:13:45','2013-12-05 13:13:45','2013-12-05 13:14:15'),(3824,1,549491174,29,'2013-12-05 13:14:05','2013-12-05 13:14:05','2013-12-05 13:14:35'),(3825,1,549491174,29,'2013-12-05 13:14:25','2013-12-05 13:14:25','2013-12-05 13:14:55'),(3826,1,549491174,29,'2013-12-05 13:14:45','2013-12-05 13:14:45','2013-12-05 13:15:15'),(3827,1,549491174,29,'2013-12-05 13:15:05','2013-12-05 13:15:05','2013-12-05 13:15:35'),(3828,1,549491174,29,'2013-12-05 13:15:25','2013-12-05 13:15:25','2013-12-05 13:15:55'),(3829,1,549491174,29,'2013-12-05 13:15:45','2013-12-05 13:15:45','2013-12-05 13:16:15'),(3830,1,549491174,29,'2013-12-05 13:16:05','2013-12-05 13:16:05','2013-12-05 13:16:35'),(3831,1,549491174,29,'2013-12-05 13:16:25','2013-12-05 13:16:25','2013-12-05 13:16:55'),(3832,1,549491174,29,'2013-12-05 13:16:45','2013-12-05 13:16:45','2013-12-05 13:17:15'),(3833,1,549491174,29,'2013-12-05 13:17:05','2013-12-05 13:17:05','2013-12-05 13:17:35'),(3834,1,549491174,29,'2013-12-05 13:17:25','2013-12-05 13:17:25','2013-12-05 13:17:55'),(3835,1,549491174,29,'2013-12-05 13:17:45','2013-12-05 13:17:45','2013-12-05 13:18:15'),(3836,1,549491174,29,'2013-12-05 13:18:05','2013-12-05 13:18:05','2013-12-05 13:18:35'),(3837,1,549491174,29,'2013-12-05 13:18:25','2013-12-05 13:18:25','2013-12-05 13:18:55'),(3838,1,549491174,29,'2013-12-05 13:18:45','2013-12-05 13:18:45','2013-12-05 13:19:15'),(3839,1,549491174,29,'2013-12-05 13:19:05','2013-12-05 13:19:05','2013-12-05 13:19:35'),(3840,1,549491174,29,'2013-12-05 13:19:25','2013-12-05 13:19:25','2013-12-05 13:19:55'),(3841,1,549491174,29,'2013-12-05 13:19:45','2013-12-05 13:19:45','2013-12-05 13:20:15'),(3842,1,549491174,29,'2013-12-05 13:20:05','2013-12-05 13:20:05','2013-12-05 13:20:35'),(3843,1,549491174,29,'2013-12-05 13:20:25','2013-12-05 13:20:25','2013-12-05 13:20:55'),(3844,1,549491174,29,'2013-12-05 13:20:45','2013-12-05 13:20:45','2013-12-05 13:21:15'),(3845,1,549491174,29,'2013-12-05 13:21:05','2013-12-05 13:21:05','2013-12-05 13:21:35'),(3846,1,549491174,29,'2013-12-05 13:21:25','2013-12-05 13:21:25','2013-12-05 13:21:55'),(3847,1,549491174,29,'2013-12-05 13:21:45','2013-12-05 13:21:45','2013-12-05 13:22:15'),(3848,1,549491174,29,'2013-12-05 13:22:05','2013-12-05 13:22:05','2013-12-05 13:22:35'),(3849,1,549491174,29,'2013-12-05 13:22:25','2013-12-05 13:22:25','2013-12-05 13:22:55'),(3850,1,549491174,29,'2013-12-05 13:22:45','2013-12-05 13:22:45','2013-12-05 13:23:15'),(3851,1,549491174,29,'2013-12-05 13:23:05','2013-12-05 13:23:05','2013-12-05 13:23:35'),(3852,1,549491174,29,'2013-12-05 13:23:25','2013-12-05 13:23:25','2013-12-05 13:23:55'),(3853,1,549491174,29,'2013-12-05 13:23:45','2013-12-05 13:23:45','2013-12-05 13:24:15'),(3854,1,549491174,29,'2013-12-05 13:24:05','2013-12-05 13:24:05','2013-12-05 13:24:35'),(3855,1,549491174,29,'2013-12-05 13:24:25','2013-12-05 13:24:25','2013-12-05 13:24:55'),(3856,1,549491174,29,'2013-12-05 13:24:45','2013-12-05 13:24:45','2013-12-05 13:25:15'),(3857,1,549491174,29,'2013-12-05 13:25:05','2013-12-05 13:25:05','2013-12-05 13:25:35'),(3858,1,549491174,29,'2013-12-05 13:25:25','2013-12-05 13:25:25','2013-12-05 13:25:55'),(3859,1,549491174,29,'2013-12-05 13:25:45','2013-12-05 13:25:45','2013-12-05 13:26:15'),(3860,1,549491174,29,'2013-12-05 13:26:05','2013-12-05 13:26:05','2013-12-05 13:26:35'),(3861,1,549491174,29,'2013-12-05 13:26:25','2013-12-05 13:26:25','2013-12-05 13:26:55'),(3862,1,549491174,29,'2013-12-05 13:26:45','2013-12-05 13:26:45','2013-12-05 13:27:15'),(3863,1,549491174,29,'2013-12-05 13:27:05','2013-12-05 13:27:05','2013-12-05 13:27:35'),(3864,1,549491174,29,'2013-12-05 13:27:25','2013-12-05 13:27:25','2013-12-05 13:27:55'),(3865,1,549491174,29,'2013-12-05 13:27:45','2013-12-05 13:27:45','2013-12-05 13:28:15'),(3866,1,549491174,29,'2013-12-05 13:28:05','2013-12-05 13:28:05','2013-12-05 13:28:35'),(3867,1,549491174,29,'2013-12-05 13:28:25','2013-12-05 13:28:25','2013-12-05 13:28:55'),(3868,1,549491174,29,'2013-12-05 13:28:45','2013-12-05 13:28:45','2013-12-05 13:29:15'),(3869,1,549491174,29,'2013-12-05 13:29:05','2013-12-05 13:29:05','2013-12-05 13:29:35'),(3870,1,549491174,29,'2013-12-05 13:29:25','2013-12-05 13:29:25','2013-12-05 13:29:55'),(3871,1,549491174,29,'2013-12-05 13:29:45','2013-12-05 13:29:45','2013-12-05 13:30:15'),(3872,1,549491174,29,'2013-12-05 13:30:05','2013-12-05 13:30:05','2013-12-05 13:30:35'),(3873,1,549491174,29,'2013-12-05 13:30:25','2013-12-05 13:30:25','2013-12-05 13:30:55'),(3874,1,549491174,29,'2013-12-05 13:30:45','2013-12-05 13:30:45','2013-12-05 13:31:15'),(3875,1,549491174,29,'2013-12-05 13:31:05','2013-12-05 13:31:05','2013-12-05 13:31:35'),(3876,1,549491174,29,'2013-12-05 13:31:25','2013-12-05 13:31:25','2013-12-05 13:31:55'),(3877,1,549491174,29,'2013-12-05 13:31:45','2013-12-05 13:31:45','2013-12-05 13:32:15'),(3878,1,549491174,29,'2013-12-05 13:32:05','2013-12-05 13:32:05','2013-12-05 13:32:35'),(3879,1,549491174,29,'2013-12-05 13:32:25','2013-12-05 13:32:25','2013-12-05 13:32:55'),(3880,1,549491174,29,'2013-12-05 13:32:46','2013-12-05 13:32:46','2013-12-05 13:33:16'),(3881,1,549491174,29,'2013-12-05 13:33:05','2013-12-05 13:33:05','2013-12-05 13:33:35'),(3882,1,549491174,29,'2013-12-05 13:33:25','2013-12-05 13:33:25','2013-12-05 13:33:55'),(3883,1,549491174,29,'2013-12-05 13:33:45','2013-12-05 13:33:45','2013-12-05 13:34:15'),(3884,1,549491174,29,'2013-12-05 13:34:05','2013-12-05 13:34:05','2013-12-05 13:34:35'),(3885,1,549491174,29,'2013-12-05 13:34:25','2013-12-05 13:34:25','2013-12-05 13:34:55'),(3886,1,549491174,29,'2013-12-05 13:34:46','2013-12-05 13:34:46','2013-12-05 13:35:16'),(3887,1,549491174,29,'2013-12-05 13:35:06','2013-12-05 13:35:06','2013-12-05 13:35:36'),(3888,1,549491174,29,'2013-12-05 13:35:26','2013-12-05 13:35:26','2013-12-05 13:35:56'),(3889,1,549491174,29,'2013-12-05 13:35:46','2013-12-05 13:35:46','2013-12-05 13:36:16'),(3890,1,549491174,29,'2013-12-05 13:36:06','2013-12-05 13:36:06','2013-12-05 13:36:36'),(3891,1,549491174,29,'2013-12-05 13:36:26','2013-12-05 13:36:26','2013-12-05 13:36:56'),(3892,1,549491174,29,'2013-12-05 13:36:46','2013-12-05 13:36:46','2013-12-05 13:37:16'),(3893,1,549491174,29,'2013-12-05 13:37:06','2013-12-05 13:37:06','2013-12-05 13:37:36'),(3894,1,549491174,29,'2013-12-05 13:37:26','2013-12-05 13:37:26','2013-12-05 13:37:56'),(3895,1,549491174,29,'2013-12-05 13:37:46','2013-12-05 13:37:46','2013-12-05 13:38:16'),(3896,1,549491174,29,'2013-12-05 13:38:06','2013-12-05 13:38:06','2013-12-05 13:38:36'),(3897,1,549491174,29,'2013-12-05 13:38:26','2013-12-05 13:38:26','2013-12-05 13:38:56'),(3898,1,549491174,29,'2013-12-05 13:38:46','2013-12-05 13:38:46','2013-12-05 13:39:16'),(3899,1,549491174,29,'2013-12-05 13:39:06','2013-12-05 13:39:06','2013-12-05 13:39:36'),(3900,1,549491174,29,'2013-12-05 13:39:26','2013-12-05 13:39:26','2013-12-05 13:39:56'),(3901,1,549491174,29,'2013-12-05 13:39:46','2013-12-05 13:39:46','2013-12-05 13:40:16'),(3902,1,549491174,29,'2013-12-05 13:40:06','2013-12-05 13:40:06','2013-12-05 13:40:36'),(3903,1,549491174,29,'2013-12-05 13:40:26','2013-12-05 13:40:26','2013-12-05 13:40:56'),(3904,1,549491174,29,'2013-12-05 13:40:46','2013-12-05 13:40:46','2013-12-05 13:41:16'),(3905,1,549491174,29,'2013-12-05 13:41:06','2013-12-05 13:41:06','2013-12-05 13:41:36'),(3906,1,549491174,29,'2013-12-05 13:41:26','2013-12-05 13:41:26','2013-12-05 13:41:56'),(3907,1,549491174,29,'2013-12-05 13:41:46','2013-12-05 13:41:46','2013-12-05 13:42:16'),(3908,1,549491174,29,'2013-12-05 13:42:06','2013-12-05 13:42:06','2013-12-05 13:42:36'),(3909,1,549491174,29,'2013-12-05 13:42:26','2013-12-05 13:42:26','2013-12-05 13:42:56'),(3910,1,549491174,29,'2013-12-05 13:42:46','2013-12-05 13:42:46','2013-12-05 13:43:16'),(3911,1,549491174,29,'2013-12-05 13:43:06','2013-12-05 13:43:06','2013-12-05 13:43:36'),(3912,1,549491174,29,'2013-12-05 13:43:26','2013-12-05 13:43:26','2013-12-05 13:43:56'),(3913,1,549491174,29,'2013-12-05 13:43:46','2013-12-05 13:43:46','2013-12-05 13:44:16'),(3914,1,549491174,29,'2013-12-05 13:44:06','2013-12-05 13:44:06','2013-12-05 13:44:36'),(3915,1,549491174,29,'2013-12-05 13:44:26','2013-12-05 13:44:26','2013-12-05 13:44:56'),(3916,1,549491174,29,'2013-12-05 13:44:46','2013-12-05 13:44:46','2013-12-05 13:45:16'),(3917,1,549491174,29,'2013-12-05 13:45:06','2013-12-05 13:45:06','2013-12-05 13:45:36'),(3918,1,549491174,29,'2013-12-05 13:45:26','2013-12-05 13:45:26','2013-12-05 13:45:56'),(3919,1,549491174,29,'2013-12-05 13:45:46','2013-12-05 13:45:46','2013-12-05 13:46:16'),(3920,1,549491174,29,'2013-12-05 13:46:06','2013-12-05 13:46:06','2013-12-05 13:46:36'),(3921,1,549491174,29,'2013-12-05 13:46:26','2013-12-05 13:46:26','2013-12-05 13:46:56'),(3922,1,549491174,29,'2013-12-05 13:46:46','2013-12-05 13:46:46','2013-12-05 13:47:16'),(3923,1,549491174,29,'2013-12-05 13:47:06','2013-12-05 13:47:06','2013-12-05 13:47:36'),(3924,1,549491174,29,'2013-12-05 13:47:26','2013-12-05 13:47:26','2013-12-05 13:47:56'),(3925,1,549491174,29,'2013-12-05 13:47:46','2013-12-05 13:47:46','2013-12-05 13:48:16'),(3926,1,549491174,29,'2013-12-05 13:48:06','2013-12-05 13:48:06','2013-12-05 13:48:36'),(3927,1,549491174,29,'2013-12-05 13:48:26','2013-12-05 13:48:26','2013-12-05 13:48:56'),(3928,1,549491174,29,'2013-12-05 13:48:46','2013-12-05 13:48:46','2013-12-05 13:49:16'),(3929,1,549491174,29,'2013-12-05 13:49:06','2013-12-05 13:49:06','2013-12-05 13:49:36'),(3930,1,549491174,29,'2013-12-05 13:49:26','2013-12-05 13:49:26','2013-12-05 13:49:56'),(3931,1,549491174,29,'2013-12-05 13:49:46','2013-12-05 13:49:46','2013-12-05 13:50:16'),(3932,1,549491174,29,'2013-12-05 13:50:06','2013-12-05 13:50:06','2013-12-05 13:50:36'),(3933,1,549491174,29,'2013-12-05 13:50:26','2013-12-05 13:50:26','2013-12-05 13:50:56'),(3934,1,549491174,29,'2013-12-05 13:50:46','2013-12-05 13:50:46','2013-12-05 13:51:16'),(3935,1,549491174,29,'2013-12-05 13:51:06','2013-12-05 13:51:06','2013-12-05 13:51:36'),(3936,1,549491174,29,'2013-12-05 13:51:26','2013-12-05 13:51:26','2013-12-05 13:51:56'),(3937,1,549491174,29,'2013-12-05 13:51:46','2013-12-05 13:51:46','2013-12-05 13:52:16'),(3938,1,549491174,29,'2013-12-05 13:52:06','2013-12-05 13:52:06','2013-12-05 13:52:36'),(3939,1,549491174,29,'2013-12-05 13:52:26','2013-12-05 13:52:26','2013-12-05 13:52:56'),(3940,1,549491174,29,'2013-12-05 13:52:46','2013-12-05 13:52:46','2013-12-05 13:53:16'),(3941,1,549491174,29,'2013-12-05 13:53:06','2013-12-05 13:53:06','2013-12-05 13:53:36'),(3942,1,549491174,29,'2013-12-05 13:53:26','2013-12-05 13:53:26','2013-12-05 13:53:56'),(3943,1,549491174,29,'2013-12-05 13:53:46','2013-12-05 13:53:46','2013-12-05 13:54:16'),(3944,1,549491174,29,'2013-12-05 13:54:06','2013-12-05 13:54:06','2013-12-05 13:54:36'),(3945,1,549491174,29,'2013-12-05 13:54:26','2013-12-05 13:54:26','2013-12-05 13:54:56'),(3946,1,549491174,29,'2013-12-05 13:54:46','2013-12-05 13:54:46','2013-12-05 13:55:16'),(3947,1,549491174,29,'2013-12-05 13:55:06','2013-12-05 13:55:06','2013-12-05 13:55:36'),(3948,1,549491174,29,'2013-12-05 13:55:26','2013-12-05 13:55:26','2013-12-05 13:55:56'),(3949,1,549491174,29,'2013-12-05 13:55:46','2013-12-05 13:55:46','2013-12-05 13:56:16'),(3950,1,549491174,29,'2013-12-05 13:56:06','2013-12-05 13:56:06','2013-12-05 13:56:36'),(3951,1,549491174,29,'2013-12-05 13:56:26','2013-12-05 13:56:26','2013-12-05 13:56:56'),(3952,1,549491174,29,'2013-12-05 13:56:46','2013-12-05 13:56:46','2013-12-05 13:57:16'),(3953,1,549491174,29,'2013-12-05 13:57:06','2013-12-05 13:57:06','2013-12-05 13:57:36'),(3954,1,549491174,29,'2013-12-05 13:57:26','2013-12-05 13:57:26','2013-12-05 13:57:56'),(3955,1,549491174,29,'2013-12-05 13:57:46','2013-12-05 13:57:46','2013-12-05 13:58:16'),(3956,1,549491174,29,'2013-12-05 13:58:06','2013-12-05 13:58:06','2013-12-05 13:58:36'),(3957,1,549491174,29,'2013-12-05 13:58:26','2013-12-05 13:58:26','2013-12-05 13:58:56'),(3958,1,549491174,29,'2013-12-05 13:58:46','2013-12-05 13:58:46','2013-12-05 13:59:16'),(3959,1,549491174,29,'2013-12-05 13:59:06','2013-12-05 13:59:06','2013-12-05 13:59:36'),(3960,1,549491174,29,'2013-12-05 13:59:26','2013-12-05 13:59:26','2013-12-05 13:59:56'),(3961,1,549491174,29,'2013-12-05 13:59:46','2013-12-05 13:59:46','2013-12-05 14:00:16'),(3962,1,549491174,29,'2013-12-05 14:00:06','2013-12-05 14:00:06','2013-12-05 14:00:36'),(3963,1,549491174,29,'2013-12-05 14:00:26','2013-12-05 14:00:26','2013-12-05 14:00:56'),(3964,1,549491174,29,'2013-12-05 14:00:46','2013-12-05 14:00:46','2013-12-05 14:01:16'),(3965,1,549491174,29,'2013-12-05 14:01:06','2013-12-05 14:01:06','2013-12-05 14:01:36'),(3966,1,549491174,29,'2013-12-05 14:01:26','2013-12-05 14:01:26','2013-12-05 14:01:56'),(3967,1,549491174,29,'2013-12-05 14:01:46','2013-12-05 14:01:46','2013-12-05 14:02:16'),(3968,1,549491174,29,'2013-12-05 14:02:06','2013-12-05 14:02:06','2013-12-05 14:02:36'),(3969,1,549491174,29,'2013-12-05 14:02:27','2013-12-05 14:02:27','2013-12-05 14:02:57'),(3970,1,549491174,29,'2013-12-05 14:02:46','2013-12-05 14:02:46','2013-12-05 14:03:16'),(3971,1,549491174,29,'2013-12-05 14:03:07','2013-12-05 14:03:07','2013-12-05 14:03:37'),(3972,1,549491174,29,'2013-12-05 14:03:27','2013-12-05 14:03:27','2013-12-05 14:03:57'),(3973,1,549491174,29,'2013-12-05 14:03:47','2013-12-05 14:03:47','2013-12-05 14:04:17'),(3974,1,549491174,29,'2013-12-05 14:04:07','2013-12-05 14:04:07','2013-12-05 14:04:37'),(3975,1,549491174,29,'2013-12-05 14:04:27','2013-12-05 14:04:27','2013-12-05 14:04:57'),(3976,1,549491174,29,'2013-12-05 14:04:47','2013-12-05 14:04:47','2013-12-05 14:05:17'),(3977,1,549491174,29,'2013-12-05 14:05:07','2013-12-05 14:05:07','2013-12-05 14:05:37'),(3978,1,549491174,29,'2013-12-05 14:05:27','2013-12-05 14:05:27','2013-12-05 14:05:57'),(3979,1,549491174,29,'2013-12-05 14:05:47','2013-12-05 14:05:47','2013-12-05 14:06:17'),(3980,1,549491174,29,'2013-12-05 14:06:07','2013-12-05 14:06:07','2013-12-05 14:06:37'),(3981,1,549491174,29,'2013-12-05 14:06:27','2013-12-05 14:06:27','2013-12-05 14:06:57'),(3982,1,549491174,29,'2013-12-05 14:06:47','2013-12-05 14:06:47','2013-12-05 14:07:17'),(3983,1,549491174,29,'2013-12-05 14:07:07','2013-12-05 14:07:07','2013-12-05 14:07:37'),(3984,1,549491174,29,'2013-12-05 14:07:27','2013-12-05 14:07:27','2013-12-05 14:07:57'),(3985,1,549491174,29,'2013-12-05 14:07:47','2013-12-05 14:07:47','2013-12-05 14:08:17'),(3986,1,549491174,29,'2013-12-05 14:08:07','2013-12-05 14:08:07','2013-12-05 14:08:37'),(3987,1,549491174,29,'2013-12-05 14:08:27','2013-12-05 14:08:27','2013-12-05 14:08:57'),(3988,1,549491174,29,'2013-12-05 14:08:47','2013-12-05 14:08:47','2013-12-05 14:09:17'),(3989,1,549491174,29,'2013-12-05 14:09:07','2013-12-05 14:09:07','2013-12-05 14:09:37'),(3990,1,549491174,29,'2013-12-05 14:09:27','2013-12-05 14:09:27','2013-12-05 14:09:57'),(3991,1,549491174,29,'2013-12-05 14:09:47','2013-12-05 14:09:47','2013-12-05 14:10:17'),(3992,1,549491174,29,'2013-12-05 14:10:07','2013-12-05 14:10:07','2013-12-05 14:10:37'),(3993,1,549491174,29,'2013-12-05 14:10:27','2013-12-05 14:10:27','2013-12-05 14:10:57'),(3994,1,549491174,29,'2013-12-05 14:10:47','2013-12-05 14:10:47','2013-12-05 14:11:17'),(3995,1,549491174,29,'2013-12-05 14:11:07','2013-12-05 14:11:07','2013-12-05 14:11:37'),(3996,1,549491174,29,'2013-12-05 14:11:27','2013-12-05 14:11:27','2013-12-05 14:11:57'),(3997,1,549491174,29,'2013-12-05 14:11:47','2013-12-05 14:11:47','2013-12-05 14:12:17'),(3998,1,549491174,29,'2013-12-05 14:12:07','2013-12-05 14:12:07','2013-12-05 14:12:37'),(3999,1,549491174,29,'2013-12-05 14:12:27','2013-12-05 14:12:27','2013-12-05 14:12:57'),(4000,1,549491174,29,'2013-12-05 14:12:47','2013-12-05 14:12:47','2013-12-05 14:13:17'),(4001,1,549491174,29,'2013-12-05 14:13:07','2013-12-05 14:13:07','2013-12-05 14:13:37'),(4002,1,549491174,29,'2013-12-05 14:13:27','2013-12-05 14:13:27','2013-12-05 14:13:57'),(4003,1,549491174,29,'2013-12-05 14:13:47','2013-12-05 14:13:47','2013-12-05 14:14:17'),(4004,1,549491174,29,'2013-12-05 14:14:07','2013-12-05 14:14:07','2013-12-05 14:14:37'),(4005,1,549491174,29,'2013-12-05 14:14:27','2013-12-05 14:14:27','2013-12-05 14:14:57'),(4006,1,549491174,29,'2013-12-05 14:14:47','2013-12-05 14:14:47','2013-12-05 14:15:17'),(4007,1,549491174,29,'2013-12-05 14:15:07','2013-12-05 14:15:07','2013-12-05 14:15:37'),(4008,1,549491174,29,'2013-12-05 14:15:27','2013-12-05 14:15:27','2013-12-05 14:15:57'),(4009,1,549491174,29,'2013-12-05 14:15:47','2013-12-05 14:15:47','2013-12-05 14:16:17'),(4010,1,549491174,29,'2013-12-05 14:16:07','2013-12-05 14:16:07','2013-12-05 14:16:37'),(4011,1,549491174,29,'2013-12-05 14:16:27','2013-12-05 14:16:27','2013-12-05 14:16:57'),(4012,1,549491174,29,'2013-12-05 14:16:47','2013-12-05 14:16:47','2013-12-05 14:17:17'),(4013,1,549491174,29,'2013-12-05 14:17:07','2013-12-05 14:17:07','2013-12-05 14:17:37'),(4014,1,549491174,29,'2013-12-05 14:17:27','2013-12-05 14:17:27','2013-12-05 14:17:57'),(4015,1,549491174,29,'2013-12-05 14:17:47','2013-12-05 14:17:47','2013-12-05 14:18:17'),(4016,1,549491174,29,'2013-12-05 14:18:07','2013-12-05 14:18:07','2013-12-05 14:18:37'),(4017,1,549491174,29,'2013-12-05 14:18:27','2013-12-05 14:18:27','2013-12-05 14:18:57'),(4018,1,549491174,29,'2013-12-05 14:18:47','2013-12-05 14:18:47','2013-12-05 14:19:17'),(4019,1,549491174,29,'2013-12-05 14:19:07','2013-12-05 14:19:07','2013-12-05 14:19:37'),(4020,1,549491174,29,'2013-12-05 14:19:27','2013-12-05 14:19:27','2013-12-05 14:19:57'),(4021,1,549491174,29,'2013-12-05 14:19:47','2013-12-05 14:19:47','2013-12-05 14:20:17'),(4022,1,549491174,29,'2013-12-05 14:20:07','2013-12-05 14:20:07','2013-12-05 14:20:37'),(4023,1,549491174,29,'2013-12-05 14:20:27','2013-12-05 14:20:27','2013-12-05 14:20:57'),(4024,1,549491174,29,'2013-12-05 14:20:47','2013-12-05 14:20:47','2013-12-05 14:21:17'),(4025,1,549491174,29,'2013-12-05 14:21:07','2013-12-05 14:21:07','2013-12-05 14:21:37'),(4026,1,549491174,29,'2013-12-05 14:21:27','2013-12-05 14:21:27','2013-12-05 14:21:57'),(4027,1,549491174,29,'2013-12-05 14:21:47','2013-12-05 14:21:47','2013-12-05 14:22:17'),(4028,1,549491174,29,'2013-12-05 14:22:07','2013-12-05 14:22:07','2013-12-05 14:22:37'),(4029,1,549491174,29,'2013-12-05 14:22:27','2013-12-05 14:22:27','2013-12-05 14:22:57'),(4030,1,549491174,29,'2013-12-05 14:22:47','2013-12-05 14:22:47','2013-12-05 14:23:17'),(4031,1,549491174,29,'2013-12-05 14:23:07','2013-12-05 14:23:07','2013-12-05 14:23:37'),(4032,1,549491174,29,'2013-12-05 14:23:27','2013-12-05 14:23:27','2013-12-05 14:23:57'),(4033,1,549491174,29,'2013-12-05 14:23:47','2013-12-05 14:23:47','2013-12-05 14:24:17'),(4034,1,549491174,29,'2013-12-05 14:24:07','2013-12-05 14:24:07','2013-12-05 14:24:37'),(4035,1,549491174,29,'2013-12-05 14:24:27','2013-12-05 14:24:27','2013-12-05 14:24:57'),(4036,1,549491174,29,'2013-12-05 14:24:47','2013-12-05 14:24:47','2013-12-05 14:25:17'),(4037,1,549491174,29,'2013-12-05 14:25:07','2013-12-05 14:25:07','2013-12-05 14:25:37'),(4038,1,549491174,29,'2013-12-05 14:25:27','2013-12-05 14:25:27','2013-12-05 14:25:57'),(4039,1,549491174,29,'2013-12-05 14:25:47','2013-12-05 14:25:47','2013-12-05 14:26:17'),(4040,1,549491174,29,'2013-12-05 14:26:07','2013-12-05 14:26:07','2013-12-05 14:26:37'),(4041,1,549491174,29,'2013-12-05 14:26:27','2013-12-05 14:26:27','2013-12-05 14:26:57'),(4042,1,549491174,29,'2013-12-05 14:26:47','2013-12-05 14:26:47','2013-12-05 14:27:17'),(4043,1,549491174,29,'2013-12-05 14:27:07','2013-12-05 14:27:07','2013-12-05 14:27:37'),(4044,1,549491174,29,'2013-12-05 14:27:27','2013-12-05 14:27:27','2013-12-05 14:27:57'),(4045,1,549491174,29,'2013-12-05 14:27:47','2013-12-05 14:27:47','2013-12-05 14:28:17'),(4046,1,549491174,29,'2013-12-05 14:28:07','2013-12-05 14:28:07','2013-12-05 14:28:37'),(4047,1,549491174,29,'2013-12-05 14:28:27','2013-12-05 14:28:27','2013-12-05 14:28:57'),(4048,1,549491174,29,'2013-12-05 14:28:47','2013-12-05 14:28:47','2013-12-05 14:29:17'),(4049,1,549491174,29,'2013-12-05 14:29:08','2013-12-05 14:29:08','2013-12-05 14:29:38'),(4050,1,549491174,29,'2013-12-05 14:29:28','2013-12-05 14:29:28','2013-12-05 14:29:58'),(4051,1,549491174,29,'2013-12-05 14:29:47','2013-12-05 14:29:47','2013-12-05 14:30:17'),(4052,1,549491174,29,'2013-12-05 14:30:08','2013-12-05 14:30:08','2013-12-05 14:30:38'),(4053,1,549491174,29,'2013-12-05 14:30:28','2013-12-05 14:30:28','2013-12-05 14:30:58'),(4054,1,549491174,29,'2013-12-05 14:30:48','2013-12-05 14:30:48','2013-12-05 14:31:18'),(4055,1,549491174,29,'2013-12-05 14:31:08','2013-12-05 14:31:08','2013-12-05 14:31:38'),(4056,1,549491174,29,'2013-12-05 14:31:28','2013-12-05 14:31:28','2013-12-05 14:31:58'),(4057,1,549491174,29,'2013-12-05 14:31:48','2013-12-05 14:31:48','2013-12-05 14:32:18'),(4058,1,549491174,29,'2013-12-05 14:32:08','2013-12-05 14:32:08','2013-12-05 14:32:38'),(4059,1,549491174,29,'2013-12-05 14:32:28','2013-12-05 14:32:28','2013-12-05 14:32:58'),(4060,1,549491174,29,'2013-12-05 14:32:48','2013-12-05 14:32:48','2013-12-05 14:33:18'),(4061,1,549491174,29,'2013-12-05 14:33:08','2013-12-05 14:33:08','2013-12-05 14:33:38'),(4062,1,549491174,29,'2013-12-05 14:33:28','2013-12-05 14:33:28','2013-12-05 14:33:58'),(4063,1,549491174,29,'2013-12-05 14:33:48','2013-12-05 14:33:48','2013-12-05 14:34:18'),(4064,1,549491174,29,'2013-12-05 14:34:08','2013-12-05 14:34:08','2013-12-05 14:34:38'),(4065,1,549491174,29,'2013-12-05 14:34:28','2013-12-05 14:34:28','2013-12-05 14:34:58'),(4066,1,549491174,29,'2013-12-05 14:34:48','2013-12-05 14:34:48','2013-12-05 14:35:18'),(4067,1,549491174,29,'2013-12-05 14:35:08','2013-12-05 14:35:08','2013-12-05 14:35:38'),(4068,1,549491174,29,'2013-12-05 14:35:28','2013-12-05 14:35:28','2013-12-05 14:35:58'),(4069,1,549491174,29,'2013-12-05 14:35:48','2013-12-05 14:35:48','2013-12-05 14:36:18'),(4070,1,549491174,29,'2013-12-05 14:36:08','2013-12-05 14:36:08','2013-12-05 14:36:38'),(4071,1,549491174,29,'2013-12-05 14:36:28','2013-12-05 14:36:28','2013-12-05 14:36:58'),(4072,1,549491174,29,'2013-12-05 14:36:48','2013-12-05 14:36:48','2013-12-05 14:37:18'),(4073,1,549491174,29,'2013-12-05 14:37:08','2013-12-05 14:37:08','2013-12-05 14:37:38'),(4074,1,549491174,29,'2013-12-05 14:37:28','2013-12-05 14:37:28','2013-12-05 14:37:58'),(4075,1,549491174,29,'2013-12-05 14:37:48','2013-12-05 14:37:48','2013-12-05 14:38:18'),(4076,1,549491174,29,'2013-12-05 14:38:08','2013-12-05 14:38:08','2013-12-05 14:38:38'),(4077,1,549491174,29,'2013-12-05 14:38:28','2013-12-05 14:38:28','2013-12-05 14:38:58'),(4078,1,549491174,29,'2013-12-05 14:38:48','2013-12-05 14:38:48','2013-12-05 14:39:18'),(4079,1,549491174,29,'2013-12-05 14:39:08','2013-12-05 14:39:08','2013-12-05 14:39:38'),(4080,1,549491174,29,'2013-12-05 14:39:28','2013-12-05 14:39:28','2013-12-05 14:39:58'),(4081,1,549491174,29,'2013-12-05 14:39:48','2013-12-05 14:39:48','2013-12-05 14:40:18'),(4082,1,549491174,29,'2013-12-05 14:40:08','2013-12-05 14:40:08','2013-12-05 14:40:38'),(4083,1,549491174,29,'2013-12-05 14:40:28','2013-12-05 14:40:28','2013-12-05 14:40:58'),(4084,1,549491174,29,'2013-12-05 14:40:48','2013-12-05 14:40:48','2013-12-05 14:41:18'),(4085,1,549491174,29,'2013-12-05 14:41:08','2013-12-05 14:41:08','2013-12-05 14:41:38'),(4086,1,549491174,29,'2013-12-05 14:41:28','2013-12-05 14:41:28','2013-12-05 14:41:58'),(4087,1,549491174,29,'2013-12-05 14:41:48','2013-12-05 14:41:48','2013-12-05 14:42:18'),(4088,1,549491174,29,'2013-12-05 14:42:08','2013-12-05 14:42:08','2013-12-05 14:42:38'),(4089,1,549491174,29,'2013-12-05 14:42:28','2013-12-05 14:42:28','2013-12-05 14:42:58'),(4090,1,549491174,29,'2013-12-05 14:42:48','2013-12-05 14:42:48','2013-12-05 14:43:18'),(4091,1,549491174,29,'2013-12-05 14:43:08','2013-12-05 14:43:08','2013-12-05 14:43:38'),(4092,1,549491174,29,'2013-12-05 14:43:28','2013-12-05 14:43:28','2013-12-05 14:43:58'),(4093,1,549491174,29,'2013-12-05 14:43:48','2013-12-05 14:43:48','2013-12-05 14:44:18'),(4094,1,549491174,29,'2013-12-05 14:44:08','2013-12-05 14:44:08','2013-12-05 14:44:38'),(4095,1,549491174,29,'2013-12-05 14:44:28','2013-12-05 14:44:28','2013-12-05 14:44:58'),(4096,1,549491174,29,'2013-12-05 14:44:48','2013-12-05 14:44:48','2013-12-05 14:45:18'),(4097,1,549491174,29,'2013-12-05 14:45:08','2013-12-05 14:45:08','2013-12-05 14:45:38'),(4098,1,549491174,29,'2013-12-05 14:45:28','2013-12-05 14:45:28','2013-12-05 14:45:58'),(4099,1,549491174,29,'2013-12-05 14:45:48','2013-12-05 14:45:48','2013-12-05 14:46:18'),(4100,1,549491174,29,'2013-12-05 14:46:08','2013-12-05 14:46:08','2013-12-05 14:46:38'),(4101,1,549491174,29,'2013-12-05 14:46:28','2013-12-05 14:46:28','2013-12-05 14:46:58'),(4102,1,549491174,29,'2013-12-05 14:46:48','2013-12-05 14:46:48','2013-12-05 14:47:18'),(4103,1,549491174,29,'2013-12-05 14:47:08','2013-12-05 14:47:08','2013-12-05 14:47:38'),(4104,1,549491174,29,'2013-12-05 14:47:28','2013-12-05 14:47:28','2013-12-05 14:47:58'),(4105,1,549491174,29,'2013-12-05 14:47:48','2013-12-05 14:47:48','2013-12-05 14:48:18'),(4106,1,549491174,29,'2013-12-05 14:48:08','2013-12-05 14:48:08','2013-12-05 14:48:38'),(4107,1,549491174,29,'2013-12-05 14:48:28','2013-12-05 14:48:28','2013-12-05 14:48:58'),(4108,1,549491174,29,'2013-12-05 14:48:48','2013-12-05 14:48:48','2013-12-05 14:49:18'),(4109,1,549491174,29,'2013-12-05 14:49:08','2013-12-05 14:49:08','2013-12-05 14:49:38'),(4110,1,549491174,29,'2013-12-05 14:49:28','2013-12-05 14:49:28','2013-12-05 14:49:58'),(4111,1,549491174,29,'2013-12-05 14:49:48','2013-12-05 14:49:48','2013-12-05 14:50:18'),(4112,1,549491174,29,'2013-12-05 14:50:08','2013-12-05 14:50:08','2013-12-05 14:50:38'),(4113,1,549491174,29,'2013-12-05 14:50:28','2013-12-05 14:50:28','2013-12-05 14:50:58'),(4114,1,549491174,29,'2013-12-05 14:50:48','2013-12-05 14:50:48','2013-12-05 14:51:18'),(4115,1,549491174,29,'2013-12-05 14:51:08','2013-12-05 14:51:08','2013-12-05 14:51:38'),(4116,1,549491174,29,'2013-12-05 14:51:28','2013-12-05 14:51:28','2013-12-05 14:51:58'),(4117,1,549491174,29,'2013-12-05 14:51:48','2013-12-05 14:51:48','2013-12-05 14:52:18'),(4118,1,549491174,29,'2013-12-05 14:52:08','2013-12-05 14:52:08','2013-12-05 14:52:38'),(4119,1,549491174,29,'2013-12-05 14:52:28','2013-12-05 14:52:28','2013-12-05 14:52:58'),(4120,1,549491174,29,'2013-12-05 14:52:48','2013-12-05 14:52:48','2013-12-05 14:53:18'),(4121,1,549491174,29,'2013-12-05 14:53:08','2013-12-05 14:53:08','2013-12-05 14:53:38'),(4122,1,549491174,29,'2013-12-05 14:53:28','2013-12-05 14:53:28','2013-12-05 14:53:58'),(4123,1,549491174,29,'2013-12-05 14:53:48','2013-12-05 14:53:48','2013-12-05 14:54:18'),(4124,1,549491174,29,'2013-12-05 14:54:08','2013-12-05 14:54:08','2013-12-05 14:54:38'),(4125,1,549491174,29,'2013-12-05 14:54:28','2013-12-05 14:54:28','2013-12-05 14:54:58'),(4126,1,549491174,29,'2013-12-05 14:54:48','2013-12-05 14:54:48','2013-12-05 14:55:18'),(4127,1,549491174,29,'2013-12-05 14:55:08','2013-12-05 14:55:08','2013-12-05 14:55:38'),(4128,1,549491174,29,'2013-12-05 14:55:28','2013-12-05 14:55:28','2013-12-05 14:55:58'),(4129,1,549491174,29,'2013-12-05 14:55:48','2013-12-05 14:55:48','2013-12-05 14:56:18'),(4130,1,549491174,29,'2013-12-05 14:56:08','2013-12-05 14:56:08','2013-12-05 14:56:38'),(4131,1,549491174,29,'2013-12-05 14:56:28','2013-12-05 14:56:28','2013-12-05 14:56:58'),(4132,1,549491174,29,'2013-12-05 14:56:49','2013-12-05 14:56:49','2013-12-05 14:57:19'),(4133,1,549491174,29,'2013-12-05 14:57:08','2013-12-05 14:57:08','2013-12-05 14:57:38'),(4134,1,549491174,29,'2013-12-05 14:57:29','2013-12-05 14:57:29','2013-12-05 14:57:59'),(4135,1,549491174,29,'2013-12-05 14:57:48','2013-12-05 14:57:48','2013-12-05 14:58:18'),(4136,1,549491174,29,'2013-12-05 14:58:09','2013-12-05 14:58:09','2013-12-05 14:58:39'),(4137,1,549491174,29,'2013-12-05 14:58:28','2013-12-05 14:58:28','2013-12-05 14:58:58'),(4138,1,549491174,29,'2013-12-05 14:58:49','2013-12-05 14:58:49','2013-12-05 14:59:19'),(4139,1,549491174,29,'2013-12-05 14:59:09','2013-12-05 14:59:09','2013-12-05 14:59:39'),(4140,1,549491174,29,'2013-12-05 14:59:29','2013-12-05 14:59:29','2013-12-05 14:59:59'),(4141,1,549491174,29,'2013-12-05 14:59:49','2013-12-05 14:59:49','2013-12-05 15:00:19'),(4142,1,549491174,29,'2013-12-05 15:00:09','2013-12-05 15:00:09','2013-12-05 15:00:39'),(4143,1,549491174,29,'2013-12-05 15:00:29','2013-12-05 15:00:29','2013-12-05 15:00:59'),(4144,1,549491174,29,'2013-12-05 15:00:49','2013-12-05 15:00:49','2013-12-05 15:01:19'),(4145,1,549491174,29,'2013-12-05 15:01:09','2013-12-05 15:01:09','2013-12-05 15:01:39'),(4146,1,549491174,29,'2013-12-05 15:01:29','2013-12-05 15:01:29','2013-12-05 15:01:59'),(4147,1,549491174,29,'2013-12-05 15:01:49','2013-12-05 15:01:49','2013-12-05 15:02:19'),(4148,1,549491174,29,'2013-12-05 15:02:09','2013-12-05 15:02:09','2013-12-05 15:02:39'),(4149,1,549491174,29,'2013-12-05 15:02:29','2013-12-05 15:02:29','2013-12-05 15:02:59'),(4150,1,549491174,29,'2013-12-05 15:02:49','2013-12-05 15:02:49','2013-12-05 15:03:19'),(4151,1,549491174,29,'2013-12-05 15:03:09','2013-12-05 15:03:09','2013-12-05 15:03:39'),(4152,1,549491174,29,'2013-12-05 15:03:29','2013-12-05 15:03:29','2013-12-05 15:03:59'),(4153,1,549491174,29,'2013-12-05 15:03:49','2013-12-05 15:03:49','2013-12-05 15:04:19'),(4154,1,549491174,29,'2013-12-05 15:04:09','2013-12-05 15:04:09','2013-12-05 15:04:39'),(4155,1,549491174,29,'2013-12-05 15:04:29','2013-12-05 15:04:29','2013-12-05 15:04:59'),(4156,1,549491174,29,'2013-12-05 15:04:49','2013-12-05 15:04:49','2013-12-05 15:05:19'),(4157,1,549491174,29,'2013-12-05 15:05:09','2013-12-05 15:05:09','2013-12-05 15:05:39'),(4158,1,549491174,29,'2013-12-05 15:05:29','2013-12-05 15:05:29','2013-12-05 15:05:59'),(4159,1,549491174,29,'2013-12-05 15:05:49','2013-12-05 15:05:49','2013-12-05 15:06:19'),(4160,1,549491174,29,'2013-12-05 15:06:09','2013-12-05 15:06:09','2013-12-05 15:06:39'),(4161,1,549491174,29,'2013-12-05 15:06:29','2013-12-05 15:06:29','2013-12-05 15:06:59'),(4162,1,549491174,29,'2013-12-05 15:06:49','2013-12-05 15:06:49','2013-12-05 15:07:19'),(4163,1,549491174,29,'2013-12-05 15:07:09','2013-12-05 15:07:09','2013-12-05 15:07:39'),(4164,1,549491174,29,'2013-12-05 15:07:29','2013-12-05 15:07:29','2013-12-05 15:07:59'),(4165,1,549491174,29,'2013-12-05 15:07:49','2013-12-05 15:07:49','2013-12-05 15:08:19'),(4166,1,549491174,29,'2013-12-05 15:08:09','2013-12-05 15:08:09','2013-12-05 15:08:39'),(4167,1,549491174,29,'2013-12-05 15:08:29','2013-12-05 15:08:29','2013-12-05 15:08:59'),(4168,1,549491174,29,'2013-12-05 15:08:49','2013-12-05 15:08:49','2013-12-05 15:09:19'),(4169,1,549491174,29,'2013-12-05 15:09:09','2013-12-05 15:09:09','2013-12-05 15:09:39'),(4170,1,549491174,29,'2013-12-05 15:09:29','2013-12-05 15:09:29','2013-12-05 15:09:59'),(4171,1,549491174,29,'2013-12-05 15:09:49','2013-12-05 15:09:49','2013-12-05 15:10:19'),(4172,1,549491174,29,'2013-12-05 15:10:09','2013-12-05 15:10:09','2013-12-05 15:10:39'),(4173,1,549491174,29,'2013-12-05 15:10:29','2013-12-05 15:10:29','2013-12-05 15:10:59'),(4174,1,549491174,29,'2013-12-05 15:10:49','2013-12-05 15:10:49','2013-12-05 15:11:19'),(4175,1,549491174,29,'2013-12-05 15:11:09','2013-12-05 15:11:09','2013-12-05 15:11:39'),(4176,1,549491174,29,'2013-12-05 15:11:29','2013-12-05 15:11:29','2013-12-05 15:11:59'),(4177,1,549491174,29,'2013-12-05 15:11:49','2013-12-05 15:11:49','2013-12-05 15:12:19'),(4178,1,549491174,29,'2013-12-05 15:12:09','2013-12-05 15:12:09','2013-12-05 15:12:39'),(4179,1,549491174,29,'2013-12-05 15:12:29','2013-12-05 15:12:29','2013-12-05 15:12:59'),(4180,1,549491174,29,'2013-12-05 15:12:49','2013-12-05 15:12:49','2013-12-05 15:13:19'),(4181,1,549491174,29,'2013-12-05 15:13:09','2013-12-05 15:13:09','2013-12-05 15:13:39'),(4182,1,549491174,29,'2013-12-05 15:13:29','2013-12-05 15:13:29','2013-12-05 15:13:59'),(4183,1,549491174,29,'2013-12-05 15:13:49','2013-12-05 15:13:49','2013-12-05 15:14:19'),(4184,1,549491174,29,'2013-12-05 15:14:09','2013-12-05 15:14:09','2013-12-05 15:14:39'),(4185,1,549491174,29,'2013-12-05 15:14:29','2013-12-05 15:14:29','2013-12-05 15:14:59'),(4186,1,549491174,29,'2013-12-05 15:14:49','2013-12-05 15:14:49','2013-12-05 15:15:19'),(4187,1,549491174,29,'2013-12-05 15:15:09','2013-12-05 15:15:09','2013-12-05 15:15:39'),(4188,1,549491174,29,'2013-12-05 15:15:29','2013-12-05 15:15:29','2013-12-05 15:15:59'),(4189,1,549491174,29,'2013-12-05 15:15:49','2013-12-05 15:15:49','2013-12-05 15:16:19'),(4190,1,549491174,29,'2013-12-05 15:16:09','2013-12-05 15:16:09','2013-12-05 15:16:39'),(4191,1,549491174,29,'2013-12-05 15:16:29','2013-12-05 15:16:29','2013-12-05 15:16:59'),(4192,1,549491174,29,'2013-12-05 15:16:49','2013-12-05 15:16:49','2013-12-05 15:17:19'),(4193,1,549491174,29,'2013-12-05 15:17:09','2013-12-05 15:17:09','2013-12-05 15:17:39'),(4194,1,549491174,29,'2013-12-05 15:17:29','2013-12-05 15:17:29','2013-12-05 15:17:59'),(4195,1,549491174,29,'2013-12-05 15:17:49','2013-12-05 15:17:49','2013-12-05 15:18:19'),(4196,1,549491174,29,'2013-12-05 15:18:09','2013-12-05 15:18:09','2013-12-05 15:18:39'),(4197,1,549491174,29,'2013-12-05 15:18:29','2013-12-05 15:18:29','2013-12-05 15:18:59'),(4198,1,549491174,29,'2013-12-05 15:18:49','2013-12-05 15:18:49','2013-12-05 15:19:19'),(4199,1,549491174,29,'2013-12-05 15:19:09','2013-12-05 15:19:09','2013-12-05 15:19:39'),(4200,1,549491174,29,'2013-12-05 15:19:29','2013-12-05 15:19:29','2013-12-05 15:19:59'),(4201,1,549491174,29,'2013-12-05 15:19:49','2013-12-05 15:19:49','2013-12-05 15:20:19'),(4202,1,549491174,29,'2013-12-05 15:20:09','2013-12-05 15:20:09','2013-12-05 15:20:39'),(4203,1,549491174,29,'2013-12-05 15:20:29','2013-12-05 15:20:29','2013-12-05 15:20:59'),(4204,1,549491174,29,'2013-12-05 15:20:49','2013-12-05 15:20:49','2013-12-05 15:21:19'),(4205,1,549491174,29,'2013-12-05 15:21:09','2013-12-05 15:21:09','2013-12-05 15:21:39'),(4206,1,549491174,29,'2013-12-05 15:21:29','2013-12-05 15:21:29','2013-12-05 15:21:59'),(4207,1,549491174,29,'2013-12-05 15:21:49','2013-12-05 15:21:49','2013-12-05 15:22:19'),(4208,1,549491174,29,'2013-12-05 15:22:09','2013-12-05 15:22:09','2013-12-05 15:22:39'),(4209,1,549491174,29,'2013-12-05 15:22:29','2013-12-05 15:22:29','2013-12-05 15:22:59'),(4210,1,549491174,29,'2013-12-05 15:22:49','2013-12-05 15:22:49','2013-12-05 15:23:19'),(4211,1,549491174,29,'2013-12-05 15:23:09','2013-12-05 15:23:09','2013-12-05 15:23:39'),(4212,1,549491174,29,'2013-12-05 15:23:30','2013-12-05 15:23:30','2013-12-05 15:24:00'),(4213,1,549491174,29,'2013-12-05 15:23:49','2013-12-05 15:23:49','2013-12-05 15:24:19'),(4214,1,549491174,29,'2013-12-05 15:24:10','2013-12-05 15:24:10','2013-12-05 15:24:40'),(4215,1,549491174,29,'2013-12-05 15:24:30','2013-12-05 15:24:30','2013-12-05 15:25:00'),(4216,1,549491174,29,'2013-12-05 15:24:50','2013-12-05 15:24:50','2013-12-05 15:25:20'),(4217,1,549491174,29,'2013-12-05 15:25:10','2013-12-05 15:25:10','2013-12-05 15:25:40'),(4218,1,549491174,29,'2013-12-05 15:25:30','2013-12-05 15:25:30','2013-12-05 15:26:00'),(4219,1,549491174,29,'2013-12-05 15:25:50','2013-12-05 15:25:50','2013-12-05 15:26:20'),(4220,1,549491174,29,'2013-12-05 15:26:10','2013-12-05 15:26:10','2013-12-05 15:26:40'),(4221,1,549491174,29,'2013-12-05 15:26:30','2013-12-05 15:26:30','2013-12-05 15:27:00'),(4222,1,549491174,29,'2013-12-05 15:26:50','2013-12-05 15:26:50','2013-12-05 15:27:20'),(4223,1,549491174,29,'2013-12-05 15:27:10','2013-12-05 15:27:10','2013-12-05 15:27:40'),(4224,1,549491174,29,'2013-12-05 15:27:30','2013-12-05 15:27:30','2013-12-05 15:28:00'),(4225,1,549491174,29,'2013-12-05 15:27:50','2013-12-05 15:27:50','2013-12-05 15:28:20'),(4226,1,549491174,29,'2013-12-05 15:28:10','2013-12-05 15:28:10','2013-12-05 15:28:40'),(4227,1,549491174,29,'2013-12-05 15:28:30','2013-12-05 15:28:30','2013-12-05 15:29:00'),(4228,1,549491174,29,'2013-12-05 15:28:50','2013-12-05 15:28:50','2013-12-05 15:29:20'),(4229,1,549491174,29,'2013-12-05 15:29:10','2013-12-05 15:29:10','2013-12-05 15:29:40'),(4230,1,549491174,29,'2013-12-05 15:29:30','2013-12-05 15:29:30','2013-12-05 15:30:00'),(4231,1,549491174,29,'2013-12-05 15:29:50','2013-12-05 15:29:50','2013-12-05 15:30:20'),(4232,1,549491174,29,'2013-12-05 15:30:10','2013-12-05 15:30:10','2013-12-05 15:30:40'),(4233,1,549491174,29,'2013-12-05 15:30:30','2013-12-05 15:30:30','2013-12-05 15:31:00'),(4234,1,549491174,29,'2013-12-05 15:30:50','2013-12-05 15:30:50','2013-12-05 15:31:20'),(4235,1,549491174,29,'2013-12-05 15:31:10','2013-12-05 15:31:10','2013-12-05 15:31:40'),(4236,1,549491174,29,'2013-12-05 15:31:30','2013-12-05 15:31:30','2013-12-05 15:32:00'),(4237,1,549491174,29,'2013-12-05 15:31:50','2013-12-05 15:31:50','2013-12-05 15:32:20'),(4238,1,549491174,29,'2013-12-05 15:32:10','2013-12-05 15:32:10','2013-12-05 15:32:40'),(4239,1,549491174,29,'2013-12-05 15:32:30','2013-12-05 15:32:30','2013-12-05 15:33:00'),(4240,1,549491174,29,'2013-12-05 15:32:50','2013-12-05 15:32:50','2013-12-05 15:33:20'),(4241,1,549491174,29,'2013-12-05 15:33:10','2013-12-05 15:33:10','2013-12-05 15:33:40'),(4242,1,549491174,29,'2013-12-05 15:33:30','2013-12-05 15:33:30','2013-12-05 15:34:00'),(4243,1,549491174,29,'2013-12-05 15:33:50','2013-12-05 15:33:50','2013-12-05 15:34:20'),(4244,1,549491174,29,'2013-12-05 15:34:10','2013-12-05 15:34:10','2013-12-05 15:34:40'),(4245,1,549491174,29,'2013-12-05 15:34:30','2013-12-05 15:34:30','2013-12-05 15:35:00'),(4246,1,549491174,29,'2013-12-05 15:34:50','2013-12-05 15:34:50','2013-12-05 15:35:20'),(4247,1,549491174,29,'2013-12-05 15:35:10','2013-12-05 15:35:10','2013-12-05 15:35:40'),(4248,1,549491174,29,'2013-12-05 15:35:30','2013-12-05 15:35:30','2013-12-05 15:36:00'),(4249,1,549491174,29,'2013-12-05 15:35:50','2013-12-05 15:35:50','2013-12-05 15:36:20'),(4250,1,549491174,29,'2013-12-05 15:36:10','2013-12-05 15:36:10','2013-12-05 15:36:40'),(4251,1,549491174,29,'2013-12-05 15:36:30','2013-12-05 15:36:30','2013-12-05 15:37:00'),(4252,1,549491174,29,'2013-12-05 15:36:50','2013-12-05 15:36:50','2013-12-05 15:37:20'),(4253,1,549491174,29,'2013-12-05 15:37:10','2013-12-05 15:37:10','2013-12-05 15:37:40'),(4254,1,549491174,29,'2013-12-05 15:37:30','2013-12-05 15:37:30','2013-12-05 15:38:00'),(4255,1,549491174,29,'2013-12-05 15:37:50','2013-12-05 15:37:50','2013-12-05 15:38:20'),(4256,1,549491174,29,'2013-12-05 15:38:10','2013-12-05 15:38:10','2013-12-05 15:38:40'),(4257,1,549491174,29,'2013-12-05 15:38:30','2013-12-05 15:38:30','2013-12-05 15:39:00'),(4258,1,549491174,29,'2013-12-05 15:38:50','2013-12-05 15:38:50','2013-12-05 15:39:20'),(4259,1,549491174,29,'2013-12-05 15:39:10','2013-12-05 15:39:10','2013-12-05 15:39:40'),(4260,1,549491174,29,'2013-12-05 15:39:30','2013-12-05 15:39:30','2013-12-05 15:40:00'),(4261,1,549491174,29,'2013-12-05 15:39:50','2013-12-05 15:39:50','2013-12-05 15:40:20'),(4262,1,549491174,29,'2013-12-05 15:40:10','2013-12-05 15:40:10','2013-12-05 15:40:40'),(4263,1,549491174,29,'2013-12-05 15:40:30','2013-12-05 15:40:30','2013-12-05 15:41:00'),(4264,1,549491174,29,'2013-12-05 15:40:50','2013-12-05 15:40:50','2013-12-05 15:41:20'),(4265,1,549491174,29,'2013-12-05 15:41:10','2013-12-05 15:41:10','2013-12-05 15:41:40'),(4266,1,549491174,29,'2013-12-05 15:41:30','2013-12-05 15:41:30','2013-12-05 15:42:00'),(4267,1,549491174,29,'2013-12-05 15:41:50','2013-12-05 15:41:50','2013-12-05 15:42:20'),(4268,1,549491174,29,'2013-12-05 15:42:10','2013-12-05 15:42:10','2013-12-05 15:42:40'),(4269,1,549491174,29,'2013-12-05 15:42:30','2013-12-05 15:42:30','2013-12-05 15:43:00'),(4270,1,549491174,29,'2013-12-05 15:42:50','2013-12-05 15:42:50','2013-12-05 15:43:20'),(4271,1,549491174,29,'2013-12-05 15:43:10','2013-12-05 15:43:10','2013-12-05 15:43:40'),(4272,1,549491174,29,'2013-12-05 15:43:30','2013-12-05 15:43:30','2013-12-05 15:44:00'),(4273,1,549491174,29,'2013-12-05 15:43:50','2013-12-05 15:43:50','2013-12-05 15:44:20'),(4274,1,549491174,29,'2013-12-05 15:44:10','2013-12-05 15:44:10','2013-12-05 15:44:40'),(4275,1,549491174,29,'2013-12-05 15:44:30','2013-12-05 15:44:30','2013-12-05 15:45:00'),(4276,1,549491174,29,'2013-12-05 15:44:50','2013-12-05 15:44:50','2013-12-05 15:45:20'),(4277,1,549491174,29,'2013-12-05 15:45:10','2013-12-05 15:45:10','2013-12-05 15:45:40'),(4278,1,549491174,29,'2013-12-05 15:45:30','2013-12-05 15:45:30','2013-12-05 15:46:00'),(4279,1,549491174,29,'2013-12-05 15:45:50','2013-12-05 15:45:50','2013-12-05 15:46:20'),(4280,1,549491174,29,'2013-12-05 15:46:10','2013-12-05 15:46:10','2013-12-05 15:46:40'),(4281,1,549491174,29,'2013-12-05 15:46:30','2013-12-05 15:46:30','2013-12-05 15:47:00'),(4282,1,549491174,29,'2013-12-05 15:46:50','2013-12-05 15:46:50','2013-12-05 15:47:20'),(4283,1,549491174,29,'2013-12-05 15:47:10','2013-12-05 15:47:10','2013-12-05 15:47:40'),(4284,1,549491174,29,'2013-12-05 15:47:30','2013-12-05 15:47:30','2013-12-05 15:48:00'),(4285,1,549491174,29,'2013-12-05 15:47:50','2013-12-05 15:47:50','2013-12-05 15:48:20'),(4286,1,549491174,29,'2013-12-05 15:48:10','2013-12-05 15:48:10','2013-12-05 15:48:40'),(4287,1,549491174,29,'2013-12-05 15:48:30','2013-12-05 15:48:30','2013-12-05 15:49:00'),(4288,1,549491174,29,'2013-12-05 15:48:50','2013-12-05 15:48:50','2013-12-05 15:49:20'),(4289,1,549491174,29,'2013-12-05 15:49:10','2013-12-05 15:49:10','2013-12-05 15:49:40'),(4290,1,549491174,29,'2013-12-05 15:49:30','2013-12-05 15:49:30','2013-12-05 15:50:00'),(4291,1,549491174,29,'2013-12-05 15:49:50','2013-12-05 15:49:50','2013-12-05 15:50:20'),(4292,1,549491174,29,'2013-12-05 15:50:10','2013-12-05 15:50:10','2013-12-05 15:50:40'),(4293,1,549491174,29,'2013-12-05 15:50:30','2013-12-05 15:50:30','2013-12-05 15:51:00'),(4294,1,549491174,29,'2013-12-05 15:50:50','2013-12-05 15:50:50','2013-12-05 15:51:20'),(4295,1,549491174,29,'2013-12-05 15:51:10','2013-12-05 15:51:10','2013-12-05 15:51:40'),(4296,1,549491174,29,'2013-12-05 15:51:31','2013-12-05 15:51:31','2013-12-05 15:52:01'),(4297,1,549491174,29,'2013-12-05 15:51:51','2013-12-05 15:51:51','2013-12-05 15:52:21'),(4298,1,549491174,29,'2013-12-05 15:52:11','2013-12-05 15:52:11','2013-12-05 15:52:41'),(4299,1,549491174,29,'2013-12-05 15:52:31','2013-12-05 15:52:31','2013-12-05 15:53:01'),(4300,1,549491174,29,'2013-12-05 15:52:51','2013-12-05 15:52:51','2013-12-05 15:53:21'),(4301,1,549491174,29,'2013-12-05 15:53:11','2013-12-05 15:53:11','2013-12-05 15:53:41'),(4302,1,549491174,29,'2013-12-05 15:53:31','2013-12-05 15:53:31','2013-12-05 15:54:01'),(4303,1,549491174,29,'2013-12-05 15:53:51','2013-12-05 15:53:51','2013-12-05 15:54:21'),(4304,1,549491174,29,'2013-12-05 15:54:11','2013-12-05 15:54:11','2013-12-05 15:54:41'),(4305,1,549491174,29,'2013-12-05 15:54:31','2013-12-05 15:54:31','2013-12-05 15:55:01'),(4306,1,549491174,29,'2013-12-05 15:54:51','2013-12-05 15:54:51','2013-12-05 15:55:21'),(4307,1,549491174,29,'2013-12-05 15:55:11','2013-12-05 15:55:11','2013-12-05 15:55:41'),(4308,1,549491174,29,'2013-12-05 15:55:31','2013-12-05 15:55:31','2013-12-05 15:56:01'),(4309,1,549491174,29,'2013-12-05 15:55:51','2013-12-05 15:55:51','2013-12-05 15:56:21'),(4310,1,549491174,29,'2013-12-05 15:56:11','2013-12-05 15:56:11','2013-12-05 15:56:41'),(4311,1,549491174,29,'2013-12-05 15:56:31','2013-12-05 15:56:31','2013-12-05 15:57:01'),(4312,1,549491174,29,'2013-12-05 15:56:51','2013-12-05 15:56:51','2013-12-05 15:57:21'),(4313,1,549491174,29,'2013-12-05 15:57:11','2013-12-05 15:57:11','2013-12-05 15:57:41'),(4314,1,549491174,29,'2013-12-05 15:57:31','2013-12-05 15:57:31','2013-12-05 15:58:01'),(4315,1,549491174,29,'2013-12-05 15:57:51','2013-12-05 15:57:51','2013-12-05 15:58:21'),(4316,1,549491174,29,'2013-12-05 15:58:11','2013-12-05 15:58:11','2013-12-05 15:58:41'),(4317,1,549491174,29,'2013-12-05 15:58:31','2013-12-05 15:58:31','2013-12-05 15:59:01'),(4318,1,549491174,29,'2013-12-05 15:58:51','2013-12-05 15:58:51','2013-12-05 15:59:21'),(4319,1,549491174,29,'2013-12-05 15:59:11','2013-12-05 15:59:11','2013-12-05 15:59:41'),(4320,1,549491174,29,'2013-12-05 15:59:31','2013-12-05 15:59:31','2013-12-05 16:00:01'),(4321,1,549491174,29,'2013-12-05 15:59:51','2013-12-05 15:59:51','2013-12-05 16:00:21'),(4322,1,549491174,29,'2013-12-05 16:00:11','2013-12-05 16:00:11','2013-12-05 16:00:41'),(4323,1,549491174,29,'2013-12-05 16:00:31','2013-12-05 16:00:31','2013-12-05 16:01:01'),(4324,1,549491174,29,'2013-12-05 16:00:51','2013-12-05 16:00:51','2013-12-05 16:01:21'),(4325,1,549491174,29,'2013-12-05 16:01:11','2013-12-05 16:01:11','2013-12-05 16:01:41'),(4326,1,549491174,29,'2013-12-05 16:01:31','2013-12-05 16:01:31','2013-12-05 16:02:01'),(4327,1,549491174,29,'2013-12-05 16:01:51','2013-12-05 16:01:51','2013-12-05 16:02:21'),(4328,1,549491174,29,'2013-12-05 16:02:11','2013-12-05 16:02:11','2013-12-05 16:02:41'),(4329,1,549491174,29,'2013-12-05 16:02:31','2013-12-05 16:02:31','2013-12-05 16:03:01'),(4330,1,549491174,29,'2013-12-05 16:02:51','2013-12-05 16:02:51','2013-12-05 16:03:21'),(4331,1,549491174,29,'2013-12-05 16:03:11','2013-12-05 16:03:11','2013-12-05 16:03:41'),(4332,1,549491174,29,'2013-12-05 16:03:31','2013-12-05 16:03:31','2013-12-05 16:04:01'),(4333,1,549491174,29,'2013-12-05 16:03:51','2013-12-05 16:03:51','2013-12-05 16:04:21'),(4334,1,549491174,29,'2013-12-05 16:04:11','2013-12-05 16:04:11','2013-12-05 16:04:41'),(4335,1,549491174,29,'2013-12-05 16:04:31','2013-12-05 16:04:31','2013-12-05 16:05:01'),(4336,1,549491174,29,'2013-12-05 16:04:51','2013-12-05 16:04:51','2013-12-05 16:05:21'),(4337,1,549491174,29,'2013-12-05 16:05:11','2013-12-05 16:05:11','2013-12-05 16:05:41'),(4338,1,549491174,29,'2013-12-05 16:05:31','2013-12-05 16:05:31','2013-12-05 16:06:01'),(4339,1,549491174,29,'2013-12-05 16:05:51','2013-12-05 16:05:51','2013-12-05 16:06:21'),(4340,1,549491174,29,'2013-12-05 16:06:11','2013-12-05 16:06:11','2013-12-05 16:06:41'),(4341,1,549491174,29,'2013-12-05 16:06:31','2013-12-05 16:06:31','2013-12-05 16:07:01'),(4342,1,549491174,29,'2013-12-05 16:06:51','2013-12-05 16:06:51','2013-12-05 16:07:21'),(4343,1,549491174,29,'2013-12-05 16:07:11','2013-12-05 16:07:11','2013-12-05 16:07:41'),(4344,1,549491174,29,'2013-12-05 16:07:31','2013-12-05 16:07:31','2013-12-05 16:08:01'),(4345,1,549491174,29,'2013-12-05 16:07:51','2013-12-05 16:07:51','2013-12-05 16:08:21'),(4346,1,549491174,29,'2013-12-05 16:08:11','2013-12-05 16:08:11','2013-12-05 16:08:41'),(4347,1,549491174,29,'2013-12-05 16:08:31','2013-12-05 16:08:31','2013-12-05 16:09:01'),(4348,1,549491174,29,'2013-12-05 16:08:51','2013-12-05 16:08:51','2013-12-05 16:09:21'),(4349,1,549491174,29,'2013-12-05 16:09:11','2013-12-05 16:09:11','2013-12-05 16:09:41'),(4350,1,549491174,29,'2013-12-05 16:09:31','2013-12-05 16:09:31','2013-12-05 16:10:01'),(4351,1,549491174,29,'2013-12-05 16:09:51','2013-12-05 16:09:51','2013-12-05 16:10:21'),(4352,1,549491174,29,'2013-12-05 16:10:11','2013-12-05 16:10:11','2013-12-05 16:10:41'),(4353,1,549491174,29,'2013-12-05 16:10:31','2013-12-05 16:10:31','2013-12-05 16:11:01'),(4354,1,549491174,29,'2013-12-05 16:10:51','2013-12-05 16:10:51','2013-12-05 16:11:21'),(4355,1,549491174,29,'2013-12-05 16:11:11','2013-12-05 16:11:11','2013-12-05 16:11:41'),(4356,1,549491174,29,'2013-12-05 16:11:31','2013-12-05 16:11:31','2013-12-05 16:12:01'),(4357,1,549491174,29,'2013-12-05 16:11:51','2013-12-05 16:11:51','2013-12-05 16:12:21'),(4358,1,549491174,29,'2013-12-05 16:12:11','2013-12-05 16:12:11','2013-12-05 16:12:41'),(4359,1,549491174,29,'2013-12-05 16:12:31','2013-12-05 16:12:31','2013-12-05 16:13:01'),(4360,1,549491174,29,'2013-12-05 16:12:51','2013-12-05 16:12:51','2013-12-05 16:13:21'),(4361,1,549491174,29,'2013-12-05 16:13:11','2013-12-05 16:13:11','2013-12-05 16:13:41'),(4362,1,549491174,29,'2013-12-05 16:13:31','2013-12-05 16:13:31','2013-12-05 16:14:01'),(4363,1,549491174,29,'2013-12-05 16:13:51','2013-12-05 16:13:51','2013-12-05 16:14:21'),(4364,1,549491174,29,'2013-12-05 16:14:11','2013-12-05 16:14:11','2013-12-05 16:14:41'),(4365,1,549491174,29,'2013-12-05 16:14:31','2013-12-05 16:14:31','2013-12-05 16:15:01'),(4366,1,549491174,29,'2013-12-05 16:14:51','2013-12-05 16:14:51','2013-12-05 16:15:21'),(4367,1,549491174,29,'2013-12-05 16:15:11','2013-12-05 16:15:11','2013-12-05 16:15:41'),(4368,1,549491174,29,'2013-12-05 16:15:31','2013-12-05 16:15:31','2013-12-05 16:16:01'),(4369,1,549491174,29,'2013-12-05 16:15:51','2013-12-05 16:15:51','2013-12-05 16:16:21'),(4370,1,549491174,29,'2013-12-05 16:16:11','2013-12-05 16:16:11','2013-12-05 16:16:41'),(4371,1,549491174,29,'2013-12-05 16:16:32','2013-12-05 16:16:32','2013-12-05 16:17:02'),(4372,1,549491174,29,'2013-12-05 16:16:51','2013-12-05 16:16:51','2013-12-05 16:17:21'),(4373,1,549491174,29,'2013-12-05 16:17:11','2013-12-05 16:17:11','2013-12-05 16:17:41'),(4374,1,549491174,29,'2013-12-05 16:17:31','2013-12-05 16:17:31','2013-12-05 16:18:01'),(4375,1,549491174,29,'2013-12-05 16:17:51','2013-12-05 16:17:51','2013-12-05 16:18:21'),(4376,1,549491174,29,'2013-12-05 16:18:12','2013-12-05 16:18:12','2013-12-05 16:18:42'),(4377,1,549491174,29,'2013-12-05 16:18:32','2013-12-05 16:18:32','2013-12-05 16:19:02'),(4378,1,549491174,29,'2013-12-05 16:18:52','2013-12-05 16:18:52','2013-12-05 16:19:22'),(4379,1,549491174,29,'2013-12-05 16:19:12','2013-12-05 16:19:12','2013-12-05 16:19:42'),(4380,1,549491174,29,'2013-12-05 16:19:32','2013-12-05 16:19:32','2013-12-05 16:20:02'),(4381,1,549491174,29,'2013-12-05 16:19:52','2013-12-05 16:19:52','2013-12-05 16:20:22'),(4382,1,549491174,29,'2013-12-05 16:20:12','2013-12-05 16:20:12','2013-12-05 16:20:42'),(4383,1,549491174,29,'2013-12-05 16:20:32','2013-12-05 16:20:32','2013-12-05 16:21:02'),(4384,1,549491174,29,'2013-12-05 16:20:52','2013-12-05 16:20:52','2013-12-05 16:21:22'),(4385,1,549491174,29,'2013-12-05 16:21:12','2013-12-05 16:21:12','2013-12-05 16:21:42'),(4386,1,549491174,29,'2013-12-05 16:21:32','2013-12-05 16:21:32','2013-12-05 16:22:02'),(4387,1,549491174,29,'2013-12-05 16:21:52','2013-12-05 16:21:52','2013-12-05 16:22:22'),(4388,1,549491174,29,'2013-12-05 16:22:12','2013-12-05 16:22:12','2013-12-05 16:22:42'),(4389,1,549491174,29,'2013-12-05 16:22:32','2013-12-05 16:22:32','2013-12-05 16:23:02'),(4390,1,549491174,29,'2013-12-05 16:22:52','2013-12-05 16:22:52','2013-12-05 16:23:22'),(4391,1,549491174,29,'2013-12-05 16:23:12','2013-12-05 16:23:12','2013-12-05 16:23:42'),(4392,1,549491174,29,'2013-12-05 16:23:32','2013-12-05 16:23:32','2013-12-05 16:24:02'),(4393,1,549491174,29,'2013-12-05 16:23:52','2013-12-05 16:23:52','2013-12-05 16:24:22'),(4394,1,549491174,29,'2013-12-05 16:24:12','2013-12-05 16:24:12','2013-12-05 16:24:42'),(4395,1,549491174,29,'2013-12-05 16:24:32','2013-12-05 16:24:32','2013-12-05 16:25:02'),(4396,1,549491174,29,'2013-12-05 16:24:52','2013-12-05 16:24:52','2013-12-05 16:25:22'),(4397,1,549491174,29,'2013-12-05 16:25:12','2013-12-05 16:25:12','2013-12-05 16:25:42'),(4398,1,549491174,29,'2013-12-05 16:25:32','2013-12-05 16:25:32','2013-12-05 16:26:02'),(4399,1,549491174,29,'2013-12-05 16:25:52','2013-12-05 16:25:52','2013-12-05 16:26:22'),(4400,1,549491174,29,'2013-12-05 16:26:12','2013-12-05 16:26:12','2013-12-05 16:26:42'),(4401,1,549491174,29,'2013-12-05 16:26:32','2013-12-05 16:26:32','2013-12-05 16:27:02'),(4402,1,549491174,29,'2013-12-05 16:26:52','2013-12-05 16:26:52','2013-12-05 16:27:22'),(4403,1,549491174,29,'2013-12-05 16:27:12','2013-12-05 16:27:12','2013-12-05 16:27:42'),(4404,1,549491174,29,'2013-12-05 16:27:32','2013-12-05 16:27:32','2013-12-05 16:28:02'),(4405,1,549491174,29,'2013-12-05 16:27:52','2013-12-05 16:27:52','2013-12-05 16:28:22'),(4406,1,549491174,29,'2013-12-05 16:28:12','2013-12-05 16:28:12','2013-12-05 16:28:42'),(4407,1,549491174,29,'2013-12-05 16:28:32','2013-12-05 16:28:32','2013-12-05 16:29:02'),(4408,1,549491174,29,'2013-12-05 16:28:52','2013-12-05 16:28:52','2013-12-05 16:29:22'),(4409,1,549491174,29,'2013-12-05 16:29:12','2013-12-05 16:29:12','2013-12-05 16:29:42'),(4410,1,549491174,29,'2013-12-05 16:29:32','2013-12-05 16:29:32','2013-12-05 16:30:02'),(4411,1,549491174,29,'2013-12-05 16:29:52','2013-12-05 16:29:52','2013-12-05 16:30:22'),(4412,1,549491174,29,'2013-12-05 16:30:12','2013-12-05 16:30:12','2013-12-05 16:30:42'),(4413,1,549491174,29,'2013-12-05 16:30:32','2013-12-05 16:30:32','2013-12-05 16:31:02'),(4414,1,549491174,29,'2013-12-05 16:30:52','2013-12-05 16:30:52','2013-12-05 16:31:22'),(4415,1,549491174,29,'2013-12-05 16:31:12','2013-12-05 16:31:12','2013-12-05 16:31:42'),(4416,1,549491174,29,'2013-12-05 16:31:32','2013-12-05 16:31:32','2013-12-05 16:32:02'),(4417,1,549491174,29,'2013-12-05 16:31:52','2013-12-05 16:31:52','2013-12-05 16:32:22'),(4418,1,549491174,29,'2013-12-05 16:32:12','2013-12-05 16:32:12','2013-12-05 16:32:42'),(4419,1,549491174,29,'2013-12-05 16:32:32','2013-12-05 16:32:32','2013-12-05 16:33:02'),(4420,1,549491174,29,'2013-12-05 16:32:52','2013-12-05 16:32:52','2013-12-05 16:33:22'),(4421,1,549491174,29,'2013-12-05 16:33:12','2013-12-05 16:33:12','2013-12-05 16:33:42'),(4422,1,549491174,29,'2013-12-05 16:33:32','2013-12-05 16:33:32','2013-12-05 16:34:02'),(4423,1,549491174,29,'2013-12-05 16:33:52','2013-12-05 16:33:52','2013-12-05 16:34:22'),(4424,1,549491174,29,'2013-12-05 16:34:12','2013-12-05 16:34:12','2013-12-05 16:34:42'),(4425,1,549491174,29,'2013-12-05 16:34:32','2013-12-05 16:34:32','2013-12-05 16:35:02'),(4426,1,549491174,29,'2013-12-05 16:34:52','2013-12-05 16:34:52','2013-12-05 16:35:22'),(4427,1,549491174,29,'2013-12-05 16:35:12','2013-12-05 16:35:12','2013-12-05 16:35:42'),(4428,1,549491174,29,'2013-12-05 16:35:32','2013-12-05 16:35:32','2013-12-05 16:36:02'),(4429,1,549491174,29,'2013-12-05 16:35:52','2013-12-05 16:35:52','2013-12-05 16:36:22'),(4430,1,549491174,29,'2013-12-05 16:36:12','2013-12-05 16:36:12','2013-12-05 16:36:42'),(4431,1,549491174,29,'2013-12-05 16:36:32','2013-12-05 16:36:32','2013-12-05 16:37:02'),(4432,1,549491174,29,'2013-12-05 16:36:52','2013-12-05 16:36:52','2013-12-05 16:37:22'),(4433,1,549491174,29,'2013-12-05 16:37:12','2013-12-05 16:37:12','2013-12-05 16:37:42'),(4434,1,549491174,29,'2013-12-05 16:37:32','2013-12-05 16:37:32','2013-12-05 16:38:02'),(4435,1,549491174,29,'2013-12-05 16:37:52','2013-12-05 16:37:52','2013-12-05 16:38:22'),(4436,1,549491174,29,'2013-12-05 16:38:12','2013-12-05 16:38:12','2013-12-05 16:38:42'),(4437,1,549491174,29,'2013-12-05 16:38:32','2013-12-05 16:38:32','2013-12-05 16:39:02'),(4438,1,549491174,29,'2013-12-05 16:38:52','2013-12-05 16:38:52','2013-12-05 16:39:22'),(4439,1,549491174,29,'2013-12-05 16:39:12','2013-12-05 16:39:12','2013-12-05 16:39:42'),(4440,1,549491174,29,'2013-12-05 16:39:32','2013-12-05 16:39:32','2013-12-05 16:40:02'),(4441,1,549491174,29,'2013-12-05 16:39:52','2013-12-05 16:39:52','2013-12-05 16:40:22'),(4442,1,549491174,29,'2013-12-05 16:40:12','2013-12-05 16:40:12','2013-12-05 16:40:42'),(4443,1,549491174,29,'2013-12-05 16:40:32','2013-12-05 16:40:32','2013-12-05 16:41:02'),(4444,1,549491174,29,'2013-12-05 16:40:52','2013-12-05 16:40:52','2013-12-05 16:41:22'),(4445,1,549491174,29,'2013-12-05 16:41:12','2013-12-05 16:41:12','2013-12-05 16:41:42'),(4446,1,549491174,29,'2013-12-05 16:41:32','2013-12-05 16:41:32','2013-12-05 16:42:02'),(4447,1,549491174,29,'2013-12-05 16:41:52','2013-12-05 16:41:52','2013-12-05 16:42:22'),(4448,1,549491174,29,'2013-12-05 16:42:12','2013-12-05 16:42:12','2013-12-05 16:42:42'),(4449,1,549491174,29,'2013-12-05 16:42:32','2013-12-05 16:42:32','2013-12-05 16:43:02'),(4450,1,549491174,29,'2013-12-05 16:42:52','2013-12-05 16:42:52','2013-12-05 16:43:22'),(4451,1,549491174,29,'2013-12-05 16:43:12','2013-12-05 16:43:12','2013-12-05 16:43:42'),(4452,1,549491174,29,'2013-12-05 16:43:32','2013-12-05 16:43:32','2013-12-05 16:44:02'),(4453,1,549491174,29,'2013-12-05 16:43:52','2013-12-05 16:43:52','2013-12-05 16:44:22'),(4454,1,549491174,29,'2013-12-05 16:44:12','2013-12-05 16:44:12','2013-12-05 16:44:42'),(4455,1,549491174,29,'2013-12-05 16:44:33','2013-12-05 16:44:33','2013-12-05 16:45:03'),(4456,1,549491174,29,'2013-12-05 16:44:53','2013-12-05 16:44:53','2013-12-05 16:45:23'),(4457,1,549491174,29,'2013-12-05 16:45:12','2013-12-05 16:45:12','2013-12-05 16:45:42'),(4458,1,549491174,29,'2013-12-05 16:45:32','2013-12-05 16:45:32','2013-12-05 16:46:02'),(4459,1,549491174,29,'2013-12-05 16:45:53','2013-12-05 16:45:53','2013-12-05 16:46:23'),(4460,1,549491174,29,'2013-12-05 16:46:13','2013-12-05 16:46:13','2013-12-05 16:46:43'),(4461,1,549491174,29,'2013-12-05 16:46:33','2013-12-05 16:46:33','2013-12-05 16:47:03'),(4462,1,549491174,29,'2013-12-05 16:46:53','2013-12-05 16:46:53','2013-12-05 16:47:23'),(4463,1,549491174,29,'2013-12-05 16:47:13','2013-12-05 16:47:13','2013-12-05 16:47:43'),(4464,1,549491174,29,'2013-12-05 16:47:33','2013-12-05 16:47:33','2013-12-05 16:48:03'),(4465,1,549491174,29,'2013-12-05 16:47:53','2013-12-05 16:47:53','2013-12-05 16:48:23'),(4466,1,549491174,29,'2013-12-05 16:48:13','2013-12-05 16:48:13','2013-12-05 16:48:43'),(4467,1,549491174,29,'2013-12-05 16:48:33','2013-12-05 16:48:33','2013-12-05 16:49:03'),(4468,1,549491174,29,'2013-12-05 16:48:53','2013-12-05 16:48:53','2013-12-05 16:49:23'),(4469,1,549491174,29,'2013-12-05 16:49:13','2013-12-05 16:49:13','2013-12-05 16:49:43'),(4470,1,549491174,29,'2013-12-05 16:49:33','2013-12-05 16:49:33','2013-12-05 16:50:03'),(4471,1,549491174,29,'2013-12-05 16:49:53','2013-12-05 16:49:53','2013-12-05 16:50:23'),(4472,1,549491174,29,'2013-12-05 16:50:13','2013-12-05 16:50:13','2013-12-05 16:50:43'),(4473,1,549491174,29,'2013-12-05 16:50:33','2013-12-05 16:50:33','2013-12-05 16:51:03'),(4474,1,549491174,29,'2013-12-05 16:50:53','2013-12-05 16:50:53','2013-12-05 16:51:23'),(4475,1,549491174,29,'2013-12-05 16:51:13','2013-12-05 16:51:13','2013-12-05 16:51:43'),(4476,1,549491174,29,'2013-12-05 16:51:33','2013-12-05 16:51:33','2013-12-05 16:52:03'),(4477,1,549491174,29,'2013-12-05 16:51:53','2013-12-05 16:51:53','2013-12-05 16:52:23'),(4478,1,549491174,29,'2013-12-05 16:52:13','2013-12-05 16:52:13','2013-12-05 16:52:43'),(4479,1,549491174,29,'2013-12-05 16:52:33','2013-12-05 16:52:33','2013-12-05 16:53:03'),(4480,1,549491174,29,'2013-12-05 16:52:53','2013-12-05 16:52:53','2013-12-05 16:53:23'),(4481,1,549491174,29,'2013-12-05 16:53:13','2013-12-05 16:53:13','2013-12-05 16:53:43'),(4482,1,549491174,29,'2013-12-05 16:53:33','2013-12-05 16:53:33','2013-12-05 16:54:03'),(4483,1,549491174,29,'2013-12-05 16:53:53','2013-12-05 16:53:53','2013-12-05 16:54:23'),(4484,1,549491174,29,'2013-12-05 16:54:13','2013-12-05 16:54:13','2013-12-05 16:54:43'),(4485,1,549491174,29,'2013-12-05 16:54:33','2013-12-05 16:54:33','2013-12-05 16:55:03'),(4486,1,549491174,29,'2013-12-05 16:54:53','2013-12-05 16:54:53','2013-12-05 16:55:23'),(4487,1,549491174,29,'2013-12-05 16:55:13','2013-12-05 16:55:13','2013-12-05 16:55:43'),(4488,1,549491174,29,'2013-12-05 16:55:33','2013-12-05 16:55:33','2013-12-05 16:56:03'),(4489,1,549491174,29,'2013-12-05 16:55:53','2013-12-05 16:55:53','2013-12-05 16:56:23'),(4490,1,549491174,29,'2013-12-05 16:56:13','2013-12-05 16:56:13','2013-12-05 16:56:43'),(4491,1,549491174,29,'2013-12-05 16:56:33','2013-12-05 16:56:33','2013-12-05 16:57:03'),(4492,1,549491174,29,'2013-12-05 16:56:53','2013-12-05 16:56:53','2013-12-05 16:57:23'),(4493,1,549491174,29,'2013-12-05 16:57:13','2013-12-05 16:57:13','2013-12-05 16:57:43'),(4494,1,549491174,29,'2013-12-05 16:57:33','2013-12-05 16:57:33','2013-12-05 16:58:03'),(4495,1,549491174,29,'2013-12-05 16:57:53','2013-12-05 16:57:53','2013-12-05 16:58:23'),(4496,1,549491174,29,'2013-12-05 16:58:13','2013-12-05 16:58:13','2013-12-05 16:58:43'),(4497,1,549491174,29,'2013-12-05 16:58:33','2013-12-05 16:58:33','2013-12-05 16:59:03'),(4498,1,549491174,29,'2013-12-05 16:58:53','2013-12-05 16:58:53','2013-12-05 16:59:23'),(4499,1,549491174,29,'2013-12-05 16:59:13','2013-12-05 16:59:13','2013-12-05 16:59:43'),(4500,1,549491174,29,'2013-12-05 16:59:33','2013-12-05 16:59:33','2013-12-05 17:00:03'),(4501,1,549491174,29,'2013-12-05 16:59:53','2013-12-05 16:59:53','2013-12-05 17:00:23'),(4502,1,549491174,29,'2013-12-05 17:00:13','2013-12-05 17:00:13','2013-12-05 17:00:43'),(4503,1,549491174,29,'2013-12-05 17:00:33','2013-12-05 17:00:33','2013-12-05 17:01:03'),(4504,1,549491174,29,'2013-12-05 17:00:53','2013-12-05 17:00:53','2013-12-05 17:01:23'),(4505,1,549491174,29,'2013-12-05 17:01:13','2013-12-05 17:01:13','2013-12-05 17:01:43'),(4506,1,549491174,29,'2013-12-05 17:01:33','2013-12-05 17:01:33','2013-12-05 17:02:03'),(4507,1,549491174,29,'2013-12-05 17:01:53','2013-12-05 17:01:53','2013-12-05 17:02:23'),(4508,1,549491174,29,'2013-12-05 17:02:13','2013-12-05 17:02:13','2013-12-05 17:02:43'),(4509,1,549491174,29,'2013-12-05 17:02:33','2013-12-05 17:02:33','2013-12-05 17:03:03'),(4510,1,549491174,29,'2013-12-05 17:02:53','2013-12-05 17:02:53','2013-12-05 17:03:23'),(4511,1,549491174,29,'2013-12-05 17:03:13','2013-12-05 17:03:13','2013-12-05 17:03:43'),(4512,1,549491174,29,'2013-12-05 17:03:33','2013-12-05 17:03:33','2013-12-05 17:04:03'),(4513,1,549491174,29,'2013-12-05 17:03:53','2013-12-05 17:03:53','2013-12-05 17:04:23'),(4514,1,549491174,29,'2013-12-05 17:04:13','2013-12-05 17:04:13','2013-12-05 17:04:43'),(4515,1,549491174,29,'2013-12-05 17:04:33','2013-12-05 17:04:33','2013-12-05 17:05:03'),(4516,1,549491174,29,'2013-12-05 17:04:53','2013-12-05 17:04:53','2013-12-05 17:05:23'),(4517,1,549491174,29,'2013-12-05 17:05:13','2013-12-05 17:05:13','2013-12-05 17:05:43'),(4518,1,549491174,29,'2013-12-05 17:05:33','2013-12-05 17:05:33','2013-12-05 17:06:03'),(4519,1,549491174,29,'2013-12-05 17:05:53','2013-12-05 17:05:53','2013-12-05 17:06:23'),(4520,1,549491174,29,'2013-12-05 17:06:13','2013-12-05 17:06:13','2013-12-05 17:06:43'),(4521,1,549491174,29,'2013-12-05 17:06:33','2013-12-05 17:06:33','2013-12-05 17:07:03'),(4522,1,549491174,29,'2013-12-05 17:06:53','2013-12-05 17:06:53','2013-12-05 17:07:23'),(4523,1,549491174,29,'2013-12-05 17:07:13','2013-12-05 17:07:13','2013-12-05 17:07:43'),(4524,1,549491174,29,'2013-12-05 17:07:33','2013-12-05 17:07:33','2013-12-05 17:08:03'),(4525,1,549491174,29,'2013-12-05 17:07:53','2013-12-05 17:07:53','2013-12-05 17:08:23'),(4526,1,549491174,29,'2013-12-05 17:08:13','2013-12-05 17:08:13','2013-12-05 17:08:43'),(4527,1,549491174,29,'2013-12-05 17:08:33','2013-12-05 17:08:33','2013-12-05 17:09:03'),(4528,1,549491174,29,'2013-12-05 17:08:53','2013-12-05 17:08:53','2013-12-05 17:09:23'),(4529,1,549491174,29,'2013-12-05 17:09:13','2013-12-05 17:09:13','2013-12-05 17:09:43'),(4530,1,549491174,29,'2013-12-05 17:09:33','2013-12-05 17:09:33','2013-12-05 17:10:03'),(4531,1,549491174,29,'2013-12-05 17:09:53','2013-12-05 17:09:53','2013-12-05 17:10:23'),(4532,1,549491174,29,'2013-12-05 17:10:13','2013-12-05 17:10:13','2013-12-05 17:10:43'),(4533,1,549491174,29,'2013-12-05 17:10:33','2013-12-05 17:10:33','2013-12-05 17:11:03'),(4534,1,549491174,29,'2013-12-05 17:10:53','2013-12-05 17:10:53','2013-12-05 17:11:23'),(4535,1,549491174,29,'2013-12-05 17:11:13','2013-12-05 17:11:13','2013-12-05 17:11:43'),(4536,1,549491174,29,'2013-12-05 17:11:33','2013-12-05 17:11:33','2013-12-05 17:12:03'),(4537,1,549491174,29,'2013-12-05 17:11:53','2013-12-05 17:11:53','2013-12-05 17:12:23'),(4538,1,549491174,29,'2013-12-05 17:12:13','2013-12-05 17:12:13','2013-12-05 17:12:43'),(4539,1,549491174,29,'2013-12-05 17:12:33','2013-12-05 17:12:33','2013-12-05 17:13:03'),(4540,1,549491174,29,'2013-12-05 17:12:54','2013-12-05 17:12:54','2013-12-05 17:13:24'),(4541,1,549491174,29,'2013-12-05 17:13:14','2013-12-05 17:13:14','2013-12-05 17:13:44'),(4542,1,549491174,29,'2013-12-05 17:13:34','2013-12-05 17:13:34','2013-12-05 17:14:04'),(4543,1,549491174,29,'2013-12-05 17:13:54','2013-12-05 17:13:54','2013-12-05 17:14:24'),(4544,1,549491174,29,'2013-12-05 17:14:14','2013-12-05 17:14:14','2013-12-05 17:14:44'),(4545,1,549491174,29,'2013-12-05 17:14:34','2013-12-05 17:14:34','2013-12-05 17:15:04'),(4546,1,549491174,29,'2013-12-05 17:14:54','2013-12-05 17:14:54','2013-12-05 17:15:24'),(4547,1,549491174,29,'2013-12-05 17:15:14','2013-12-05 17:15:14','2013-12-05 17:15:44'),(4548,1,549491174,29,'2013-12-05 17:15:34','2013-12-05 17:15:34','2013-12-05 17:16:04'),(4549,1,549491174,29,'2013-12-05 17:15:54','2013-12-05 17:15:54','2013-12-05 17:16:24'),(4550,1,549491174,29,'2013-12-05 17:16:14','2013-12-05 17:16:14','2013-12-05 17:16:44'),(4551,1,549491174,29,'2013-12-05 17:16:34','2013-12-05 17:16:34','2013-12-05 17:17:04'),(4552,1,549491174,29,'2013-12-05 17:16:54','2013-12-05 17:16:54','2013-12-05 17:17:24'),(4553,1,549491174,29,'2013-12-05 17:17:14','2013-12-05 17:17:14','2013-12-05 17:17:44'),(4554,1,549491174,29,'2013-12-05 17:17:34','2013-12-05 17:17:34','2013-12-05 17:18:04'),(4555,1,549491174,29,'2013-12-05 17:17:54','2013-12-05 17:17:54','2013-12-05 17:18:24'),(4556,1,549491174,29,'2013-12-05 17:18:14','2013-12-05 17:18:14','2013-12-05 17:18:44'),(4557,1,549491174,29,'2013-12-05 17:18:34','2013-12-05 17:18:34','2013-12-05 17:19:04'),(4558,1,549491174,29,'2013-12-05 17:18:54','2013-12-05 17:18:54','2013-12-05 17:19:24'),(4559,1,549491174,29,'2013-12-05 17:19:14','2013-12-05 17:19:14','2013-12-05 17:19:44'),(4560,1,549491174,29,'2013-12-05 17:19:34','2013-12-05 17:19:34','2013-12-05 17:20:04'),(4561,1,549491174,29,'2013-12-05 17:19:54','2013-12-05 17:19:54','2013-12-05 17:20:24'),(4562,1,549491174,29,'2013-12-05 17:20:14','2013-12-05 17:20:14','2013-12-05 17:20:44'),(4563,1,549491174,29,'2013-12-05 17:20:34','2013-12-05 17:20:34','2013-12-05 17:21:04'),(4564,1,549491174,29,'2013-12-05 17:20:54','2013-12-05 17:20:54','2013-12-05 17:21:24'),(4565,1,549491174,29,'2013-12-05 17:21:14','2013-12-05 17:21:14','2013-12-05 17:21:44'),(4566,1,549491174,29,'2013-12-05 17:21:34','2013-12-05 17:21:34','2013-12-05 17:22:04'),(4567,1,549491174,29,'2013-12-05 17:21:54','2013-12-05 17:21:54','2013-12-05 17:22:24'),(4568,1,549491174,29,'2013-12-05 17:22:14','2013-12-05 17:22:14','2013-12-05 17:22:44'),(4569,1,549491174,29,'2013-12-05 17:22:34','2013-12-05 17:22:34','2013-12-05 17:23:04'),(4570,1,549491174,29,'2013-12-05 17:22:54','2013-12-05 17:22:54','2013-12-05 17:23:24'),(4571,1,549491174,29,'2013-12-05 17:23:14','2013-12-05 17:23:14','2013-12-05 17:23:44'),(4572,1,549491174,29,'2013-12-05 17:23:34','2013-12-05 17:23:34','2013-12-05 17:24:04'),(4573,1,549491174,29,'2013-12-05 17:23:54','2013-12-05 17:23:54','2013-12-05 17:24:24'),(4574,1,549491174,29,'2013-12-05 17:24:14','2013-12-05 17:24:14','2013-12-05 17:24:44'),(4575,1,549491174,29,'2013-12-05 17:24:34','2013-12-05 17:24:34','2013-12-05 17:25:04'),(4576,1,549491174,29,'2013-12-05 17:24:54','2013-12-05 17:24:54','2013-12-05 17:25:24'),(4577,1,549491174,29,'2013-12-05 17:25:14','2013-12-05 17:25:14','2013-12-05 17:25:44'),(4578,1,549491174,29,'2013-12-05 17:25:34','2013-12-05 17:25:34','2013-12-05 17:26:04'),(4579,1,549491174,29,'2013-12-05 17:25:54','2013-12-05 17:25:54','2013-12-05 17:26:24'),(4580,1,549491174,29,'2013-12-05 17:26:14','2013-12-05 17:26:14','2013-12-05 17:26:44'),(4581,1,549491174,29,'2013-12-05 17:26:34','2013-12-05 17:26:34','2013-12-05 17:27:04'),(4582,1,549491174,29,'2013-12-05 17:26:54','2013-12-05 17:26:54','2013-12-05 17:27:24'),(4583,1,549491174,29,'2013-12-05 17:27:14','2013-12-05 17:27:14','2013-12-05 17:27:44'),(4584,1,549491174,29,'2013-12-05 17:27:34','2013-12-05 17:27:34','2013-12-05 17:28:04'),(4585,1,549491174,29,'2013-12-05 17:27:54','2013-12-05 17:27:54','2013-12-05 17:28:24'),(4586,1,549491174,29,'2013-12-05 17:28:14','2013-12-05 17:28:14','2013-12-05 17:28:44'),(4587,1,549491174,29,'2013-12-05 17:28:34','2013-12-05 17:28:34','2013-12-05 17:29:04'),(4588,1,549491174,29,'2013-12-05 17:28:54','2013-12-05 17:28:54','2013-12-05 17:29:24'),(4589,1,549491174,29,'2013-12-05 17:29:14','2013-12-05 17:29:14','2013-12-05 17:29:44'),(4590,1,549491174,29,'2013-12-05 17:29:34','2013-12-05 17:29:34','2013-12-05 17:30:04'),(4591,1,549491174,29,'2013-12-05 17:29:54','2013-12-05 17:29:54','2013-12-05 17:30:24'),(4592,1,549491174,29,'2013-12-05 17:30:14','2013-12-05 17:30:14','2013-12-05 17:30:44'),(4593,1,549491174,29,'2013-12-05 17:30:34','2013-12-05 17:30:34','2013-12-05 17:31:04'),(4594,1,549491174,29,'2013-12-05 17:30:54','2013-12-05 17:30:54','2013-12-05 17:31:24'),(4595,1,549491174,29,'2013-12-05 17:31:14','2013-12-05 17:31:14','2013-12-05 17:31:44'),(4596,1,549491174,29,'2013-12-05 17:31:34','2013-12-05 17:31:34','2013-12-05 17:32:04'),(4597,1,549491174,29,'2013-12-05 17:31:54','2013-12-05 17:31:54','2013-12-05 17:32:24'),(4598,1,549491174,29,'2013-12-05 17:32:14','2013-12-05 17:32:14','2013-12-05 17:32:44'),(4599,1,549491174,29,'2013-12-05 17:32:34','2013-12-05 17:32:34','2013-12-05 17:33:04'),(4600,1,549491174,29,'2013-12-05 17:32:54','2013-12-05 17:32:54','2013-12-05 17:33:24'),(4601,1,549491174,29,'2013-12-05 17:33:14','2013-12-05 17:33:14','2013-12-05 17:33:44'),(4602,1,549491174,29,'2013-12-05 17:33:34','2013-12-05 17:33:34','2013-12-05 17:34:04'),(4603,1,549491174,29,'2013-12-05 17:33:54','2013-12-05 17:33:54','2013-12-05 17:34:24'),(4604,1,549491174,29,'2013-12-05 17:34:14','2013-12-05 17:34:14','2013-12-05 17:34:44'),(4605,1,549491174,29,'2013-12-05 17:34:34','2013-12-05 17:34:34','2013-12-05 17:35:04'),(4606,1,549491174,29,'2013-12-05 17:34:54','2013-12-05 17:34:54','2013-12-05 17:35:24'),(4607,1,549491174,29,'2013-12-05 17:35:14','2013-12-05 17:35:14','2013-12-05 17:35:44'),(4608,1,549491174,29,'2013-12-05 17:35:34','2013-12-05 17:35:34','2013-12-05 17:36:04'),(4609,1,549491174,29,'2013-12-05 17:35:54','2013-12-05 17:35:54','2013-12-05 17:36:24'),(4610,1,549491174,29,'2013-12-05 17:36:14','2013-12-05 17:36:14','2013-12-05 17:36:44'),(4611,1,549491174,29,'2013-12-05 17:36:34','2013-12-05 17:36:34','2013-12-05 17:37:04'),(4612,1,549491174,29,'2013-12-05 17:36:54','2013-12-05 17:36:54','2013-12-05 17:37:24'),(4613,1,549491174,29,'2013-12-05 17:37:14','2013-12-05 17:37:14','2013-12-05 17:37:44'),(4614,1,549491174,29,'2013-12-05 17:37:34','2013-12-05 17:37:34','2013-12-05 17:38:04'),(4615,1,549491174,29,'2013-12-05 17:37:54','2013-12-05 17:37:54','2013-12-05 17:38:24'),(4616,1,549491174,29,'2013-12-05 17:38:14','2013-12-05 17:38:14','2013-12-05 17:38:44'),(4617,1,549491174,29,'2013-12-05 17:38:34','2013-12-05 17:38:34','2013-12-05 17:39:04'),(4618,1,549491174,29,'2013-12-05 17:38:54','2013-12-05 17:38:54','2013-12-05 17:39:24'),(4619,1,549491174,29,'2013-12-05 17:39:14','2013-12-05 17:39:14','2013-12-05 17:39:44'),(4620,1,549491174,29,'2013-12-05 17:39:35','2013-12-05 17:39:35','2013-12-05 17:40:05'),(4621,1,549491174,29,'2013-12-05 17:39:55','2013-12-05 17:39:55','2013-12-05 17:40:25'),(4622,1,549491174,29,'2013-12-05 17:40:15','2013-12-05 17:40:15','2013-12-05 17:40:45'),(4623,1,549491174,29,'2013-12-05 17:40:35','2013-12-05 17:40:35','2013-12-05 17:41:05'),(4624,1,549491174,29,'2013-12-05 17:40:55','2013-12-05 17:40:55','2013-12-05 17:41:25'),(4625,1,549491174,29,'2013-12-05 17:41:15','2013-12-05 17:41:15','2013-12-05 17:41:45'),(4626,1,549491174,29,'2013-12-05 17:41:35','2013-12-05 17:41:35','2013-12-05 17:42:05'),(4627,1,549491174,29,'2013-12-05 17:41:55','2013-12-05 17:41:55','2013-12-05 17:42:25'),(4628,1,549491174,29,'2013-12-05 17:42:15','2013-12-05 17:42:15','2013-12-05 17:42:45'),(4629,1,549491174,29,'2013-12-05 17:42:35','2013-12-05 17:42:35','2013-12-05 17:43:05'),(4630,1,549491174,29,'2013-12-05 17:42:55','2013-12-05 17:42:55','2013-12-05 17:43:25'),(4631,1,549491174,29,'2013-12-05 17:43:15','2013-12-05 17:43:15','2013-12-05 17:43:45'),(4632,1,549491174,29,'2013-12-05 17:43:35','2013-12-05 17:43:35','2013-12-05 17:44:05'),(4633,1,549491174,29,'2013-12-05 17:43:55','2013-12-05 17:43:55','2013-12-05 17:44:25'),(4634,1,549491174,29,'2013-12-05 17:44:15','2013-12-05 17:44:15','2013-12-05 17:44:45'),(4635,1,549491174,29,'2013-12-05 17:44:35','2013-12-05 17:44:35','2013-12-05 17:45:05'),(4636,1,549491174,29,'2013-12-05 17:44:55','2013-12-05 17:44:55','2013-12-05 17:45:25'),(4637,1,549491174,29,'2013-12-05 17:45:15','2013-12-05 17:45:15','2013-12-05 17:45:45'),(4638,1,549491174,29,'2013-12-05 17:45:35','2013-12-05 17:45:35','2013-12-05 17:46:05'),(4639,1,549491174,29,'2013-12-05 17:45:55','2013-12-05 17:45:55','2013-12-05 17:46:25'),(4640,1,549491174,29,'2013-12-05 17:46:15','2013-12-05 17:46:15','2013-12-05 17:46:45'),(4641,1,549491174,29,'2013-12-05 17:46:35','2013-12-05 17:46:35','2013-12-05 17:47:05'),(4642,1,549491174,29,'2013-12-05 17:46:55','2013-12-05 17:46:55','2013-12-05 17:47:25'),(4643,1,549491174,29,'2013-12-05 17:47:15','2013-12-05 17:47:15','2013-12-05 17:47:45'),(4644,1,549491174,29,'2013-12-05 17:47:35','2013-12-05 17:47:35','2013-12-05 17:48:05'),(4645,1,549491174,29,'2013-12-05 17:47:55','2013-12-05 17:47:55','2013-12-05 17:48:25'),(4646,1,549491174,29,'2013-12-05 17:48:15','2013-12-05 17:48:15','2013-12-05 17:48:45'),(4647,1,549491174,29,'2013-12-05 17:48:35','2013-12-05 17:48:35','2013-12-05 17:49:05'),(4648,1,549491174,29,'2013-12-05 17:48:55','2013-12-05 17:48:55','2013-12-05 17:49:25'),(4649,1,549491174,29,'2013-12-05 17:49:15','2013-12-05 17:49:15','2013-12-05 17:49:45'),(4650,1,549491174,29,'2013-12-05 17:49:35','2013-12-05 17:49:35','2013-12-05 17:50:05'),(4651,1,549491174,29,'2013-12-05 17:49:55','2013-12-05 17:49:55','2013-12-05 17:50:25'),(4652,1,549491174,29,'2013-12-05 17:50:15','2013-12-05 17:50:15','2013-12-05 17:50:45'),(4653,1,549491174,29,'2013-12-05 17:50:35','2013-12-05 17:50:35','2013-12-05 17:51:05'),(4654,1,549491174,29,'2013-12-05 17:50:55','2013-12-05 17:50:55','2013-12-05 17:51:25'),(4655,1,549491174,29,'2013-12-05 17:51:15','2013-12-05 17:51:15','2013-12-05 17:51:45'),(4656,1,549491174,29,'2013-12-05 17:51:35','2013-12-05 17:51:35','2013-12-05 17:52:05'),(4657,1,549491174,29,'2013-12-05 17:51:55','2013-12-05 17:51:55','2013-12-05 17:52:25'),(4658,1,549491174,29,'2013-12-05 17:52:15','2013-12-05 17:52:15','2013-12-05 17:52:45'),(4659,1,549491174,29,'2013-12-05 17:52:35','2013-12-05 17:52:35','2013-12-05 17:53:05'),(4660,1,549491174,29,'2013-12-05 17:52:55','2013-12-05 17:52:55','2013-12-05 17:53:25'),(4661,1,549491174,29,'2013-12-05 17:55:15','2013-12-05 17:55:15','2013-12-05 17:55:45'),(4662,1,549491174,29,'2013-12-05 17:56:36','2013-12-05 17:56:36','2013-12-05 17:57:06'),(4663,1,549491174,29,'2013-12-05 17:56:55','2013-12-05 17:56:55','2013-12-05 17:57:25'),(4664,1,549491174,29,'2013-12-05 17:57:15','2013-12-05 17:57:15','2013-12-05 17:57:45'),(4665,1,549491174,29,'2013-12-05 17:57:35','2013-12-05 17:57:35','2013-12-05 17:58:05'),(4666,1,549491174,29,'2013-12-05 17:57:55','2013-12-05 17:57:55','2013-12-05 17:58:25'),(4667,1,549491174,29,'2013-12-05 17:58:15','2013-12-05 17:58:15','2013-12-05 17:58:45'),(4668,1,549491174,29,'2013-12-05 17:58:35','2013-12-05 17:58:35','2013-12-05 17:59:05'),(4669,1,549491174,29,'2013-12-05 17:58:55','2013-12-05 17:58:55','2013-12-05 17:59:25'),(4670,1,549491174,29,'2013-12-05 17:59:15','2013-12-05 17:59:15','2013-12-05 17:59:45'),(4671,1,549491174,29,'2013-12-05 17:59:35','2013-12-05 17:59:35','2013-12-05 18:00:05'),(4672,1,549491174,29,'2013-12-05 17:59:55','2013-12-05 17:59:55','2013-12-05 18:00:25'),(4673,1,549491174,29,'2013-12-05 18:00:15','2013-12-05 18:00:15','2013-12-05 18:00:45'),(4674,1,549491174,29,'2013-12-05 18:00:35','2013-12-05 18:00:35','2013-12-05 18:01:05'),(4675,1,549491174,29,'2013-12-05 18:00:55','2013-12-05 18:00:55','2013-12-05 18:01:25'),(4676,1,549491174,29,'2013-12-05 18:01:15','2013-12-05 18:01:15','2013-12-05 18:01:45'),(4677,1,549491174,29,'2013-12-05 18:01:35','2013-12-05 18:01:35','2013-12-05 18:02:05'),(4678,1,549491174,29,'2013-12-05 18:01:55','2013-12-05 18:01:55','2013-12-05 18:02:25'),(4679,1,549491174,29,'2013-12-05 18:02:15','2013-12-05 18:02:15','2013-12-05 18:02:45'),(4680,1,549491174,29,'2013-12-05 18:02:35','2013-12-05 18:02:35','2013-12-05 18:03:05'),(4681,1,549491174,29,'2013-12-05 18:02:55','2013-12-05 18:02:55','2013-12-05 18:03:25'),(4682,1,549491174,29,'2013-12-05 18:03:15','2013-12-05 18:03:15','2013-12-05 18:03:45'),(4683,1,549491174,29,'2013-12-05 18:03:35','2013-12-05 18:03:35','2013-12-05 18:04:05'),(4684,1,549491174,29,'2013-12-05 18:03:55','2013-12-05 18:03:55','2013-12-05 18:04:25'),(4685,1,549491174,29,'2013-12-05 18:04:15','2013-12-05 18:04:15','2013-12-05 18:04:45'),(4686,1,549491174,29,'2013-12-05 18:04:35','2013-12-05 18:04:35','2013-12-05 18:05:05'),(4687,1,549491174,29,'2013-12-05 18:04:55','2013-12-05 18:04:55','2013-12-05 18:05:25'),(4688,1,549491174,29,'2013-12-05 18:05:15','2013-12-05 18:05:15','2013-12-05 18:05:45'),(4689,1,549491174,29,'2013-12-05 18:05:35','2013-12-05 18:05:35','2013-12-05 18:06:05'),(4690,1,549491174,29,'2013-12-05 18:05:55','2013-12-05 18:05:55','2013-12-05 18:06:25'),(4691,1,549491174,29,'2013-12-05 18:06:15','2013-12-05 18:06:15','2013-12-05 18:06:45'),(4692,1,549491174,29,'2013-12-05 18:06:35','2013-12-05 18:06:35','2013-12-05 18:07:05'),(4693,1,549491174,29,'2013-12-05 18:06:55','2013-12-05 18:06:55','2013-12-05 18:07:25'),(4694,1,549491174,29,'2013-12-05 18:07:16','2013-12-05 18:07:16','2013-12-05 18:07:46'),(4695,1,549491174,29,'2013-12-05 18:07:36','2013-12-05 18:07:36','2013-12-05 18:08:06'),(4696,1,549491174,29,'2013-12-05 18:07:56','2013-12-05 18:07:56','2013-12-05 18:08:26'),(4697,1,549491174,29,'2013-12-05 18:08:16','2013-12-05 18:08:16','2013-12-05 18:08:46'),(4698,1,549491174,29,'2013-12-05 18:08:36','2013-12-05 18:08:36','2013-12-05 18:09:06'),(4699,1,549491174,29,'2013-12-05 18:08:56','2013-12-05 18:08:56','2013-12-05 18:09:26'),(4700,1,549491174,29,'2013-12-05 18:09:16','2013-12-05 18:09:16','2013-12-05 18:09:46'),(4701,1,549491174,29,'2013-12-05 18:09:36','2013-12-05 18:09:36','2013-12-05 18:10:06'),(4702,1,549491174,29,'2013-12-05 18:09:56','2013-12-05 18:09:56','2013-12-05 18:10:26'),(4703,1,549491174,29,'2013-12-05 18:10:16','2013-12-05 18:10:16','2013-12-05 18:10:46'),(4704,1,549491174,29,'2013-12-05 18:10:36','2013-12-05 18:10:36','2013-12-05 18:11:06'),(4705,1,549491174,29,'2013-12-05 18:10:56','2013-12-05 18:10:56','2013-12-05 18:11:26'),(4706,1,549491174,29,'2013-12-05 18:11:16','2013-12-05 18:11:16','2013-12-05 18:11:46'),(4707,1,549491174,29,'2013-12-05 18:11:36','2013-12-05 18:11:36','2013-12-05 18:12:06'),(4708,1,549491174,29,'2013-12-05 18:11:56','2013-12-05 18:11:56','2013-12-05 18:12:26'),(4709,1,549491174,29,'2013-12-05 18:12:16','2013-12-05 18:12:16','2013-12-05 18:12:46'),(4710,1,549491174,29,'2013-12-05 18:12:36','2013-12-05 18:12:36','2013-12-05 18:13:06'),(4711,1,549491174,29,'2013-12-05 18:12:56','2013-12-05 18:12:56','2013-12-05 18:13:26'),(4712,1,549491174,29,'2013-12-05 18:13:16','2013-12-05 18:13:16','2013-12-05 18:13:46'),(4713,1,549491174,29,'2013-12-05 18:13:36','2013-12-05 18:13:36','2013-12-05 18:14:06'),(4714,1,549491174,29,'2013-12-05 18:13:56','2013-12-05 18:13:56','2013-12-05 18:14:26'),(4715,1,549491174,29,'2013-12-05 18:14:16','2013-12-05 18:14:16','2013-12-05 18:14:46'),(4716,1,549491174,29,'2013-12-05 18:14:36','2013-12-05 18:14:36','2013-12-05 18:15:06'),(4717,1,549491174,29,'2013-12-05 18:14:56','2013-12-05 18:14:56','2013-12-05 18:15:26'),(4718,1,549491174,29,'2013-12-05 18:15:16','2013-12-05 18:15:16','2013-12-05 18:15:46'),(4719,1,549491174,29,'2013-12-05 18:15:36','2013-12-05 18:15:36','2013-12-05 18:16:06'),(4720,1,549491174,29,'2013-12-05 18:15:56','2013-12-05 18:15:56','2013-12-05 18:16:26'),(4721,1,549491174,29,'2013-12-05 18:16:16','2013-12-05 18:16:16','2013-12-05 18:16:46'),(4722,1,549491174,29,'2013-12-05 18:17:16','2013-12-05 18:17:16','2013-12-05 18:17:46'),(4723,1,549491174,29,'2013-12-05 18:17:36','2013-12-05 18:17:36','2013-12-05 18:18:06'),(4724,1,549491174,29,'2013-12-05 18:17:56','2013-12-05 18:17:56','2013-12-05 18:18:26'),(4725,1,549491174,29,'2013-12-05 18:18:16','2013-12-05 18:18:16','2013-12-05 18:18:46'),(4726,1,549491174,29,'2013-12-05 18:18:36','2013-12-05 18:18:36','2013-12-05 18:19:06'),(4727,1,549491174,29,'2013-12-05 18:18:56','2013-12-05 18:18:56','2013-12-05 18:19:26'),(4728,1,549491174,29,'2013-12-05 18:19:16','2013-12-05 18:19:16','2013-12-05 18:19:46'),(4729,1,549491174,29,'2013-12-05 18:19:36','2013-12-05 18:19:36','2013-12-05 18:20:06'),(4730,1,549491174,29,'2013-12-05 18:19:56','2013-12-05 18:19:56','2013-12-05 18:20:26'),(4731,1,549491174,29,'2013-12-05 18:20:16','2013-12-05 18:20:16','2013-12-05 18:20:46'),(4732,1,549491174,29,'2013-12-05 18:20:36','2013-12-05 18:20:36','2013-12-05 18:21:06'),(4733,1,549491174,29,'2013-12-05 18:20:56','2013-12-05 18:20:56','2013-12-05 18:21:26'),(4734,1,549491174,29,'2013-12-05 18:21:16','2013-12-05 18:21:16','2013-12-05 18:21:46'),(4735,1,549491174,29,'2013-12-05 18:21:36','2013-12-05 18:21:36','2013-12-05 18:22:06'),(4736,1,549491174,29,'2013-12-05 18:21:56','2013-12-05 18:21:56','2013-12-05 18:22:26'),(4737,1,549491174,29,'2013-12-05 18:22:16','2013-12-05 18:22:16','2013-12-05 18:22:46'),(4738,1,549491174,29,'2013-12-05 18:22:36','2013-12-05 18:22:36','2013-12-05 18:23:06'),(4739,1,549491174,29,'2013-12-05 18:22:56','2013-12-05 18:22:56','2013-12-05 18:23:26'),(4740,1,549491174,29,'2013-12-05 18:23:37','2013-12-05 18:23:37','2013-12-05 18:24:07'),(4741,1,549491174,29,'2013-12-05 18:23:56','2013-12-05 18:23:56','2013-12-05 18:24:26'),(4742,1,549491174,29,'2013-12-05 18:24:16','2013-12-05 18:24:16','2013-12-05 18:24:46'),(4743,1,549491174,29,'2013-12-05 18:24:36','2013-12-05 18:24:36','2013-12-05 18:25:06'),(4744,1,549491174,29,'2013-12-05 18:24:56','2013-12-05 18:24:56','2013-12-05 18:25:26'),(4752,1,360783662,4,'2013-12-12 11:30:59','2013-12-12 11:30:59','2013-12-12 11:31:29'),(4753,1,360783662,4,'2013-12-12 11:31:08','2013-12-12 11:31:08','2013-12-12 11:31:38'),(4754,1,360783662,4,'2013-12-12 11:31:28','2013-12-12 11:31:28','2013-12-12 11:31:58'),(4755,1,360783662,4,'2013-12-12 11:31:48','2013-12-12 11:31:48','2013-12-12 11:32:18'),(4756,1,360783662,4,'2013-12-12 11:32:08','2013-12-12 11:32:08','2013-12-12 11:32:38'),(4757,1,360783662,4,'2013-12-12 11:32:28','2013-12-12 11:32:28','2013-12-12 11:32:58'),(4758,1,360783662,4,'2013-12-12 11:32:50','2013-12-12 11:32:50','2013-12-12 11:33:20'),(4759,1,360783662,4,'2013-12-12 11:33:08','2013-12-12 11:33:08','2013-12-12 11:33:38'),(4765,1,360783662,4,'2013-12-12 11:34:00','2013-12-12 11:34:00','2013-12-12 11:34:30'),(4766,1,999259655,31,'2013-12-12 11:34:27','2013-12-12 11:34:27','2013-12-12 12:04:27'),(4767,1,579219391,31,'2013-12-12 11:34:27','2013-12-12 11:34:27','2013-12-12 12:04:27'),(4768,1,360783662,31,'2013-12-12 11:34:27','2013-12-12 11:34:27','2013-12-12 12:04:27'),(4769,1,999259655,31,'2013-12-12 11:37:01','2013-12-12 11:37:01','2013-12-12 12:07:01'),(4770,1,579219391,31,'2013-12-12 11:37:01','2013-12-12 11:37:01','2013-12-12 12:07:01'),(4771,1,360783662,31,'2013-12-12 11:37:01','2013-12-12 11:37:01','2013-12-12 12:07:01'),(4772,1,999259655,31,'2013-12-12 11:37:30','2013-12-12 11:37:30','2013-12-12 12:07:30'),(4773,1,579219391,31,'2013-12-12 11:37:30','2013-12-12 11:37:30','2013-12-12 12:07:30'),(4774,1,360783662,31,'2013-12-12 11:37:30','2013-12-12 11:37:30','2013-12-12 12:07:30'),(4775,1,999259655,31,'2013-12-12 11:37:36','2013-12-12 11:37:36','2013-12-12 12:07:36'),(4776,1,579219391,31,'2013-12-12 11:37:36','2013-12-12 11:37:36','2013-12-12 12:07:36'),(4777,1,360783662,31,'2013-12-12 11:37:36','2013-12-12 11:37:36','2013-12-12 12:07:36'),(4778,1,999259655,31,'2013-12-12 11:39:32','2013-12-12 11:39:32','2013-12-12 12:09:32'),(4779,1,579219391,31,'2013-12-12 11:39:32','2013-12-12 11:39:32','2013-12-12 12:09:32'),(4780,1,360783662,31,'2013-12-12 11:39:32','2013-12-12 11:39:32','2013-12-12 12:09:32'),(4781,1,999259655,31,'2013-12-12 11:40:13','2013-12-12 11:40:13','2013-12-12 12:10:13'),(4782,1,579219391,31,'2013-12-12 11:40:13','2013-12-12 11:40:13','2013-12-12 12:10:13'),(4783,1,360783662,31,'2013-12-12 11:40:13','2013-12-12 11:40:13','2013-12-12 12:10:13'),(4784,1,999259655,31,'2013-12-12 11:55:21','2013-12-12 11:55:21','2013-12-12 12:25:21'),(4785,1,579219391,31,'2013-12-12 11:55:21','2013-12-12 11:55:21','2013-12-12 12:25:21'),(4786,1,360783662,31,'2013-12-12 11:55:21','2013-12-12 11:55:21','2013-12-12 12:25:21'),(4790,1,360783662,31,'2013-12-12 11:56:26','2013-12-12 11:56:40','2013-12-12 11:56:40'),(4791,1,579219391,31,'2013-12-12 11:56:42','2013-12-12 11:56:42','2013-12-12 11:57:12'),(4792,1,579219391,31,'2013-12-12 11:56:43','2013-12-12 11:56:43','2013-12-12 11:57:13'),(4802,1,579219391,31,'2013-12-12 11:58:01','2013-12-12 11:58:01','2013-12-12 11:58:31'),(4803,1,579219391,31,'2013-12-12 11:58:17','2013-12-12 11:58:17','2013-12-12 11:58:47'),(4809,1,999259655,31,'2013-12-12 11:59:11','2013-12-12 11:59:11','2013-12-12 11:59:41'),(4815,1,999259655,31,'2013-12-12 11:59:59','2013-12-12 12:00:03','2013-12-12 12:00:03'),(4816,1,360783662,31,'2013-12-12 12:00:04','2013-12-12 12:00:04','2013-12-12 12:00:34'),(4817,1,360783662,31,'2013-12-12 12:00:15','2013-12-12 12:00:15','2013-12-12 12:00:45'),(4825,1,360783662,31,'2013-12-12 12:01:10','2013-12-12 12:01:10','2013-12-12 12:01:40'),(4826,1,360783662,31,'2013-12-12 12:01:27','2013-12-12 12:01:27','2013-12-12 12:01:57'),(4827,1,360783662,31,'2013-12-12 12:01:47','2013-12-12 12:01:47','2013-12-12 12:02:17'),(4828,1,360783662,31,'2013-12-12 12:02:07','2013-12-12 12:02:07','2013-12-12 12:02:37'),(4829,1,360783662,31,'2013-12-12 12:02:27','2013-12-12 12:02:27','2013-12-12 12:02:57'),(4830,1,360783662,31,'2013-12-12 12:02:47','2013-12-12 12:02:47','2013-12-12 12:03:17'),(4831,1,360783662,31,'2013-12-12 12:03:07','2013-12-12 12:03:07','2013-12-12 12:03:37'),(4832,1,360783662,31,'2013-12-12 12:03:27','2013-12-12 12:03:27','2013-12-12 12:03:57'),(4833,1,360783662,31,'2013-12-12 12:03:47','2013-12-12 12:03:47','2013-12-12 12:04:17'),(4834,1,360783662,31,'2013-12-12 12:04:07','2013-12-12 12:04:07','2013-12-12 12:04:37'),(4835,1,360783662,31,'2013-12-12 12:04:27','2013-12-12 12:04:27','2013-12-12 12:04:57'),(4836,1,360783662,31,'2013-12-12 12:04:47','2013-12-12 12:04:47','2013-12-12 12:05:17'),(4837,1,360783662,31,'2013-12-12 12:05:07','2013-12-12 12:05:07','2013-12-12 12:05:37'),(4838,1,360783662,31,'2013-12-12 12:05:27','2013-12-12 12:05:27','2013-12-12 12:05:57'),(4839,1,360783662,31,'2013-12-12 12:05:47','2013-12-12 12:05:47','2013-12-12 12:06:17'),(4840,1,360783662,31,'2013-12-12 12:06:07','2013-12-12 12:06:07','2013-12-12 12:06:37'),(4841,1,360783662,31,'2013-12-12 12:06:27','2013-12-12 12:06:27','2013-12-12 12:06:57'),(4842,1,360783662,31,'2013-12-12 12:06:47','2013-12-12 12:06:47','2013-12-12 12:07:17'),(4843,1,360783662,31,'2013-12-12 12:07:07','2013-12-12 12:07:07','2013-12-12 12:07:37'),(4844,1,360783662,31,'2013-12-12 12:07:27','2013-12-12 12:07:27','2013-12-12 12:07:57'),(4845,1,360783662,31,'2013-12-12 12:07:47','2013-12-12 12:07:47','2013-12-12 12:08:17'),(4846,1,360783662,31,'2013-12-12 12:08:07','2013-12-12 12:08:07','2013-12-12 12:08:37'),(4847,1,360783662,31,'2013-12-12 12:08:27','2013-12-12 12:08:27','2013-12-12 12:08:57'),(4848,1,360783662,31,'2013-12-12 12:08:47','2013-12-12 12:08:47','2013-12-12 12:09:17'),(4849,1,360783662,31,'2013-12-12 12:09:07','2013-12-12 12:09:07','2013-12-12 12:09:37'),(4850,1,360783662,31,'2013-12-12 12:09:27','2013-12-12 12:09:27','2013-12-12 12:09:57'),(4851,1,360783662,31,'2013-12-12 12:09:47','2013-12-12 12:09:47','2013-12-12 12:10:17'),(4852,1,360783662,31,'2013-12-12 12:10:07','2013-12-12 12:10:07','2013-12-12 12:10:37'),(4853,1,360783662,31,'2013-12-12 12:10:27','2013-12-12 12:10:27','2013-12-12 12:10:57'),(4854,1,360783662,31,'2013-12-12 12:10:47','2013-12-12 12:10:47','2013-12-12 12:11:17'),(4855,1,360783662,31,'2013-12-12 12:11:07','2013-12-12 12:11:07','2013-12-12 12:11:37'),(4856,1,360783662,31,'2013-12-12 12:11:27','2013-12-12 12:11:27','2013-12-12 12:11:57'),(4857,1,360783662,31,'2013-12-12 12:11:47','2013-12-12 12:11:47','2013-12-12 12:12:17'),(4858,1,360783662,31,'2013-12-12 12:12:07','2013-12-12 12:12:07','2013-12-12 12:12:37'),(4859,1,360783662,31,'2013-12-12 12:12:27','2013-12-12 12:12:27','2013-12-12 12:12:57'),(4860,1,360783662,31,'2013-12-12 12:12:47','2013-12-12 12:12:47','2013-12-12 12:13:17'),(4861,1,360783662,31,'2013-12-12 12:13:07','2013-12-12 12:13:07','2013-12-12 12:13:37'),(4862,1,360783662,31,'2013-12-12 12:13:27','2013-12-12 12:13:27','2013-12-12 12:13:57'),(4863,1,360783662,31,'2013-12-12 12:13:47','2013-12-12 12:13:47','2013-12-12 12:14:17'),(4864,1,360783662,31,'2013-12-12 12:14:07','2013-12-12 12:14:07','2013-12-12 12:14:37'),(4865,1,360783662,31,'2013-12-12 12:14:27','2013-12-12 12:14:27','2013-12-12 12:14:57'),(4866,1,360783662,31,'2013-12-12 12:14:47','2013-12-12 12:14:47','2013-12-12 12:15:17'),(4867,1,360783662,31,'2013-12-12 12:15:07','2013-12-12 12:15:07','2013-12-12 12:15:37'),(4868,1,360783662,31,'2013-12-12 12:15:27','2013-12-12 12:15:27','2013-12-12 12:15:57'),(4869,1,360783662,31,'2013-12-12 12:15:47','2013-12-12 12:15:47','2013-12-12 12:16:17'),(4870,1,360783662,31,'2013-12-12 12:16:07','2013-12-12 12:16:07','2013-12-12 12:16:37'),(4871,1,360783662,31,'2013-12-12 12:16:27','2013-12-12 12:16:27','2013-12-12 12:16:57'),(4872,1,360783662,31,'2013-12-12 12:16:47','2013-12-12 12:16:47','2013-12-12 12:17:17'),(4873,1,360783662,31,'2013-12-12 12:17:07','2013-12-12 12:17:07','2013-12-12 12:17:37'),(4874,1,360783662,31,'2013-12-12 12:17:27','2013-12-12 12:17:27','2013-12-12 12:17:57'),(4875,1,360783662,31,'2013-12-12 12:17:47','2013-12-12 12:17:47','2013-12-12 12:18:17'),(4876,1,360783662,31,'2013-12-12 12:18:07','2013-12-12 12:18:07','2013-12-12 12:18:37'),(4877,1,360783662,31,'2013-12-12 12:18:27','2013-12-12 12:18:27','2013-12-12 12:18:57'),(4878,1,360783662,31,'2013-12-12 12:18:47','2013-12-12 12:18:47','2013-12-12 12:19:17'),(4879,1,360783662,31,'2013-12-12 12:19:07','2013-12-12 12:19:07','2013-12-12 12:19:37'),(4880,1,360783662,31,'2013-12-12 12:19:27','2013-12-12 12:19:27','2013-12-12 12:19:57'),(4881,1,360783662,31,'2013-12-12 12:19:47','2013-12-12 12:19:47','2013-12-12 12:20:17'),(4882,1,360783662,31,'2013-12-12 12:20:07','2013-12-12 12:20:07','2013-12-12 12:20:37'),(4883,1,360783662,31,'2013-12-12 12:20:27','2013-12-12 12:20:27','2013-12-12 12:20:57'),(4884,1,360783662,31,'2013-12-12 12:20:47','2013-12-12 12:20:47','2013-12-12 12:21:17'),(4885,1,360783662,31,'2013-12-12 12:21:07','2013-12-12 12:21:07','2013-12-12 12:21:37'),(4886,1,360783662,31,'2013-12-12 12:21:27','2013-12-12 12:21:27','2013-12-12 12:21:57'),(4887,1,360783662,31,'2013-12-12 12:21:47','2013-12-12 12:21:47','2013-12-12 12:22:17'),(4888,1,360783662,31,'2013-12-12 12:22:07','2013-12-12 12:22:07','2013-12-12 12:22:37'),(4889,1,360783662,31,'2013-12-12 12:22:27','2013-12-12 12:22:27','2013-12-12 12:22:57'),(4890,1,360783662,31,'2013-12-12 12:22:47','2013-12-12 12:22:47','2013-12-12 12:23:17'),(4891,1,360783662,31,'2013-12-12 12:23:07','2013-12-12 12:23:07','2013-12-12 12:23:37'),(4892,1,360783662,31,'2013-12-12 12:23:27','2013-12-12 12:23:27','2013-12-12 12:23:57'),(4893,1,360783662,31,'2013-12-12 12:23:47','2013-12-12 12:23:47','2013-12-12 12:24:17'),(4894,1,360783662,31,'2013-12-12 12:24:07','2013-12-12 12:24:07','2013-12-12 12:24:37'),(4895,1,360783662,31,'2013-12-12 12:24:27','2013-12-12 12:24:27','2013-12-12 12:24:57'),(4896,1,360783662,31,'2013-12-12 12:24:47','2013-12-12 12:24:47','2013-12-12 12:25:17'),(4897,1,360783662,31,'2013-12-12 12:25:08','2013-12-12 12:25:08','2013-12-12 12:25:38'),(4898,1,360783662,31,'2013-12-12 12:25:28','2013-12-12 12:25:28','2013-12-12 12:25:58'),(4899,1,360783662,31,'2013-12-12 12:25:48','2013-12-12 12:25:48','2013-12-12 12:26:18'),(4900,1,360783662,31,'2013-12-12 12:26:08','2013-12-12 12:26:08','2013-12-12 12:26:38'),(4901,1,360783662,31,'2013-12-12 12:26:28','2013-12-12 12:26:28','2013-12-12 12:26:58'),(4902,1,360783662,31,'2013-12-12 12:26:48','2013-12-12 12:26:48','2013-12-12 12:27:18'),(4903,1,360783662,31,'2013-12-12 12:27:08','2013-12-12 12:27:08','2013-12-12 12:27:38'),(4904,1,360783662,31,'2013-12-12 12:27:28','2013-12-12 12:27:28','2013-12-12 12:27:58'),(4905,1,360783662,31,'2013-12-12 12:27:48','2013-12-12 12:27:48','2013-12-12 12:28:18'),(4906,1,360783662,31,'2013-12-12 12:28:08','2013-12-12 12:28:08','2013-12-12 12:28:38'),(4907,1,360783662,31,'2013-12-12 12:28:28','2013-12-12 12:28:28','2013-12-12 12:28:58'),(4908,1,360783662,31,'2013-12-12 12:28:48','2013-12-12 12:28:48','2013-12-12 12:29:18'),(4909,1,360783662,31,'2013-12-12 12:29:08','2013-12-12 12:29:08','2013-12-12 12:29:38'),(4910,1,360783662,31,'2013-12-12 12:29:28','2013-12-12 12:29:28','2013-12-12 12:29:58'),(4911,1,360783662,31,'2013-12-12 12:29:48','2013-12-12 12:29:48','2013-12-12 12:30:18'),(4912,1,360783662,31,'2013-12-12 12:30:08','2013-12-12 12:30:08','2013-12-12 12:30:38'),(4913,1,360783662,31,'2013-12-12 12:30:28','2013-12-12 12:30:28','2013-12-12 12:30:58'),(4914,1,360783662,31,'2013-12-12 12:30:48','2013-12-12 12:30:48','2013-12-12 12:31:18'),(4915,1,360783662,31,'2013-12-12 12:31:08','2013-12-12 12:31:08','2013-12-12 12:31:38'),(4916,1,360783662,31,'2013-12-12 12:31:28','2013-12-12 12:31:28','2013-12-12 12:31:58'),(4917,1,360783662,31,'2013-12-12 12:31:48','2013-12-12 12:31:48','2013-12-12 12:32:18'),(4918,1,360783662,31,'2013-12-12 12:32:08','2013-12-12 12:32:08','2013-12-12 12:32:38'),(4919,1,360783662,31,'2013-12-12 12:32:28','2013-12-12 12:32:28','2013-12-12 12:32:58'),(4920,1,360783662,31,'2013-12-12 12:32:48','2013-12-12 12:32:48','2013-12-12 12:33:18'),(4921,1,360783662,31,'2013-12-12 12:33:08','2013-12-12 12:33:08','2013-12-12 12:33:38'),(4922,1,360783662,31,'2013-12-12 12:33:28','2013-12-12 12:33:28','2013-12-12 12:33:58'),(4923,1,360783662,31,'2013-12-12 12:33:48','2013-12-12 12:33:48','2013-12-12 12:34:18'),(4924,1,360783662,31,'2013-12-12 12:34:08','2013-12-12 12:34:08','2013-12-12 12:34:38'),(4925,1,360783662,31,'2013-12-12 12:34:28','2013-12-12 12:34:28','2013-12-12 12:34:58'),(4926,1,360783662,31,'2013-12-12 12:34:48','2013-12-12 12:34:48','2013-12-12 12:35:18'),(4927,1,360783662,31,'2013-12-12 12:35:08','2013-12-12 12:35:08','2013-12-12 12:35:38'),(4928,1,360783662,31,'2013-12-12 12:35:28','2013-12-12 12:35:28','2013-12-12 12:35:58'),(4929,1,360783662,31,'2013-12-12 12:35:48','2013-12-12 12:35:48','2013-12-12 12:36:18'),(4930,1,360783662,31,'2013-12-12 12:36:08','2013-12-12 12:36:08','2013-12-12 12:36:38'),(4931,1,360783662,31,'2013-12-12 12:36:28','2013-12-12 12:36:28','2013-12-12 12:36:58'),(4932,1,360783662,31,'2013-12-12 12:36:48','2013-12-12 12:36:48','2013-12-12 12:37:18'),(4933,1,360783662,31,'2013-12-12 12:37:08','2013-12-12 12:37:08','2013-12-12 12:37:38'),(4934,1,360783662,31,'2013-12-12 12:37:28','2013-12-12 12:37:28','2013-12-12 12:37:58'),(4935,1,360783662,31,'2013-12-12 12:37:48','2013-12-12 12:37:48','2013-12-12 12:38:18'),(4936,1,360783662,31,'2013-12-12 12:38:08','2013-12-12 12:38:08','2013-12-12 12:38:38'),(4937,1,360783662,31,'2013-12-12 12:38:28','2013-12-12 12:38:28','2013-12-12 12:38:58'),(4938,1,360783662,31,'2013-12-12 12:38:48','2013-12-12 12:38:48','2013-12-12 12:39:18'),(4939,1,360783662,31,'2013-12-12 12:39:08','2013-12-12 12:39:08','2013-12-12 12:39:38'),(4940,1,360783662,31,'2013-12-12 12:39:28','2013-12-12 12:39:28','2013-12-12 12:39:58'),(4941,1,360783662,31,'2013-12-12 12:39:48','2013-12-12 12:39:48','2013-12-12 12:40:18'),(4942,1,360783662,31,'2013-12-12 12:40:08','2013-12-12 12:40:08','2013-12-12 12:40:38'),(4943,1,360783662,31,'2013-12-12 12:40:28','2013-12-12 12:40:28','2013-12-12 12:40:58'),(4944,1,360783662,31,'2013-12-12 12:40:48','2013-12-12 12:40:48','2013-12-12 12:41:18'),(4945,1,360783662,31,'2013-12-12 12:41:08','2013-12-12 12:41:08','2013-12-12 12:41:38'),(4946,1,360783662,31,'2013-12-12 12:41:28','2013-12-12 12:41:28','2013-12-12 12:41:58'),(4947,1,360783662,31,'2013-12-12 12:41:48','2013-12-12 12:41:48','2013-12-12 12:42:18'),(4948,1,360783662,31,'2013-12-12 12:42:08','2013-12-12 12:42:08','2013-12-12 12:42:38'),(4949,1,360783662,31,'2013-12-12 12:42:28','2013-12-12 12:42:28','2013-12-12 12:42:58'),(4950,1,360783662,31,'2013-12-12 12:42:48','2013-12-12 12:42:48','2013-12-12 12:43:18'),(4951,1,360783662,31,'2013-12-12 12:43:08','2013-12-12 12:43:08','2013-12-12 12:43:38'),(4952,1,360783662,31,'2013-12-12 12:43:28','2013-12-12 12:43:28','2013-12-12 12:43:58'),(4953,1,360783662,31,'2013-12-12 12:43:48','2013-12-12 12:43:48','2013-12-12 12:44:18'),(4954,1,360783662,31,'2013-12-12 12:44:08','2013-12-12 12:44:08','2013-12-12 12:44:38'),(4955,1,360783662,31,'2013-12-12 12:44:28','2013-12-12 12:44:28','2013-12-12 12:44:58'),(4956,1,360783662,31,'2013-12-12 12:44:48','2013-12-12 12:44:48','2013-12-12 12:45:18'),(4957,1,360783662,31,'2013-12-12 12:45:08','2013-12-12 12:45:08','2013-12-12 12:45:38'),(4958,1,360783662,31,'2013-12-12 12:45:28','2013-12-12 12:45:28','2013-12-12 12:45:58'),(4959,1,360783662,31,'2013-12-12 12:45:48','2013-12-12 12:45:48','2013-12-12 12:46:18'),(4960,1,360783662,31,'2013-12-12 12:46:08','2013-12-12 12:46:08','2013-12-12 12:46:38'),(4961,1,360783662,31,'2013-12-12 12:46:28','2013-12-12 12:46:28','2013-12-12 12:46:58'),(4962,1,360783662,31,'2013-12-12 12:46:48','2013-12-12 12:46:48','2013-12-12 12:47:18'),(4963,1,360783662,31,'2013-12-12 12:47:09','2013-12-12 12:47:09','2013-12-12 12:47:39'),(4964,1,360783662,31,'2013-12-12 12:47:29','2013-12-12 12:47:29','2013-12-12 12:47:59'),(4965,1,360783662,31,'2013-12-12 12:47:49','2013-12-12 12:47:49','2013-12-12 12:48:19'),(4966,1,360783662,31,'2013-12-12 12:48:09','2013-12-12 12:48:09','2013-12-12 12:48:39'),(4967,1,360783662,31,'2013-12-12 12:48:29','2013-12-12 12:48:29','2013-12-12 12:48:59'),(4968,1,360783662,31,'2013-12-12 12:48:49','2013-12-12 12:48:49','2013-12-12 12:49:19'),(4969,1,360783662,31,'2013-12-12 12:49:09','2013-12-12 12:49:09','2013-12-12 12:49:39'),(4970,1,360783662,31,'2013-12-12 12:49:29','2013-12-12 12:49:29','2013-12-12 12:49:59'),(4971,1,360783662,31,'2013-12-12 12:49:49','2013-12-12 12:49:49','2013-12-12 12:50:19'),(4972,1,360783662,31,'2013-12-12 12:50:09','2013-12-12 12:50:09','2013-12-12 12:50:39'),(4973,1,360783662,31,'2013-12-12 12:50:29','2013-12-12 12:50:29','2013-12-12 12:50:59'),(4974,1,360783662,31,'2013-12-12 12:50:49','2013-12-12 12:50:49','2013-12-12 12:51:19'),(4975,1,360783662,31,'2013-12-12 12:51:09','2013-12-12 12:51:09','2013-12-12 12:51:39'),(4976,1,360783662,31,'2013-12-12 12:51:29','2013-12-12 12:51:29','2013-12-12 12:51:59'),(4977,1,360783662,31,'2013-12-12 12:51:49','2013-12-12 12:51:49','2013-12-12 12:52:19'),(4978,1,360783662,31,'2013-12-12 12:52:09','2013-12-12 12:52:09','2013-12-12 12:52:39'),(4979,1,360783662,31,'2013-12-12 12:52:29','2013-12-12 12:52:29','2013-12-12 12:52:59'),(4980,1,360783662,31,'2013-12-12 12:52:49','2013-12-12 12:52:49','2013-12-12 12:53:19'),(4981,1,360783662,31,'2013-12-12 12:53:09','2013-12-12 12:53:09','2013-12-12 12:53:39'),(4982,1,360783662,31,'2013-12-12 12:53:29','2013-12-12 12:53:29','2013-12-12 12:53:59'),(4983,1,360783662,31,'2013-12-12 12:53:49','2013-12-12 12:53:49','2013-12-12 12:54:19'),(4984,1,360783662,31,'2013-12-12 12:54:09','2013-12-12 12:54:09','2013-12-12 12:54:39'),(4985,1,360783662,31,'2013-12-12 12:54:29','2013-12-12 12:54:29','2013-12-12 12:54:59'),(4986,1,360783662,31,'2013-12-12 12:54:49','2013-12-12 12:54:49','2013-12-12 12:55:19'),(4987,1,360783662,31,'2013-12-12 12:55:09','2013-12-12 12:55:09','2013-12-12 12:55:39'),(4988,1,360783662,31,'2013-12-12 12:55:29','2013-12-12 12:55:29','2013-12-12 12:55:59'),(4989,1,360783662,31,'2013-12-12 12:55:49','2013-12-12 12:55:49','2013-12-12 12:56:19'),(4990,1,360783662,31,'2013-12-12 12:56:09','2013-12-12 12:56:09','2013-12-12 12:56:39'),(4991,1,360783662,31,'2013-12-12 12:56:29','2013-12-12 12:56:29','2013-12-12 12:56:59'),(4992,1,360783662,31,'2013-12-12 12:56:49','2013-12-12 12:56:49','2013-12-12 12:57:19'),(4993,1,360783662,31,'2013-12-12 12:57:09','2013-12-12 12:57:09','2013-12-12 12:57:39'),(4994,1,360783662,31,'2013-12-12 12:57:29','2013-12-12 12:57:29','2013-12-12 12:57:59'),(4995,1,360783662,31,'2013-12-12 12:57:49','2013-12-12 12:57:49','2013-12-12 12:58:19'),(4996,1,360783662,31,'2013-12-12 12:58:09','2013-12-12 12:58:09','2013-12-12 12:58:39'),(4997,1,360783662,31,'2013-12-12 12:58:29','2013-12-12 12:58:29','2013-12-12 12:58:59'),(4998,1,360783662,31,'2013-12-12 12:58:49','2013-12-12 12:58:49','2013-12-12 12:59:19'),(4999,1,360783662,31,'2013-12-12 12:59:09','2013-12-12 12:59:09','2013-12-12 12:59:39'),(5000,1,360783662,31,'2013-12-12 12:59:29','2013-12-12 12:59:29','2013-12-12 12:59:59'),(5001,1,360783662,31,'2013-12-12 12:59:49','2013-12-12 12:59:49','2013-12-12 13:00:19'),(5002,1,360783662,31,'2013-12-12 13:00:09','2013-12-12 13:00:09','2013-12-12 13:00:39'),(5003,1,360783662,31,'2013-12-12 13:00:29','2013-12-12 13:00:29','2013-12-12 13:00:59'),(5004,1,360783662,31,'2013-12-12 13:00:49','2013-12-12 13:00:49','2013-12-12 13:01:19'),(5005,1,360783662,31,'2013-12-12 13:01:09','2013-12-12 13:01:09','2013-12-12 13:01:39'),(5006,1,360783662,31,'2013-12-12 13:01:29','2013-12-12 13:01:29','2013-12-12 13:01:59'),(5007,1,360783662,31,'2013-12-12 13:01:49','2013-12-12 13:01:49','2013-12-12 13:02:19'),(5008,1,360783662,31,'2013-12-12 13:02:09','2013-12-12 13:02:09','2013-12-12 13:02:39'),(5009,1,360783662,31,'2013-12-12 13:02:29','2013-12-12 13:02:29','2013-12-12 13:02:59'),(5010,1,360783662,31,'2013-12-12 13:02:49','2013-12-12 13:02:49','2013-12-12 13:03:19'),(5011,1,360783662,31,'2013-12-12 13:03:09','2013-12-12 13:03:09','2013-12-12 13:03:39'),(5012,1,360783662,31,'2013-12-12 13:03:29','2013-12-12 13:03:29','2013-12-12 13:03:59'),(5013,1,360783662,31,'2013-12-12 13:03:49','2013-12-12 13:03:49','2013-12-12 13:04:19'),(5014,1,360783662,31,'2013-12-12 13:04:09','2013-12-12 13:04:09','2013-12-12 13:04:39'),(5015,1,360783662,31,'2013-12-12 13:04:29','2013-12-12 13:04:29','2013-12-12 13:04:59'),(5016,1,360783662,31,'2013-12-12 13:04:49','2013-12-12 13:04:49','2013-12-12 13:05:19'),(5017,1,360783662,31,'2013-12-12 13:05:09','2013-12-12 13:05:09','2013-12-12 13:05:39'),(5018,1,360783662,31,'2013-12-12 13:05:29','2013-12-12 13:05:29','2013-12-12 13:05:59'),(5019,1,360783662,31,'2013-12-12 13:05:49','2013-12-12 13:05:49','2013-12-12 13:06:19'),(5020,1,360783662,31,'2013-12-12 13:06:09','2013-12-12 13:06:09','2013-12-12 13:06:39'),(5021,1,360783662,31,'2013-12-12 13:06:29','2013-12-12 13:06:29','2013-12-12 13:06:59'),(5022,1,360783662,31,'2013-12-12 13:06:49','2013-12-12 13:06:49','2013-12-12 13:07:19'),(5023,1,360783662,31,'2013-12-12 13:07:09','2013-12-12 13:07:09','2013-12-12 13:07:39'),(5024,1,360783662,31,'2013-12-12 13:07:29','2013-12-12 13:07:29','2013-12-12 13:07:59'),(5025,1,360783662,31,'2013-12-12 13:07:49','2013-12-12 13:07:49','2013-12-12 13:08:19'),(5026,1,360783662,31,'2013-12-12 13:08:09','2013-12-12 13:08:09','2013-12-12 13:08:39'),(5027,1,360783662,31,'2013-12-12 13:08:29','2013-12-12 13:08:29','2013-12-12 13:08:59'),(5028,1,360783662,31,'2013-12-12 13:08:49','2013-12-12 13:08:49','2013-12-12 13:09:19'),(5029,1,360783662,31,'2013-12-12 13:09:09','2013-12-12 13:09:09','2013-12-12 13:09:39'),(5030,1,360783662,31,'2013-12-12 13:09:29','2013-12-12 13:09:29','2013-12-12 13:09:59'),(5031,1,360783662,31,'2013-12-12 13:09:49','2013-12-12 13:09:49','2013-12-12 13:10:19'),(5032,1,360783662,31,'2013-12-12 13:10:09','2013-12-12 13:10:09','2013-12-12 13:10:39'),(5033,1,360783662,31,'2013-12-12 13:10:29','2013-12-12 13:10:29','2013-12-12 13:10:59'),(5034,1,360783662,31,'2013-12-12 13:10:49','2013-12-12 13:10:49','2013-12-12 13:11:19'),(5035,1,360783662,31,'2013-12-12 13:11:09','2013-12-12 13:11:09','2013-12-12 13:11:39'),(5036,1,360783662,31,'2013-12-12 13:11:29','2013-12-12 13:11:29','2013-12-12 13:11:59'),(5037,1,360783662,31,'2013-12-12 13:11:49','2013-12-12 13:11:49','2013-12-12 13:12:19'),(5038,1,360783662,31,'2013-12-12 13:12:09','2013-12-12 13:12:09','2013-12-12 13:12:39'),(5039,1,360783662,31,'2013-12-12 13:12:29','2013-12-12 13:12:29','2013-12-12 13:12:59'),(5040,1,360783662,31,'2013-12-12 13:12:49','2013-12-12 13:12:49','2013-12-12 13:13:19'),(5041,1,360783662,31,'2013-12-12 13:13:09','2013-12-12 13:13:09','2013-12-12 13:13:39'),(5042,1,360783662,31,'2013-12-12 13:13:29','2013-12-12 13:13:29','2013-12-12 13:13:59'),(5043,1,360783662,31,'2013-12-12 13:13:49','2013-12-12 13:13:49','2013-12-12 13:14:19'),(5044,1,360783662,31,'2013-12-12 13:14:09','2013-12-12 13:14:09','2013-12-12 13:14:39'),(5045,1,360783662,31,'2013-12-12 13:14:29','2013-12-12 13:14:29','2013-12-12 13:14:59'),(5046,1,360783662,31,'2013-12-12 13:14:49','2013-12-12 13:14:49','2013-12-12 13:15:19'),(5047,1,360783662,31,'2013-12-12 13:15:09','2013-12-12 13:15:09','2013-12-12 13:15:39'),(5048,1,360783662,31,'2013-12-12 13:15:29','2013-12-12 13:15:29','2013-12-12 13:15:59'),(5049,1,360783662,31,'2013-12-12 13:15:49','2013-12-12 13:15:49','2013-12-12 13:16:19'),(5050,1,360783662,31,'2013-12-12 13:16:09','2013-12-12 13:16:09','2013-12-12 13:16:39'),(5051,1,360783662,31,'2013-12-12 13:16:29','2013-12-12 13:16:29','2013-12-12 13:16:59'),(5052,1,360783662,31,'2013-12-12 13:16:49','2013-12-12 13:16:49','2013-12-12 13:17:19'),(5053,1,360783662,31,'2013-12-12 13:17:09','2013-12-12 13:17:09','2013-12-12 13:17:39'),(5054,1,360783662,31,'2013-12-12 13:17:29','2013-12-12 13:17:29','2013-12-12 13:17:59'),(5055,1,360783662,31,'2013-12-12 13:17:49','2013-12-12 13:17:49','2013-12-12 13:18:19'),(5056,1,360783662,31,'2013-12-12 13:18:09','2013-12-12 13:18:09','2013-12-12 13:18:39'),(5057,1,360783662,31,'2013-12-12 13:18:29','2013-12-12 13:18:29','2013-12-12 13:18:59'),(5058,1,360783662,31,'2013-12-12 13:18:49','2013-12-12 13:18:49','2013-12-12 13:19:19'),(5059,1,360783662,31,'2013-12-12 13:19:09','2013-12-12 13:19:09','2013-12-12 13:19:39'),(5060,1,360783662,31,'2013-12-12 13:19:29','2013-12-12 13:19:29','2013-12-12 13:19:59'),(5061,1,360783662,31,'2013-12-12 13:19:49','2013-12-12 13:19:49','2013-12-12 13:20:19'),(5062,1,360783662,31,'2013-12-12 13:20:09','2013-12-12 13:20:09','2013-12-12 13:20:39'),(5063,1,360783662,31,'2013-12-12 13:20:29','2013-12-12 13:20:29','2013-12-12 13:20:59'),(5064,1,360783662,31,'2013-12-12 13:20:49','2013-12-12 13:20:49','2013-12-12 13:21:19'),(5065,1,360783662,31,'2013-12-12 13:21:09','2013-12-12 13:21:09','2013-12-12 13:21:39'),(5066,1,360783662,31,'2013-12-12 13:21:29','2013-12-12 13:21:29','2013-12-12 13:21:59'),(5067,1,360783662,31,'2013-12-12 13:21:49','2013-12-12 13:21:49','2013-12-12 13:22:19'),(5068,1,360783662,31,'2013-12-12 13:22:09','2013-12-12 13:22:09','2013-12-12 13:22:39'),(5069,1,360783662,31,'2013-12-12 13:22:29','2013-12-12 13:22:29','2013-12-12 13:22:59'),(5070,1,360783662,31,'2013-12-12 13:22:49','2013-12-12 13:22:49','2013-12-12 13:23:19'),(5071,1,360783662,31,'2013-12-12 13:23:09','2013-12-12 13:23:09','2013-12-12 13:23:39'),(5072,1,360783662,31,'2013-12-12 13:23:29','2013-12-12 13:23:29','2013-12-12 13:23:59'),(5073,1,360783662,31,'2013-12-12 13:23:49','2013-12-12 13:23:49','2013-12-12 13:24:19'),(5074,1,360783662,31,'2013-12-12 13:24:09','2013-12-12 13:24:09','2013-12-12 13:24:39'),(5075,1,360783662,31,'2013-12-12 13:24:29','2013-12-12 13:24:29','2013-12-12 13:24:59'),(5076,1,360783662,31,'2013-12-12 13:24:49','2013-12-12 13:24:49','2013-12-12 13:25:19'),(5077,1,360783662,31,'2013-12-12 13:25:09','2013-12-12 13:25:09','2013-12-12 13:25:39'),(5078,1,360783662,31,'2013-12-12 13:25:29','2013-12-12 13:25:29','2013-12-12 13:25:59'),(5079,1,360783662,31,'2013-12-12 13:25:49','2013-12-12 13:25:49','2013-12-12 13:26:19'),(5080,1,360783662,31,'2013-12-12 13:26:09','2013-12-12 13:26:09','2013-12-12 13:26:39'),(5081,1,360783662,31,'2013-12-12 13:26:29','2013-12-12 13:26:29','2013-12-12 13:26:59'),(5082,1,360783662,31,'2013-12-12 13:26:49','2013-12-12 13:26:49','2013-12-12 13:27:19'),(5083,1,360783662,31,'2013-12-12 13:27:09','2013-12-12 13:27:09','2013-12-12 13:27:39'),(5084,1,360783662,31,'2013-12-12 13:27:29','2013-12-12 13:27:29','2013-12-12 13:27:59'),(5085,1,360783662,31,'2013-12-12 13:27:49','2013-12-12 13:27:49','2013-12-12 13:28:19'),(5086,1,360783662,31,'2013-12-12 13:28:09','2013-12-12 13:28:09','2013-12-12 13:28:39'),(5087,1,360783662,31,'2013-12-12 13:28:29','2013-12-12 13:28:29','2013-12-12 13:28:59'),(5088,1,360783662,31,'2013-12-12 13:28:49','2013-12-12 13:28:49','2013-12-12 13:29:19'),(5089,1,360783662,31,'2013-12-12 13:29:09','2013-12-12 13:29:09','2013-12-12 13:29:39'),(5090,1,360783662,31,'2013-12-12 13:29:29','2013-12-12 13:29:29','2013-12-12 13:29:59'),(5091,1,360783662,31,'2013-12-12 13:29:49','2013-12-12 13:29:49','2013-12-12 13:30:19'),(5092,1,360783662,31,'2013-12-12 13:30:09','2013-12-12 13:30:09','2013-12-12 13:30:39'),(5093,1,360783662,31,'2013-12-12 13:30:29','2013-12-12 13:30:29','2013-12-12 13:30:59'),(5094,1,360783662,31,'2013-12-12 13:30:49','2013-12-12 13:30:49','2013-12-12 13:31:19'),(5095,1,360783662,31,'2013-12-12 13:31:09','2013-12-12 13:31:09','2013-12-12 13:31:39'),(5096,1,360783662,31,'2013-12-12 13:31:29','2013-12-12 13:31:29','2013-12-12 13:31:59'),(5097,1,360783662,31,'2013-12-12 13:31:49','2013-12-12 13:31:49','2013-12-12 13:32:19'),(5098,1,360783662,31,'2013-12-12 13:32:09','2013-12-12 13:32:09','2013-12-12 13:32:39'),(5099,1,360783662,31,'2013-12-12 13:32:29','2013-12-12 13:32:29','2013-12-12 13:32:59'),(5100,1,360783662,31,'2013-12-12 13:32:49','2013-12-12 13:32:49','2013-12-12 13:33:19'),(5101,1,360783662,31,'2013-12-12 13:33:09','2013-12-12 13:33:09','2013-12-12 13:33:39'),(5102,1,360783662,31,'2013-12-12 13:33:29','2013-12-12 13:33:29','2013-12-12 13:33:59'),(5103,1,360783662,31,'2013-12-12 13:33:49','2013-12-12 13:33:49','2013-12-12 13:34:19'),(5104,1,360783662,31,'2013-12-12 13:34:09','2013-12-12 13:34:09','2013-12-12 13:34:39'),(5105,1,360783662,31,'2013-12-12 13:34:29','2013-12-12 13:34:29','2013-12-12 13:34:59'),(5106,1,360783662,31,'2013-12-12 13:34:49','2013-12-12 13:34:49','2013-12-12 13:35:19'),(5107,1,360783662,31,'2013-12-12 13:35:09','2013-12-12 13:35:09','2013-12-12 13:35:39'),(5108,1,360783662,31,'2013-12-12 13:35:29','2013-12-12 13:35:29','2013-12-12 13:35:59'),(5109,1,360783662,31,'2013-12-12 13:35:49','2013-12-12 13:35:49','2013-12-12 13:36:19'),(5110,1,360783662,31,'2013-12-12 13:36:09','2013-12-12 13:36:09','2013-12-12 13:36:39'),(5111,1,360783662,31,'2013-12-12 13:36:29','2013-12-12 13:36:29','2013-12-12 13:36:59'),(5112,1,360783662,31,'2013-12-12 13:36:49','2013-12-12 13:36:49','2013-12-12 13:37:19'),(5113,1,360783662,31,'2013-12-12 13:37:09','2013-12-12 13:37:09','2013-12-12 13:37:39'),(5114,1,360783662,31,'2013-12-12 13:37:29','2013-12-12 13:37:29','2013-12-12 13:37:59'),(5115,1,360783662,31,'2013-12-12 13:37:49','2013-12-12 13:37:49','2013-12-12 13:38:19'),(5116,1,360783662,31,'2013-12-12 13:38:09','2013-12-12 13:38:09','2013-12-12 13:38:39'),(5117,1,360783662,31,'2013-12-12 13:38:29','2013-12-12 13:38:29','2013-12-12 13:38:59'),(5118,1,360783662,31,'2013-12-12 13:38:49','2013-12-12 13:38:49','2013-12-12 13:39:19'),(5119,1,360783662,31,'2013-12-12 13:39:09','2013-12-12 13:39:09','2013-12-12 13:39:39'),(5120,1,360783662,31,'2013-12-12 13:39:29','2013-12-12 13:39:29','2013-12-12 13:39:59'),(5121,1,360783662,31,'2013-12-12 13:39:49','2013-12-12 13:39:49','2013-12-12 13:40:19'),(5122,1,360783662,31,'2013-12-12 13:40:09','2013-12-12 13:40:09','2013-12-12 13:40:39'),(5123,1,360783662,31,'2013-12-12 13:40:29','2013-12-12 13:40:29','2013-12-12 13:40:59'),(5124,1,360783662,31,'2013-12-12 13:40:49','2013-12-12 13:40:49','2013-12-12 13:41:19'),(5125,1,360783662,31,'2013-12-12 13:41:09','2013-12-12 13:41:09','2013-12-12 13:41:39'),(5126,1,360783662,31,'2013-12-12 13:41:29','2013-12-12 13:41:29','2013-12-12 13:41:59'),(5127,1,360783662,31,'2013-12-12 13:41:49','2013-12-12 13:41:49','2013-12-12 13:42:19'),(5128,1,360783662,31,'2013-12-12 13:42:09','2013-12-12 13:42:09','2013-12-12 13:42:39'),(5129,1,360783662,31,'2013-12-12 13:42:29','2013-12-12 13:42:29','2013-12-12 13:42:59'),(5130,1,360783662,31,'2013-12-12 13:42:49','2013-12-12 13:42:49','2013-12-12 13:43:19'),(5131,1,360783662,31,'2013-12-12 13:43:09','2013-12-12 13:43:09','2013-12-12 13:43:39'),(5132,1,360783662,31,'2013-12-12 13:43:29','2013-12-12 13:43:29','2013-12-12 13:43:59'),(5133,1,360783662,31,'2013-12-12 13:43:49','2013-12-12 13:43:49','2013-12-12 13:44:19'),(5134,1,360783662,31,'2013-12-12 13:44:09','2013-12-12 13:44:09','2013-12-12 13:44:39'),(5135,1,360783662,31,'2013-12-12 13:44:29','2013-12-12 13:44:29','2013-12-12 13:44:59'),(5136,1,360783662,31,'2013-12-12 13:44:49','2013-12-12 13:44:49','2013-12-12 13:45:19'),(5137,1,360783662,31,'2013-12-12 13:45:09','2013-12-12 13:45:09','2013-12-12 13:45:39'),(5138,1,360783662,31,'2013-12-12 13:45:29','2013-12-12 13:45:29','2013-12-12 13:45:59'),(5139,1,360783662,31,'2013-12-12 13:45:49','2013-12-12 13:45:49','2013-12-12 13:46:19'),(5140,1,360783662,31,'2013-12-12 13:46:09','2013-12-12 13:46:09','2013-12-12 13:46:39'),(5141,1,360783662,31,'2013-12-12 13:46:29','2013-12-12 13:46:29','2013-12-12 13:46:59'),(5142,1,360783662,31,'2013-12-12 13:46:49','2013-12-12 13:46:49','2013-12-12 13:47:19'),(5143,1,360783662,31,'2013-12-12 13:47:09','2013-12-12 13:47:09','2013-12-12 13:47:39'),(5144,1,360783662,31,'2013-12-12 13:47:29','2013-12-12 13:47:29','2013-12-12 13:47:59'),(5145,1,360783662,31,'2013-12-12 13:47:49','2013-12-12 13:47:49','2013-12-12 13:48:19'),(5146,1,360783662,31,'2013-12-12 13:48:09','2013-12-12 13:48:09','2013-12-12 13:48:39'),(5147,1,360783662,31,'2013-12-12 13:48:29','2013-12-12 13:48:29','2013-12-12 13:48:59'),(5148,1,360783662,31,'2013-12-12 13:48:49','2013-12-12 13:48:49','2013-12-12 13:49:19'),(5149,1,360783662,31,'2013-12-12 13:49:09','2013-12-12 13:49:09','2013-12-12 13:49:39'),(5150,1,360783662,31,'2013-12-12 13:49:29','2013-12-12 13:49:29','2013-12-12 13:49:59'),(5151,1,360783662,31,'2013-12-12 13:49:49','2013-12-12 13:49:49','2013-12-12 13:50:19'),(5152,1,360783662,31,'2013-12-12 13:50:09','2013-12-12 13:50:09','2013-12-12 13:50:39'),(5153,1,360783662,31,'2013-12-12 13:50:29','2013-12-12 13:50:29','2013-12-12 13:50:59'),(5154,1,360783662,31,'2013-12-12 13:50:49','2013-12-12 13:50:49','2013-12-12 13:51:19'),(5155,1,360783662,31,'2013-12-12 13:51:09','2013-12-12 13:51:09','2013-12-12 13:51:39'),(5156,1,360783662,31,'2013-12-12 13:51:29','2013-12-12 13:51:29','2013-12-12 13:51:59'),(5157,1,360783662,31,'2013-12-12 13:51:49','2013-12-12 13:51:49','2013-12-12 13:52:19'),(5158,1,360783662,31,'2013-12-12 13:52:09','2013-12-12 13:52:09','2013-12-12 13:52:39'),(5159,1,360783662,31,'2013-12-12 13:52:29','2013-12-12 13:52:29','2013-12-12 13:52:59'),(5160,1,360783662,31,'2013-12-12 13:52:49','2013-12-12 13:52:49','2013-12-12 13:53:19'),(5161,1,360783662,31,'2013-12-12 13:53:09','2013-12-12 13:53:09','2013-12-12 13:53:39'),(5162,1,360783662,31,'2013-12-12 13:53:29','2013-12-12 13:53:29','2013-12-12 13:53:59'),(5163,1,360783662,31,'2013-12-12 13:53:49','2013-12-12 13:53:49','2013-12-12 13:54:19'),(5164,1,360783662,31,'2013-12-12 13:54:09','2013-12-12 13:54:09','2013-12-12 13:54:39'),(5165,1,360783662,31,'2013-12-12 13:54:29','2013-12-12 13:54:29','2013-12-12 13:54:59'),(5166,1,360783662,31,'2013-12-12 13:54:49','2013-12-12 13:54:49','2013-12-12 13:55:19'),(5167,1,360783662,31,'2013-12-12 13:55:09','2013-12-12 13:55:09','2013-12-12 13:55:39'),(5168,1,360783662,31,'2013-12-12 13:55:29','2013-12-12 13:55:29','2013-12-12 13:55:59'),(5169,1,360783662,31,'2013-12-12 13:55:49','2013-12-12 13:55:49','2013-12-12 13:56:19'),(5170,1,360783662,31,'2013-12-12 13:56:09','2013-12-12 13:56:09','2013-12-12 13:56:39'),(5171,1,360783662,31,'2013-12-12 13:56:29','2013-12-12 13:56:29','2013-12-12 13:56:59'),(5172,1,360783662,31,'2013-12-12 13:56:49','2013-12-12 13:56:49','2013-12-12 13:57:19'),(5173,1,360783662,31,'2013-12-12 13:57:09','2013-12-12 13:57:09','2013-12-12 13:57:39'),(5174,1,360783662,31,'2013-12-12 13:57:29','2013-12-12 13:57:29','2013-12-12 13:57:59'),(5175,1,360783662,31,'2013-12-12 13:57:49','2013-12-12 13:57:49','2013-12-12 13:58:19'),(5176,1,360783662,31,'2013-12-12 13:58:09','2013-12-12 13:58:09','2013-12-12 13:58:39'),(5177,1,360783662,31,'2013-12-12 13:58:29','2013-12-12 13:58:29','2013-12-12 13:58:59'),(5178,1,360783662,31,'2013-12-12 13:58:49','2013-12-12 13:58:49','2013-12-12 13:59:19'),(5179,1,360783662,31,'2013-12-12 13:59:09','2013-12-12 13:59:09','2013-12-12 13:59:39'),(5180,1,360783662,31,'2013-12-12 13:59:29','2013-12-12 13:59:29','2013-12-12 13:59:59'),(5181,1,360783662,31,'2013-12-12 13:59:49','2013-12-12 13:59:49','2013-12-12 14:00:19'),(5182,1,360783662,31,'2013-12-12 14:00:09','2013-12-12 14:00:09','2013-12-12 14:00:39'),(5183,1,360783662,31,'2013-12-12 14:00:29','2013-12-12 14:00:29','2013-12-12 14:00:59'),(5184,1,360783662,31,'2013-12-12 14:00:49','2013-12-12 14:00:49','2013-12-12 14:01:19'),(5185,1,360783662,31,'2013-12-12 14:01:09','2013-12-12 14:01:09','2013-12-12 14:01:39'),(5186,1,360783662,31,'2013-12-12 14:01:29','2013-12-12 14:01:29','2013-12-12 14:01:59'),(5187,1,360783662,31,'2013-12-12 14:01:49','2013-12-12 14:01:49','2013-12-12 14:02:19'),(5188,1,360783662,31,'2013-12-12 14:02:09','2013-12-12 14:02:09','2013-12-12 14:02:39'),(5189,1,360783662,31,'2013-12-12 14:02:29','2013-12-12 14:02:29','2013-12-12 14:02:59'),(5190,1,360783662,31,'2013-12-12 14:02:49','2013-12-12 14:02:49','2013-12-12 14:03:19'),(5191,1,360783662,31,'2013-12-12 14:03:09','2013-12-12 14:03:09','2013-12-12 14:03:39'),(5195,1,999259655,4,'2014-02-04 13:00:20','2014-02-04 13:00:20','2014-02-04 13:00:50'),(5196,1,999259655,4,'2014-02-04 13:00:37','2014-02-04 13:00:37','2014-02-04 13:01:07'),(5197,1,999259655,4,'2014-02-04 13:00:57','2014-02-04 13:00:57','2014-02-04 13:01:27'),(5198,1,999259655,4,'2014-02-04 13:01:17','2014-02-04 13:01:17','2014-02-04 13:01:47'),(5199,1,999259655,4,'2014-02-04 13:01:37','2014-02-04 13:01:37','2014-02-04 13:02:07'),(5200,1,999259655,4,'2014-02-04 13:01:57','2014-02-04 13:01:57','2014-02-04 13:02:27'),(5201,1,999259655,4,'2014-02-04 13:02:19','2014-02-04 13:02:19','2014-02-04 13:02:49'),(5202,1,999259655,4,'2014-02-04 13:02:42','2014-02-04 13:02:42','2014-02-04 13:03:12'),(5203,1,999259655,4,'2014-02-04 13:02:58','2014-02-04 13:02:58','2014-02-04 13:03:28'),(5204,1,999259655,4,'2014-02-04 13:03:18','2014-02-04 13:03:18','2014-02-04 13:03:48'),(5205,1,999259655,4,'2014-02-04 13:03:38','2014-02-04 13:03:38','2014-02-04 13:04:08'),(5206,1,999259655,4,'2014-02-04 13:04:02','2014-02-04 13:04:02','2014-02-04 13:04:32'),(5207,1,999259655,4,'2014-02-04 13:04:18','2014-02-04 13:04:18','2014-02-04 13:04:48'),(5208,1,999259655,4,'2014-02-04 13:04:38','2014-02-04 13:04:51','2014-02-04 13:04:51'),(5209,1,579219391,4,'2014-02-04 13:04:53','2014-02-04 13:04:53','2014-02-04 13:05:23'),(5210,1,579219391,4,'2014-02-04 13:04:58','2014-02-04 13:05:00','2014-02-04 13:05:00'),(5211,1,360783662,4,'2014-02-04 13:05:02','2014-02-04 13:05:02','2014-02-04 13:05:32'),(5220,1,863526891,35,'2014-02-10 12:45:26','2014-02-10 12:45:26','2014-02-10 12:45:56'),(5221,1,863526891,35,'2014-02-10 12:45:38','2014-02-10 12:45:38','2014-02-10 12:46:08'),(5222,1,863526891,35,'2014-02-10 12:45:58','2014-02-10 12:45:58','2014-02-10 12:46:28'),(5223,1,863526891,35,'2014-02-10 12:46:18','2014-02-10 12:46:18','2014-02-10 12:46:48'),(5224,1,863526891,35,'2014-02-10 12:46:38','2014-02-10 12:46:38','2014-02-10 12:47:08'),(5225,1,863526891,35,'2014-02-10 12:46:58','2014-02-10 12:46:58','2014-02-10 12:47:28'),(5226,1,863526891,35,'2014-02-10 12:47:18','2014-02-10 12:47:18','2014-02-10 12:47:48'),(5227,1,863526891,35,'2014-02-10 12:47:38','2014-02-10 12:47:38','2014-02-10 12:48:08'),(5228,1,863526891,35,'2014-02-10 12:47:58','2014-02-10 12:47:58','2014-02-10 12:48:28'),(5229,1,863526891,35,'2014-02-10 12:48:18','2014-02-10 12:48:18','2014-02-10 12:48:48'),(5230,1,863526891,35,'2014-02-10 12:48:38','2014-02-10 12:48:38','2014-02-10 12:49:08'),(5231,1,863526891,35,'2014-02-10 12:48:58','2014-02-10 12:48:58','2014-02-10 12:49:28'),(5232,1,863526891,35,'2014-02-10 12:49:18','2014-02-10 12:49:18','2014-02-10 12:49:48'),(5233,1,863526891,35,'2014-02-10 12:49:38','2014-02-10 12:49:38','2014-02-10 12:50:08'),(5243,1,863526891,35,'2014-02-10 12:50:24','2014-02-10 12:50:24','2014-02-10 12:50:54'),(5244,1,863526891,35,'2014-02-10 12:50:38','2014-02-10 12:50:38','2014-02-10 12:51:08'),(5245,1,863526891,35,'2014-02-10 12:50:58','2014-02-10 12:51:14','2014-02-10 12:51:14'),(5246,1,863526891,35,'2014-02-10 12:51:18','2014-02-10 12:51:23','2014-02-10 12:51:23'),(5255,1,863526891,35,'2014-02-10 12:52:13','2014-02-10 12:52:24','2014-02-10 12:52:24'),(5257,1,958766736,35,'2014-02-10 12:52:53','2014-02-10 12:52:55','2014-02-10 12:52:55'),(5258,1,863526891,35,'2014-02-10 12:53:00','2014-02-10 12:53:03','2014-02-10 12:53:03'),(5267,1,958766736,35,'2014-02-10 12:54:41','2014-02-10 12:54:47','2014-02-10 12:54:47'),(5268,1,697523754,35,'2014-02-10 12:54:50','2014-02-10 12:54:50','2014-02-10 12:55:20'),(5269,1,697523754,35,'2014-02-10 12:54:55','2014-02-10 12:54:58','2014-02-10 12:54:58'),(5270,1,374807699,35,'2014-02-10 12:55:02','2014-02-10 12:55:07','2014-02-10 12:55:07'),(5271,1,863526891,35,'2014-02-10 12:55:10','2014-02-10 12:55:10','2014-02-10 12:55:40'),(5272,1,863526891,35,'2014-02-10 12:55:15','2014-02-10 12:55:15','2014-02-10 12:55:45'),(5273,1,863526891,35,'2014-02-10 12:55:35','2014-02-10 12:55:35','2014-02-10 12:56:05'),(5274,1,863526891,35,'2014-02-10 12:55:55','2014-02-10 12:55:55','2014-02-10 12:56:25'),(5275,1,863526891,35,'2014-02-10 12:56:15','2014-02-10 12:56:15','2014-02-10 12:56:45'),(5276,1,863526891,35,'2014-02-10 12:56:35','2014-02-10 12:56:35','2014-02-10 12:57:05'),(5277,1,863526891,35,'2014-02-10 12:56:55','2014-02-10 12:56:55','2014-02-10 12:57:25'),(5278,1,863526891,35,'2014-02-10 12:57:15','2014-02-10 12:57:15','2014-02-10 12:57:45'),(5288,1,863526891,35,'2014-02-10 12:57:53','2014-02-10 12:57:53','2014-02-10 12:58:23'),(5289,1,863526891,35,'2014-02-10 12:58:07','2014-02-10 12:58:07','2014-02-10 12:58:37'),(5290,1,863526891,35,'2014-02-10 12:58:27','2014-02-10 12:58:27','2014-02-10 12:58:57'),(5291,1,863526891,35,'2014-02-10 12:58:47','2014-02-10 12:58:47','2014-02-10 12:59:17'),(5292,1,863526891,35,'2014-02-10 12:59:07','2014-02-10 12:59:07','2014-02-10 12:59:37'),(5301,1,863526891,35,'2014-02-10 13:00:15','2014-02-10 13:00:15','2014-02-10 13:00:45'),(5302,1,863526891,35,'2014-02-10 13:00:30','2014-02-10 13:00:30','2014-02-10 13:01:00'),(5303,1,863526891,35,'2014-02-10 13:00:49','2014-02-10 13:01:09','2014-02-10 13:01:09'),(5304,1,863526891,35,'2014-02-10 13:01:12','2014-02-10 13:01:12','2014-02-10 13:01:42'),(5305,1,863526891,35,'2014-02-10 13:01:29','2014-02-10 13:01:29','2014-02-10 13:01:59'),(5306,1,863526891,35,'2014-02-10 13:01:49','2014-02-10 13:01:49','2014-02-10 13:02:19'),(5307,1,863526891,35,'2014-02-10 13:02:09','2014-02-10 13:02:09','2014-02-10 13:02:39'),(5308,1,863526891,35,'2014-02-10 13:02:29','2014-02-10 13:02:29','2014-02-10 13:02:59'),(5309,1,863526891,35,'2014-02-10 13:02:49','2014-02-10 13:02:49','2014-02-10 13:03:19'),(5310,1,863526891,35,'2014-02-10 13:03:09','2014-02-10 13:03:09','2014-02-10 13:03:39'),(5311,1,863526891,35,'2014-02-10 13:03:29','2014-02-10 13:03:29','2014-02-10 13:03:59'),(5321,1,958766736,35,'2014-02-10 13:04:13','2014-02-10 13:04:19','2014-02-10 13:04:19'),(5322,1,863526891,35,'2014-02-10 13:04:22','2014-02-10 13:04:22','2014-02-10 13:04:52'),(5323,1,863526891,35,'2014-02-10 13:04:27','2014-02-10 13:04:27','2014-02-10 13:04:57'),(5324,1,863526891,35,'2014-02-10 13:04:47','2014-02-10 13:04:47','2014-02-10 13:05:17'),(5325,1,863526891,35,'2014-02-10 13:05:07','2014-02-10 13:05:07','2014-02-10 13:05:37'),(5326,1,863526891,35,'2014-02-10 13:05:27','2014-02-10 13:05:27','2014-02-10 13:05:57'),(5327,1,863526891,35,'2014-02-10 13:05:47','2014-02-10 13:05:47','2014-02-10 13:06:17'),(5328,1,863526891,35,'2014-02-10 13:06:07','2014-02-10 13:06:07','2014-02-10 13:06:37'),(5329,1,863526891,35,'2014-02-10 13:06:27','2014-02-10 13:06:27','2014-02-10 13:06:57'),(5330,1,863526891,35,'2014-02-10 13:06:47','2014-02-10 13:06:47','2014-02-10 13:07:17'),(5331,1,863526891,35,'2014-02-10 13:07:07','2014-02-10 13:07:07','2014-02-10 13:07:37'),(5332,1,863526891,35,'2014-02-10 13:07:27','2014-02-10 13:07:27','2014-02-10 13:07:57'),(5333,1,863526891,35,'2014-02-10 13:07:47','2014-02-10 13:07:47','2014-02-10 13:08:17'),(5334,1,863526891,35,'2014-02-10 13:08:07','2014-02-10 13:08:07','2014-02-10 13:08:37'),(5335,1,863526891,35,'2014-02-10 13:08:27','2014-02-10 13:08:27','2014-02-10 13:08:57'),(5336,1,863526891,35,'2014-02-10 13:08:47','2014-02-10 13:08:47','2014-02-10 13:09:17'),(5337,1,863526891,35,'2014-02-10 13:09:07','2014-02-10 13:09:07','2014-02-10 13:09:37'),(5338,1,863526891,35,'2014-02-10 13:09:27','2014-02-10 13:09:27','2014-02-10 13:09:57'),(5339,1,863526891,35,'2014-02-10 13:09:47','2014-02-10 13:09:47','2014-02-10 13:10:17'),(5340,1,863526891,35,'2014-02-10 13:10:07','2014-02-10 13:10:07','2014-02-10 13:10:37'),(5341,1,863526891,35,'2014-02-10 13:10:27','2014-02-10 13:10:27','2014-02-10 13:10:57'),(5342,1,863526891,35,'2014-02-10 13:10:47','2014-02-10 13:10:47','2014-02-10 13:11:17'),(5343,1,863526891,35,'2014-02-10 13:11:07','2014-02-10 13:11:07','2014-02-10 13:11:37'),(5344,1,863526891,35,'2014-02-10 13:11:27','2014-02-10 13:11:27','2014-02-10 13:11:57'),(5345,1,863526891,35,'2014-02-10 13:11:47','2014-02-10 13:11:47','2014-02-10 13:12:17'),(5346,1,863526891,35,'2014-02-10 13:12:07','2014-02-10 13:12:07','2014-02-10 13:12:37'),(5347,1,863526891,35,'2014-02-10 13:12:27','2014-02-10 13:12:27','2014-02-10 13:12:57'),(5348,1,863526891,35,'2014-02-10 13:12:47','2014-02-10 13:12:47','2014-02-10 13:13:17'),(5349,1,863526891,35,'2014-02-10 13:13:07','2014-02-10 13:13:07','2014-02-10 13:13:37'),(5350,1,863526891,35,'2014-02-10 13:13:27','2014-02-10 13:13:27','2014-02-10 13:13:57'),(5351,1,863526891,35,'2014-02-10 13:13:47','2014-02-10 13:13:47','2014-02-10 13:14:17'),(5352,1,863526891,35,'2014-02-10 13:14:07','2014-02-10 13:14:07','2014-02-10 13:14:37'),(5353,1,863526891,35,'2014-02-10 13:14:27','2014-02-10 13:14:27','2014-02-10 13:14:57'),(5354,1,863526891,35,'2014-02-10 13:14:47','2014-02-10 13:14:47','2014-02-10 13:15:17'),(5355,1,863526891,35,'2014-02-10 13:15:07','2014-02-10 13:15:07','2014-02-10 13:15:37'),(5356,1,863526891,35,'2014-02-10 13:15:27','2014-02-10 13:15:27','2014-02-10 13:15:57'),(5357,1,863526891,35,'2014-02-10 13:15:47','2014-02-10 13:15:47','2014-02-10 13:16:17'),(5358,1,863526891,35,'2014-02-10 13:16:07','2014-02-10 13:16:07','2014-02-10 13:16:37'),(5359,1,863526891,35,'2014-02-10 13:16:27','2014-02-10 13:16:27','2014-02-10 13:16:57'),(5360,1,863526891,35,'2014-02-10 13:16:47','2014-02-10 13:16:47','2014-02-10 13:17:17'),(5361,1,863526891,35,'2014-02-10 13:17:07','2014-02-10 13:17:07','2014-02-10 13:17:37'),(5362,1,863526891,35,'2014-02-10 13:17:27','2014-02-10 13:17:27','2014-02-10 13:17:57'),(5363,1,863526891,35,'2014-02-10 13:17:47','2014-02-10 13:17:47','2014-02-10 13:18:17'),(5364,1,863526891,35,'2014-02-10 13:18:07','2014-02-10 13:18:07','2014-02-10 13:18:37'),(5365,1,863526891,35,'2014-02-10 13:18:27','2014-02-10 13:18:27','2014-02-10 13:18:57'),(5366,1,863526891,35,'2014-02-10 13:18:47','2014-02-10 13:18:47','2014-02-10 13:19:17'),(5367,1,863526891,35,'2014-02-10 13:19:07','2014-02-10 13:19:07','2014-02-10 13:19:37'),(5368,1,863526891,35,'2014-02-10 13:19:27','2014-02-10 13:19:27','2014-02-10 13:19:57'),(5369,1,863526891,35,'2014-02-10 13:19:47','2014-02-10 13:19:47','2014-02-10 13:20:17'),(5370,1,863526891,35,'2014-02-10 13:20:07','2014-02-10 13:20:07','2014-02-10 13:20:37'),(5371,1,863526891,35,'2014-02-10 13:20:27','2014-02-10 13:20:27','2014-02-10 13:20:57'),(5372,1,863526891,35,'2014-02-10 13:20:47','2014-02-10 13:20:47','2014-02-10 13:21:17'),(5373,1,863526891,35,'2014-02-10 13:21:07','2014-02-10 13:21:07','2014-02-10 13:21:37'),(5374,1,863526891,35,'2014-02-10 13:21:27','2014-02-10 13:21:27','2014-02-10 13:21:57'),(5375,1,863526891,35,'2014-02-10 13:21:47','2014-02-10 13:21:47','2014-02-10 13:22:17'),(5376,1,863526891,35,'2014-02-10 13:22:07','2014-02-10 13:22:07','2014-02-10 13:22:37'),(5377,1,863526891,35,'2014-02-10 13:22:27','2014-02-10 13:22:27','2014-02-10 13:22:57'),(5378,1,863526891,35,'2014-02-10 13:22:47','2014-02-10 13:22:47','2014-02-10 13:23:17'),(5379,1,863526891,35,'2014-02-10 13:23:07','2014-02-10 13:23:07','2014-02-10 13:23:37'),(5380,1,863526891,35,'2014-02-10 13:23:27','2014-02-10 13:23:27','2014-02-10 13:23:57'),(5381,1,863526891,35,'2014-02-10 13:23:47','2014-02-10 13:23:47','2014-02-10 13:24:17'),(5382,1,863526891,35,'2014-02-10 13:24:07','2014-02-10 13:24:07','2014-02-10 13:24:37'),(5383,1,863526891,35,'2014-02-10 13:24:27','2014-02-10 13:24:27','2014-02-10 13:24:57'),(5384,1,863526891,35,'2014-02-10 13:24:47','2014-02-10 13:24:47','2014-02-10 13:25:17'),(5385,1,863526891,35,'2014-02-10 13:25:07','2014-02-10 13:25:07','2014-02-10 13:25:37'),(5386,1,863526891,35,'2014-02-10 13:25:27','2014-02-10 13:25:27','2014-02-10 13:25:57'),(5387,1,863526891,35,'2014-02-10 13:25:47','2014-02-10 13:25:47','2014-02-10 13:26:17'),(5388,1,863526891,35,'2014-02-10 13:26:07','2014-02-10 13:26:07','2014-02-10 13:26:37'),(5389,1,863526891,35,'2014-02-10 13:26:27','2014-02-10 13:26:27','2014-02-10 13:26:57'),(5390,1,863526891,35,'2014-02-10 13:26:47','2014-02-10 13:26:47','2014-02-10 13:27:17'),(5391,1,863526891,35,'2014-02-10 13:27:07','2014-02-10 13:27:07','2014-02-10 13:27:37'),(5392,1,863526891,35,'2014-02-10 13:27:27','2014-02-10 13:27:27','2014-02-10 13:27:57'),(5393,1,863526891,35,'2014-02-10 13:27:47','2014-02-10 13:27:47','2014-02-10 13:28:17'),(5394,1,863526891,35,'2014-02-10 13:28:07','2014-02-10 13:28:07','2014-02-10 13:28:37'),(5395,1,863526891,35,'2014-02-10 13:28:27','2014-02-10 13:28:27','2014-02-10 13:28:57'),(5396,1,863526891,35,'2014-02-10 13:28:47','2014-02-10 13:28:47','2014-02-10 13:29:17'),(5397,1,863526891,35,'2014-02-10 13:29:07','2014-02-10 13:29:07','2014-02-10 13:29:37'),(5398,1,863526891,35,'2014-02-10 13:29:27','2014-02-10 13:29:27','2014-02-10 13:29:57'),(5399,1,863526891,35,'2014-02-10 13:29:47','2014-02-10 13:29:47','2014-02-10 13:30:17'),(5400,1,863526891,35,'2014-02-10 13:30:07','2014-02-10 13:30:07','2014-02-10 13:30:37'),(5401,1,863526891,35,'2014-02-10 13:30:27','2014-02-10 13:30:27','2014-02-10 13:30:57'),(5402,1,863526891,35,'2014-02-10 13:30:47','2014-02-10 13:30:47','2014-02-10 13:31:17'),(5403,1,863526891,35,'2014-02-10 13:31:07','2014-02-10 13:31:07','2014-02-10 13:31:37'),(5404,1,863526891,35,'2014-02-10 13:31:27','2014-02-10 13:31:27','2014-02-10 13:31:57'),(5405,1,863526891,35,'2014-02-10 13:31:47','2014-02-10 13:31:47','2014-02-10 13:32:17'),(5406,1,863526891,35,'2014-02-10 13:32:07','2014-02-10 13:32:07','2014-02-10 13:32:37'),(5407,1,863526891,35,'2014-02-10 13:32:27','2014-02-10 13:32:27','2014-02-10 13:32:57'),(5408,1,863526891,35,'2014-02-10 13:32:47','2014-02-10 13:32:47','2014-02-10 13:33:17'),(5409,1,863526891,35,'2014-02-10 13:33:07','2014-02-10 13:33:07','2014-02-10 13:33:37'),(5410,1,863526891,35,'2014-02-10 13:33:27','2014-02-10 13:33:27','2014-02-10 13:33:57'),(5411,1,863526891,35,'2014-02-10 13:33:47','2014-02-10 13:33:47','2014-02-10 13:34:17'),(5412,1,863526891,35,'2014-02-10 13:34:07','2014-02-10 13:34:07','2014-02-10 13:34:37'),(5413,1,863526891,35,'2014-02-10 13:34:27','2014-02-10 13:34:27','2014-02-10 13:34:57'),(5414,1,863526891,35,'2014-02-10 13:34:47','2014-02-10 13:34:47','2014-02-10 13:35:17'),(5415,1,863526891,35,'2014-02-10 13:35:07','2014-02-10 13:35:07','2014-02-10 13:35:37'),(5416,1,863526891,35,'2014-02-10 13:35:27','2014-02-10 13:35:27','2014-02-10 13:35:57'),(5417,1,863526891,35,'2014-02-10 13:35:47','2014-02-10 13:35:47','2014-02-10 13:36:17'),(5418,1,863526891,35,'2014-02-10 13:36:07','2014-02-10 13:36:07','2014-02-10 13:36:37'),(5419,1,863526891,35,'2014-02-10 13:36:27','2014-02-10 13:36:27','2014-02-10 13:36:57'),(5420,1,863526891,35,'2014-02-10 13:36:47','2014-02-10 13:36:47','2014-02-10 13:37:17'),(5421,1,863526891,35,'2014-02-10 13:37:07','2014-02-10 13:37:07','2014-02-10 13:37:37'),(5422,1,863526891,35,'2014-02-10 13:37:27','2014-02-10 13:37:27','2014-02-10 13:37:57'),(5423,1,863526891,35,'2014-02-10 13:37:47','2014-02-10 13:37:47','2014-02-10 13:38:17'),(5424,1,863526891,35,'2014-02-10 13:38:07','2014-02-10 13:38:07','2014-02-10 13:38:37'),(5425,1,863526891,35,'2014-02-10 13:38:27','2014-02-10 13:38:27','2014-02-10 13:38:57'),(5426,1,863526891,35,'2014-02-10 13:38:47','2014-02-10 13:38:47','2014-02-10 13:39:17'),(5427,1,863526891,35,'2014-02-10 13:39:07','2014-02-10 13:39:07','2014-02-10 13:39:37'),(5428,1,863526891,35,'2014-02-10 13:39:27','2014-02-10 13:39:27','2014-02-10 13:39:57'),(5429,1,863526891,35,'2014-02-10 13:39:47','2014-02-10 13:39:47','2014-02-10 13:40:17'),(5430,1,863526891,35,'2014-02-10 13:40:07','2014-02-10 13:40:07','2014-02-10 13:40:37'),(5431,1,863526891,35,'2014-02-10 13:40:27','2014-02-10 13:40:27','2014-02-10 13:40:57'),(5432,1,863526891,35,'2014-02-10 13:40:47','2014-02-10 13:40:47','2014-02-10 13:41:17'),(5433,1,863526891,35,'2014-02-10 13:41:07','2014-02-10 13:41:07','2014-02-10 13:41:37'),(5434,1,863526891,35,'2014-02-10 13:41:27','2014-02-10 13:41:27','2014-02-10 13:41:57'),(5435,1,863526891,35,'2014-02-10 13:41:47','2014-02-10 13:41:47','2014-02-10 13:42:17'),(5436,1,863526891,35,'2014-02-10 13:42:07','2014-02-10 13:42:07','2014-02-10 13:42:37'),(5437,1,863526891,35,'2014-02-10 13:42:27','2014-02-10 13:42:27','2014-02-10 13:42:57'),(5438,1,863526891,35,'2014-02-10 13:42:47','2014-02-10 13:42:47','2014-02-10 13:43:17'),(5439,1,863526891,35,'2014-02-10 13:43:07','2014-02-10 13:43:07','2014-02-10 13:43:37'),(5440,1,863526891,35,'2014-02-10 13:43:27','2014-02-10 13:43:27','2014-02-10 13:43:57'),(5441,1,863526891,35,'2014-02-10 13:43:47','2014-02-10 13:43:47','2014-02-10 13:44:17'),(5442,1,863526891,35,'2014-02-10 13:44:07','2014-02-10 13:44:07','2014-02-10 13:44:37'),(5443,1,863526891,35,'2014-02-10 13:44:27','2014-02-10 13:44:27','2014-02-10 13:44:57'),(5444,1,863526891,35,'2014-02-10 13:44:47','2014-02-10 13:44:47','2014-02-10 13:45:17'),(5445,1,863526891,35,'2014-02-10 13:45:07','2014-02-10 13:45:07','2014-02-10 13:45:37'),(5446,1,863526891,35,'2014-02-10 13:45:27','2014-02-10 13:45:27','2014-02-10 13:45:57'),(5447,1,863526891,35,'2014-02-10 13:45:48','2014-02-10 13:45:48','2014-02-10 13:46:18'),(5448,1,863526891,35,'2014-02-10 13:46:07','2014-02-10 13:46:07','2014-02-10 13:46:37'),(5449,1,863526891,35,'2014-02-10 13:46:27','2014-02-10 13:46:27','2014-02-10 13:46:57'),(5450,1,863526891,35,'2014-02-10 13:46:47','2014-02-10 13:46:47','2014-02-10 13:47:17'),(5451,1,863526891,35,'2014-02-10 13:47:07','2014-02-10 13:47:07','2014-02-10 13:47:37'),(5452,1,863526891,35,'2014-02-10 13:47:27','2014-02-10 13:47:27','2014-02-10 13:47:57'),(5453,1,863526891,35,'2014-02-10 13:47:47','2014-02-10 13:47:47','2014-02-10 13:48:17'),(5454,1,863526891,35,'2014-02-10 13:48:07','2014-02-10 13:48:07','2014-02-10 13:48:37'),(5455,1,863526891,35,'2014-02-10 13:48:27','2014-02-10 13:48:27','2014-02-10 13:48:57'),(5456,1,863526891,35,'2014-02-10 13:48:47','2014-02-10 13:48:47','2014-02-10 13:49:17'),(5457,1,863526891,35,'2014-02-10 13:49:07','2014-02-10 13:49:07','2014-02-10 13:49:37'),(5458,1,863526891,35,'2014-02-10 13:49:27','2014-02-10 13:49:27','2014-02-10 13:49:57'),(5459,1,863526891,35,'2014-02-10 13:49:47','2014-02-10 13:49:47','2014-02-10 13:50:17'),(5460,1,863526891,35,'2014-02-10 13:50:07','2014-02-10 13:50:07','2014-02-10 13:50:37'),(5461,1,863526891,35,'2014-02-10 13:50:27','2014-02-10 13:50:27','2014-02-10 13:50:57'),(5462,1,863526891,35,'2014-02-10 13:50:47','2014-02-10 13:50:47','2014-02-10 13:51:17'),(5463,1,863526891,35,'2014-02-10 13:51:07','2014-02-10 13:51:07','2014-02-10 13:51:37'),(5464,1,863526891,35,'2014-02-10 13:51:27','2014-02-10 13:51:27','2014-02-10 13:51:57'),(5465,1,863526891,35,'2014-02-10 13:51:47','2014-02-10 13:51:47','2014-02-10 13:52:17'),(5466,1,863526891,35,'2014-02-10 13:52:07','2014-02-10 13:52:07','2014-02-10 13:52:37'),(5467,1,863526891,35,'2014-02-10 13:52:27','2014-02-10 13:52:27','2014-02-10 13:52:57'),(5468,1,863526891,35,'2014-02-10 13:52:47','2014-02-10 13:52:47','2014-02-10 13:53:17'),(5469,1,863526891,35,'2014-02-10 13:53:07','2014-02-10 13:53:07','2014-02-10 13:53:37'),(5470,1,863526891,35,'2014-02-10 13:53:27','2014-02-10 13:53:27','2014-02-10 13:53:57'),(5471,1,863526891,35,'2014-02-10 13:53:47','2014-02-10 13:53:47','2014-02-10 13:54:17'),(5472,1,863526891,35,'2014-02-10 13:54:07','2014-02-10 13:54:07','2014-02-10 13:54:37'),(5473,1,863526891,35,'2014-02-10 13:54:27','2014-02-10 13:54:27','2014-02-10 13:54:57'),(5474,1,863526891,35,'2014-02-10 13:54:47','2014-02-10 13:54:47','2014-02-10 13:55:17'),(5475,1,863526891,35,'2014-02-10 13:55:07','2014-02-10 13:55:07','2014-02-10 13:55:37'),(5476,1,863526891,35,'2014-02-10 13:55:27','2014-02-10 13:55:27','2014-02-10 13:55:57'),(5477,1,863526891,35,'2014-02-10 13:55:47','2014-02-10 13:55:47','2014-02-10 13:56:17'),(5478,1,863526891,35,'2014-02-10 13:56:07','2014-02-10 13:56:07','2014-02-10 13:56:37'),(5479,1,863526891,35,'2014-02-10 13:56:27','2014-02-10 13:56:27','2014-02-10 13:56:57'),(5480,1,863526891,35,'2014-02-10 13:56:47','2014-02-10 13:56:47','2014-02-10 13:57:17'),(5481,1,863526891,35,'2014-02-10 13:57:07','2014-02-10 13:57:07','2014-02-10 13:57:37'),(5482,1,863526891,35,'2014-02-10 13:57:27','2014-02-10 13:57:27','2014-02-10 13:57:57'),(5483,1,863526891,35,'2014-02-10 13:57:47','2014-02-10 13:57:47','2014-02-10 13:58:17'),(5484,1,863526891,35,'2014-02-10 13:58:07','2014-02-10 13:58:07','2014-02-10 13:58:37'),(5485,1,863526891,35,'2014-02-10 13:58:27','2014-02-10 13:58:27','2014-02-10 13:58:57'),(5486,1,863526891,35,'2014-02-10 13:58:47','2014-02-10 13:58:47','2014-02-10 13:59:17'),(5487,1,863526891,35,'2014-02-10 13:59:07','2014-02-10 13:59:07','2014-02-10 13:59:37'),(5488,1,863526891,35,'2014-02-10 13:59:27','2014-02-10 13:59:27','2014-02-10 13:59:57'),(5498,1,863526891,35,'2014-02-10 14:01:05','2014-02-10 14:01:05','2014-02-10 14:01:35'),(5499,1,863526891,35,'2014-02-10 14:01:20','2014-02-10 14:01:20','2014-02-10 14:01:50'),(5500,1,863526891,35,'2014-02-10 14:01:40','2014-02-10 14:01:40','2014-02-10 14:02:10'),(5501,1,863526891,35,'2014-02-10 14:02:00','2014-02-10 14:02:00','2014-02-10 14:02:30'),(5502,1,863526891,35,'2014-02-10 14:02:20','2014-02-10 14:02:20','2014-02-10 14:02:50'),(5503,1,863526891,35,'2014-02-10 14:02:40','2014-02-10 14:02:40','2014-02-10 14:03:10'),(5504,1,863526891,35,'2014-02-10 14:03:00','2014-02-10 14:03:02','2014-02-10 14:03:02'),(5505,1,863526891,35,'2014-02-10 14:03:25','2014-02-10 14:03:25','2014-02-10 14:03:55'),(5506,1,863526891,35,'2014-02-10 14:03:43','2014-02-10 14:03:43','2014-02-10 14:04:13'),(5507,1,863526891,35,'2014-02-10 14:04:03','2014-02-10 14:04:03','2014-02-10 14:04:33'),(5508,1,863526891,35,'2014-02-10 14:04:23','2014-02-10 14:04:23','2014-02-10 14:04:53'),(5509,1,863526891,35,'2014-02-10 14:04:43','2014-02-10 14:04:43','2014-02-10 14:05:13'),(5510,1,863526891,35,'2014-02-10 14:05:03','2014-02-10 14:05:03','2014-02-10 14:05:33'),(5511,1,863526891,35,'2014-02-10 14:05:23','2014-02-10 14:05:23','2014-02-10 14:05:53'),(5512,1,863526891,35,'2014-02-10 14:05:43','2014-02-10 14:05:43','2014-02-10 14:06:13'),(5513,1,863526891,35,'2014-02-10 14:06:03','2014-02-10 14:06:03','2014-02-10 14:06:33'),(5514,1,863526891,35,'2014-02-10 14:06:23','2014-02-10 14:06:23','2014-02-10 14:06:53'),(5515,1,863526891,35,'2014-02-10 14:06:43','2014-02-10 14:06:43','2014-02-10 14:07:13'),(5516,1,863526891,35,'2014-02-10 14:07:03','2014-02-10 14:07:03','2014-02-10 14:07:33'),(5517,1,863526891,35,'2014-02-10 14:07:23','2014-02-10 14:07:23','2014-02-10 14:07:53'),(5518,1,863526891,35,'2014-02-10 14:07:43','2014-02-10 14:07:43','2014-02-10 14:08:13'),(5519,1,863526891,35,'2014-02-10 14:08:03','2014-02-10 14:08:03','2014-02-10 14:08:33'),(5520,1,863526891,35,'2014-02-10 14:08:23','2014-02-10 14:08:23','2014-02-10 14:08:53'),(5521,1,863526891,35,'2014-02-10 14:08:43','2014-02-10 14:08:43','2014-02-10 14:09:13'),(5522,1,863526891,35,'2014-02-10 14:09:03','2014-02-10 14:09:03','2014-02-10 14:09:33'),(5523,1,863526891,35,'2014-02-10 14:09:23','2014-02-10 14:09:23','2014-02-10 14:09:53'),(5524,1,863526891,35,'2014-02-10 14:09:43','2014-02-10 14:09:43','2014-02-10 14:10:13'),(5525,1,863526891,35,'2014-02-10 14:10:03','2014-02-10 14:10:03','2014-02-10 14:10:33'),(5526,1,863526891,35,'2014-02-10 14:10:23','2014-02-10 14:10:23','2014-02-10 14:10:53'),(5527,1,863526891,35,'2014-02-10 14:10:43','2014-02-10 14:10:43','2014-02-10 14:11:13'),(5528,1,863526891,35,'2014-02-10 14:11:03','2014-02-10 14:11:03','2014-02-10 14:11:33'),(5529,1,863526891,35,'2014-02-10 14:11:23','2014-02-10 14:11:23','2014-02-10 14:11:53'),(5530,1,863526891,35,'2014-02-10 14:11:43','2014-02-10 14:11:43','2014-02-10 14:12:13'),(5531,1,863526891,35,'2014-02-10 14:12:03','2014-02-10 14:12:03','2014-02-10 14:12:33'),(5532,1,863526891,35,'2014-02-10 14:12:23','2014-02-10 14:12:23','2014-02-10 14:12:53'),(5533,1,863526891,35,'2014-02-10 14:12:43','2014-02-10 14:12:43','2014-02-10 14:13:13'),(5534,1,863526891,35,'2014-02-10 14:13:03','2014-02-10 14:13:03','2014-02-10 14:13:33'),(5535,1,863526891,35,'2014-02-10 14:13:23','2014-02-10 14:13:23','2014-02-10 14:13:53'),(5536,1,863526891,35,'2014-02-10 14:13:43','2014-02-10 14:13:43','2014-02-10 14:14:13'),(5537,1,863526891,35,'2014-02-10 14:14:03','2014-02-10 14:14:03','2014-02-10 14:14:33'),(5538,1,863526891,35,'2014-02-10 14:14:23','2014-02-10 14:14:23','2014-02-10 14:14:53'),(5539,1,863526891,35,'2014-02-10 14:14:43','2014-02-10 14:14:43','2014-02-10 14:15:13'),(5540,1,863526891,35,'2014-02-10 14:15:03','2014-02-10 14:15:03','2014-02-10 14:15:33'),(5541,1,863526891,35,'2014-02-10 14:15:23','2014-02-10 14:15:23','2014-02-10 14:15:53'),(5542,1,863526891,35,'2014-02-10 14:15:43','2014-02-10 14:15:43','2014-02-10 14:16:13'),(5543,1,863526891,35,'2014-02-10 14:16:03','2014-02-10 14:16:03','2014-02-10 14:16:33'),(5544,1,863526891,35,'2014-02-10 14:16:23','2014-02-10 14:16:23','2014-02-10 14:16:53'),(5545,1,863526891,35,'2014-02-10 14:16:43','2014-02-10 14:16:43','2014-02-10 14:17:13'),(5546,1,863526891,35,'2014-02-10 14:17:03','2014-02-10 14:17:03','2014-02-10 14:17:33'),(5547,1,863526891,35,'2014-02-10 14:17:23','2014-02-10 14:17:23','2014-02-10 14:17:53'),(5548,1,863526891,35,'2014-02-10 14:17:43','2014-02-10 14:17:43','2014-02-10 14:18:13'),(5549,1,863526891,35,'2014-02-10 14:18:03','2014-02-10 14:18:03','2014-02-10 14:18:33'),(5559,1,958766736,35,'2014-02-10 14:19:15','2014-02-10 14:19:15','2014-02-10 14:19:45'),(5560,1,958766736,35,'2014-02-10 14:19:29','2014-02-10 14:19:32','2014-02-10 14:19:32'),(5561,1,863526891,35,'2014-02-10 14:19:37','2014-02-10 14:19:40','2014-02-10 14:19:40'),(5562,1,863526891,35,'2014-02-10 14:19:49','2014-02-10 14:19:49','2014-02-10 14:20:19'),(5563,1,863526891,35,'2014-02-10 14:20:09','2014-02-10 14:20:09','2014-02-10 14:20:39'),(5564,1,863526891,35,'2014-02-10 14:20:29','2014-02-10 14:20:29','2014-02-10 14:20:59'),(5565,1,863526891,35,'2014-02-10 14:20:49','2014-02-10 14:20:49','2014-02-10 14:21:19'),(5566,1,863526891,35,'2014-02-10 14:21:09','2014-02-10 14:21:09','2014-02-10 14:21:39'),(5567,1,863526891,35,'2014-02-10 14:21:29','2014-02-10 14:21:29','2014-02-10 14:21:59'),(5568,1,863526891,35,'2014-02-10 14:21:49','2014-02-10 14:21:49','2014-02-10 14:22:19'),(5569,1,863526891,35,'2014-02-10 14:22:09','2014-02-10 14:22:09','2014-02-10 14:22:39'),(5570,1,863526891,35,'2014-02-10 14:22:29','2014-02-10 14:22:29','2014-02-10 14:22:59'),(5571,1,863526891,35,'2014-02-10 14:22:49','2014-02-10 14:22:49','2014-02-10 14:23:19'),(5572,1,863526891,35,'2014-02-10 14:23:09','2014-02-10 14:23:09','2014-02-10 14:23:39'),(5573,1,863526891,35,'2014-02-10 14:23:29','2014-02-10 14:23:29','2014-02-10 14:23:59'),(5574,1,863526891,35,'2014-02-10 14:23:49','2014-02-10 14:23:49','2014-02-10 14:24:19'),(5575,1,863526891,35,'2014-02-10 14:24:09','2014-02-10 14:24:09','2014-02-10 14:24:39'),(5576,1,863526891,35,'2014-02-10 14:24:29','2014-02-10 14:24:29','2014-02-10 14:24:59'),(5577,1,863526891,35,'2014-02-10 14:24:49','2014-02-10 14:24:49','2014-02-10 14:25:19'),(5578,1,863526891,35,'2014-02-10 14:25:09','2014-02-10 14:25:09','2014-02-10 14:25:39'),(5579,1,863526891,35,'2014-02-10 14:25:29','2014-02-10 14:25:29','2014-02-10 14:25:59'),(5580,1,863526891,35,'2014-02-10 14:25:49','2014-02-10 14:25:49','2014-02-10 14:26:19'),(5581,1,863526891,35,'2014-02-10 14:26:09','2014-02-10 14:26:09','2014-02-10 14:26:39'),(5582,1,863526891,35,'2014-02-10 14:26:29','2014-02-10 14:26:29','2014-02-10 14:26:59'),(5583,1,863526891,35,'2014-02-10 14:26:49','2014-02-10 14:26:49','2014-02-10 14:27:19'),(5584,1,863526891,35,'2014-02-10 14:27:09','2014-02-10 14:27:09','2014-02-10 14:27:39'),(5585,1,863526891,35,'2014-02-10 14:27:29','2014-02-10 14:27:29','2014-02-10 14:27:59'),(5586,1,863526891,35,'2014-02-10 14:27:49','2014-02-10 14:27:49','2014-02-10 14:28:19'),(5587,1,863526891,35,'2014-02-10 14:28:09','2014-02-10 14:28:09','2014-02-10 14:28:39'),(5588,1,863526891,35,'2014-02-10 14:28:29','2014-02-10 14:28:29','2014-02-10 14:28:59'),(5589,1,863526891,35,'2014-02-10 14:28:49','2014-02-10 14:28:49','2014-02-10 14:29:19'),(5590,1,863526891,35,'2014-02-10 14:29:09','2014-02-10 14:29:09','2014-02-10 14:29:39'),(5591,1,863526891,35,'2014-02-10 14:29:29','2014-02-10 14:29:29','2014-02-10 14:29:59'),(5592,1,863526891,35,'2014-02-10 14:29:49','2014-02-10 14:29:49','2014-02-10 14:30:19'),(5593,1,863526891,35,'2014-02-10 14:30:09','2014-02-10 14:30:09','2014-02-10 14:30:39'),(5594,1,863526891,35,'2014-02-10 14:30:29','2014-02-10 14:30:29','2014-02-10 14:30:59'),(5595,1,863526891,35,'2014-02-10 14:30:49','2014-02-10 14:30:49','2014-02-10 14:31:19'),(5596,1,863526891,35,'2014-02-10 14:31:09','2014-02-10 14:31:09','2014-02-10 14:31:39'),(5597,1,863526891,35,'2014-02-10 14:31:29','2014-02-10 14:31:29','2014-02-10 14:31:59'),(5598,1,863526891,35,'2014-02-10 14:31:49','2014-02-10 14:31:49','2014-02-10 14:32:19'),(5599,1,863526891,35,'2014-02-10 14:32:09','2014-02-10 14:32:09','2014-02-10 14:32:39'),(5600,1,863526891,35,'2014-02-10 14:32:29','2014-02-10 14:32:29','2014-02-10 14:32:59'),(5601,1,863526891,35,'2014-02-10 14:32:49','2014-02-10 14:32:49','2014-02-10 14:33:19'),(5602,1,863526891,35,'2014-02-10 14:33:09','2014-02-10 14:33:09','2014-02-10 14:33:39'),(5603,1,863526891,35,'2014-02-10 14:33:29','2014-02-10 14:33:29','2014-02-10 14:33:59'),(5604,1,863526891,35,'2014-02-10 14:33:49','2014-02-10 14:33:49','2014-02-10 14:34:19'),(5605,1,863526891,35,'2014-02-10 14:34:09','2014-02-10 14:34:09','2014-02-10 14:34:39'),(5606,1,863526891,35,'2014-02-10 14:34:29','2014-02-10 14:34:29','2014-02-10 14:34:59'),(5624,1,958766736,35,'2014-02-10 14:36:17','2014-02-10 14:36:22','2014-02-10 14:36:22'),(5625,1,863526891,35,'2014-02-10 14:36:25','2014-02-10 14:36:31','2014-02-10 14:36:31'),(5626,1,863526891,35,'2014-02-10 14:36:34','2014-02-10 14:36:34','2014-02-10 14:37:04'),(5627,1,863526891,35,'2014-02-10 14:36:54','2014-02-10 14:36:54','2014-02-10 14:37:24'),(5628,1,863526891,35,'2014-02-10 14:37:14','2014-02-10 14:37:14','2014-02-10 14:37:44'),(5629,1,958766736,35,'2014-02-10 14:37:30','2014-02-10 14:37:30','2014-02-10 15:07:30'),(5630,1,863526891,35,'2014-02-10 14:37:30','2014-02-10 14:37:30','2014-02-10 15:07:30'),(5631,1,697523754,35,'2014-02-10 14:37:30','2014-02-10 14:37:30','2014-02-10 15:07:30'),(5632,1,1024261501,35,'2014-02-10 14:37:30','2014-02-10 14:37:30','2014-02-10 15:07:30'),(5633,1,374807699,35,'2014-02-10 14:37:30','2014-02-10 14:37:30','2014-02-10 15:07:30'),(5634,1,343774255,35,'2014-02-10 14:37:30','2014-02-10 14:37:30','2014-02-10 15:07:30'),(5635,1,176863900,35,'2014-02-10 14:37:30','2014-02-10 14:37:30','2014-02-10 15:07:30'),(5636,1,887641744,35,'2014-02-10 14:37:30','2014-02-10 14:37:30','2014-02-10 15:07:30'),(5645,1,863526891,35,'2014-02-10 14:38:38','2014-02-10 14:38:46','2014-02-10 14:38:46'),(5646,1,863526891,35,'2014-02-10 14:38:49','2014-02-10 14:38:49','2014-02-10 14:39:19'),(5647,1,863526891,35,'2014-02-10 14:38:52','2014-02-10 14:38:56','2014-02-10 14:38:56'),(5648,1,697523754,35,'2014-02-10 14:39:00','2014-02-10 14:39:00','2014-02-10 14:39:30'),(5649,1,697523754,35,'2014-02-10 14:39:12','2014-02-10 14:39:12','2014-02-10 14:39:42'),(5650,1,697523754,35,'2014-02-10 14:39:32','2014-02-10 14:39:32','2014-02-10 14:40:02'),(5651,1,697523754,35,'2014-02-10 14:39:54','2014-02-10 14:39:54','2014-02-10 14:40:24'),(5652,1,697523754,35,'2014-02-10 14:40:13','2014-02-10 14:40:13','2014-02-10 14:40:43'),(5653,1,697523754,35,'2014-02-10 14:40:33','2014-02-10 14:40:33','2014-02-10 14:41:03'),(5654,1,697523754,35,'2014-02-10 14:40:53','2014-02-10 14:40:53','2014-02-10 14:41:23'),(5655,1,697523754,35,'2014-02-10 14:41:13','2014-02-10 14:41:13','2014-02-10 14:41:43'),(5656,1,697523754,35,'2014-02-10 14:41:33','2014-02-10 14:41:33','2014-02-10 14:42:03'),(5657,1,697523754,35,'2014-02-10 14:41:53','2014-02-10 14:41:53','2014-02-10 14:42:23'),(5667,1,958766736,35,'2014-02-10 14:43:03','2014-02-10 14:43:09','2014-02-10 14:43:09'),(5668,1,863526891,35,'2014-02-10 14:43:12','2014-02-10 14:43:12','2014-02-10 14:43:42'),(5669,1,863526891,35,'2014-02-10 14:43:17','2014-02-10 14:43:21','2014-02-10 14:43:21'),(5670,1,697523754,35,'2014-02-10 14:43:24','2014-02-10 14:43:27','2014-02-10 14:43:27'),(5671,1,863526891,35,'2014-02-10 14:43:30','2014-02-10 14:43:34','2014-02-10 14:43:34'),(5672,1,697523754,35,'2014-02-10 14:43:38','2014-02-10 14:43:38','2014-02-10 14:44:08'),(5673,1,697523754,35,'2014-02-10 14:43:40','2014-02-10 14:43:43','2014-02-10 14:43:43'),(5674,1,863526891,35,'2014-02-10 14:43:46','2014-02-10 14:43:46','2014-02-10 14:44:16'),(5675,1,863526891,35,'2014-02-10 14:43:58','2014-02-10 14:43:58','2014-02-10 14:44:28'),(5676,1,863526891,35,'2014-02-10 14:44:18','2014-02-10 14:44:18','2014-02-10 14:44:48'),(5677,1,863526891,35,'2014-02-10 14:44:38','2014-02-10 14:44:38','2014-02-10 14:45:08'),(5678,1,863526891,35,'2014-02-10 14:44:58','2014-02-10 14:44:58','2014-02-10 14:45:28'),(5679,1,863526891,35,'2014-02-10 14:45:18','2014-02-10 14:45:18','2014-02-10 14:45:48'),(5689,1,863526891,35,'2014-02-10 14:45:54','2014-02-10 14:45:54','2014-02-10 14:46:24'),(5690,1,863526891,35,'2014-02-10 14:46:09','2014-02-10 14:46:12','2014-02-10 14:46:12'),(5691,1,863526891,35,'2014-02-10 14:46:29','2014-02-10 14:46:29','2014-02-10 14:46:59'),(5692,1,863526891,35,'2014-02-10 14:46:49','2014-02-10 14:46:49','2014-02-10 14:47:19'),(5693,1,863526891,35,'2014-02-10 14:47:09','2014-02-10 14:47:09','2014-02-10 14:47:39'),(5694,1,863526891,35,'2014-02-10 14:47:29','2014-02-10 14:47:29','2014-02-10 14:47:59'),(5695,1,863526891,35,'2014-02-10 14:47:49','2014-02-10 14:47:49','2014-02-10 14:48:19'),(5696,1,863526891,35,'2014-02-10 14:48:09','2014-02-10 14:48:09','2014-02-10 14:48:39'),(5697,1,863526891,35,'2014-02-10 14:48:29','2014-02-10 14:48:29','2014-02-10 14:48:59'),(5698,1,863526891,35,'2014-02-10 14:48:49','2014-02-10 14:48:49','2014-02-10 14:49:19'),(5699,1,863526891,35,'2014-02-10 14:49:09','2014-02-10 14:49:09','2014-02-10 14:49:39'),(5700,1,863526891,35,'2014-02-10 14:49:29','2014-02-10 14:49:29','2014-02-10 14:49:59'),(5701,1,863526891,35,'2014-02-10 14:49:49','2014-02-10 14:49:49','2014-02-10 14:50:19'),(5702,1,863526891,35,'2014-02-10 14:50:09','2014-02-10 14:50:09','2014-02-10 14:50:39'),(5703,1,863526891,35,'2014-02-10 14:50:29','2014-02-10 14:50:29','2014-02-10 14:50:59'),(5704,1,863526891,35,'2014-02-10 14:50:49','2014-02-10 14:50:49','2014-02-10 14:51:19'),(5705,1,863526891,35,'2014-02-10 14:51:09','2014-02-10 14:51:09','2014-02-10 14:51:39'),(5706,1,863526891,35,'2014-02-10 14:51:29','2014-02-10 14:51:29','2014-02-10 14:51:59'),(5707,1,863526891,35,'2014-02-10 14:51:49','2014-02-10 14:51:49','2014-02-10 14:52:19'),(5708,1,863526891,35,'2014-02-10 14:52:10','2014-02-10 14:52:10','2014-02-10 14:52:40'),(5709,1,863526891,35,'2014-02-10 14:52:29','2014-02-10 14:52:29','2014-02-10 14:52:59'),(5710,1,863526891,35,'2014-02-10 14:52:49','2014-02-10 14:52:49','2014-02-10 14:53:19'),(5711,1,863526891,35,'2014-02-10 14:53:09','2014-02-10 14:53:09','2014-02-10 14:53:39'),(5712,1,863526891,35,'2014-02-10 14:53:30','2014-02-10 14:53:30','2014-02-10 14:54:00'),(5713,1,863526891,35,'2014-02-10 14:53:49','2014-02-10 14:53:49','2014-02-10 14:54:19'),(5725,1,697523754,35,'2014-02-10 14:54:48','2014-02-10 14:54:51','2014-02-10 14:54:51'),(5726,1,863526891,35,'2014-02-10 14:54:54','2014-02-10 14:54:54','2014-02-10 14:55:24'),(5727,1,863526891,35,'2014-02-10 14:55:05','2014-02-10 14:55:17','2014-02-10 14:55:17'),(5728,1,697523754,35,'2014-02-10 14:55:19','2014-02-10 14:55:23','2014-02-10 14:55:23'),(5729,1,863526891,35,'2014-02-10 14:55:26','2014-02-10 14:55:26','2014-02-10 14:55:56'),(5730,1,863526891,35,'2014-02-10 14:55:28','2014-02-10 14:55:28','2014-02-10 14:55:58'),(5743,1,863526891,35,'2014-02-10 14:57:16','2014-02-10 14:57:16','2014-02-10 14:57:46'),(5744,1,863526891,35,'2014-02-10 14:57:26','2014-02-10 14:57:32','2014-02-10 14:57:32'),(5745,1,697523754,35,'2014-02-10 14:57:35','2014-02-10 14:57:46','2014-02-10 14:57:46'),(5764,1,863526891,35,'2014-02-10 14:59:54','2014-02-10 14:59:54','2014-02-10 15:00:24'),(5765,1,863526891,35,'2014-02-10 14:59:57','2014-02-10 15:00:05','2014-02-10 15:00:05'),(5766,1,697523754,35,'2014-02-10 15:00:08','2014-02-10 15:00:08','2014-02-10 15:00:38'),(5767,1,697523754,35,'2014-02-10 15:00:15','2014-02-10 15:00:17','2014-02-10 15:00:17'),(5768,1,958766736,35,'2014-02-10 15:00:21','2014-02-10 15:00:21','2014-02-10 15:00:51'),(5769,1,958766736,35,'2014-02-10 15:00:25','2014-02-10 15:00:34','2014-02-10 15:00:34'),(5770,1,863526891,35,'2014-02-10 15:00:25','2014-02-10 15:00:25','2014-02-10 15:30:25'),(5771,1,697523754,35,'2014-02-10 15:00:25','2014-02-10 15:00:25','2014-02-10 15:30:25'),(5772,1,1024261501,35,'2014-02-10 15:00:25','2014-02-10 15:00:25','2014-02-10 15:30:25'),(5773,1,374807699,35,'2014-02-10 15:00:25','2014-02-10 15:00:25','2014-02-10 15:30:25'),(5774,1,343774255,35,'2014-02-10 15:00:25','2014-02-10 15:00:25','2014-02-10 15:30:25'),(5775,1,176863900,35,'2014-02-10 15:00:25','2014-02-10 15:00:25','2014-02-10 15:30:25'),(5776,1,887641744,35,'2014-02-10 15:00:25','2014-02-10 15:00:25','2014-02-10 15:30:25'),(5777,1,863526891,35,'2014-02-10 15:00:37','2014-02-10 15:00:37','2014-02-10 15:01:07'),(5778,1,863526891,35,'2014-02-10 15:00:39','2014-02-10 15:00:39','2014-02-10 15:01:09'),(5788,1,958766736,35,'2014-02-10 15:01:30','2014-02-10 15:01:35','2014-02-10 15:01:35'),(5789,1,863526891,35,'2014-02-10 15:01:39','2014-02-10 15:01:39','2014-02-10 15:02:09'),(5790,1,863526891,35,'2014-02-10 15:01:44','2014-02-10 15:01:46','2014-02-10 15:01:46'),(5791,1,697523754,35,'2014-02-10 15:01:50','2014-02-10 15:01:50','2014-02-10 15:02:20'),(5792,1,697523754,35,'2014-02-10 15:02:04','2014-02-10 15:02:04','2014-02-10 15:02:34'),(5793,1,697523754,35,'2014-02-10 15:02:24','2014-02-10 15:02:24','2014-02-10 15:02:54'),(5794,1,697523754,35,'2014-02-10 15:02:44','2014-02-10 15:02:44','2014-02-10 15:03:14'),(5795,1,697523754,35,'2014-02-10 15:03:04','2014-02-10 15:03:04','2014-02-10 15:03:34'),(5796,1,697523754,35,'2014-02-10 15:03:24','2014-02-10 15:03:24','2014-02-10 15:03:54'),(5797,1,697523754,35,'2014-02-10 15:03:44','2014-02-10 15:03:44','2014-02-10 15:04:14'),(5798,1,697523754,35,'2014-02-10 15:04:04','2014-02-10 15:04:04','2014-02-10 15:04:34'),(5799,1,697523754,35,'2014-02-10 15:04:25','2014-02-10 15:04:25','2014-02-10 15:04:55'),(5800,1,697523754,35,'2014-02-10 15:04:44','2014-02-10 15:04:44','2014-02-10 15:05:14'),(5801,1,697523754,35,'2014-02-10 15:05:05','2014-02-10 15:05:05','2014-02-10 15:05:35'),(5802,1,697523754,35,'2014-02-10 15:05:24','2014-02-10 15:05:24','2014-02-10 15:05:54'),(5803,1,697523754,35,'2014-02-10 15:05:44','2014-02-10 15:05:44','2014-02-10 15:06:14'),(5804,1,697523754,35,'2014-02-10 15:06:04','2014-02-10 15:06:04','2014-02-10 15:06:34'),(5805,1,697523754,35,'2014-02-10 15:06:24','2014-02-10 15:06:24','2014-02-10 15:06:54'),(5806,1,697523754,35,'2014-02-10 15:06:44','2014-02-10 15:06:44','2014-02-10 15:07:14'),(5807,1,697523754,35,'2014-02-10 15:07:04','2014-02-10 15:07:04','2014-02-10 15:07:34'),(5808,1,697523754,35,'2014-02-10 15:07:24','2014-02-10 15:07:24','2014-02-10 15:07:54'),(5809,1,697523754,35,'2014-02-10 15:07:44','2014-02-10 15:07:44','2014-02-10 15:08:14'),(5810,1,697523754,35,'2014-02-10 15:08:04','2014-02-10 15:08:04','2014-02-10 15:08:34'),(5811,1,697523754,35,'2014-02-10 15:08:24','2014-02-10 15:08:24','2014-02-10 15:08:54'),(5812,1,697523754,35,'2014-02-10 15:08:44','2014-02-10 15:08:44','2014-02-10 15:09:14'),(5813,1,697523754,35,'2014-02-10 15:09:04','2014-02-10 15:09:04','2014-02-10 15:09:34'),(5814,1,697523754,35,'2014-02-10 15:09:24','2014-02-10 15:09:24','2014-02-10 15:09:54'),(5815,1,697523754,35,'2014-02-10 15:09:44','2014-02-10 15:09:44','2014-02-10 15:10:14'),(5816,1,697523754,35,'2014-02-10 15:10:04','2014-02-10 15:10:04','2014-02-10 15:10:34'),(5817,1,697523754,35,'2014-02-10 15:10:24','2014-02-10 15:10:24','2014-02-10 15:10:54'),(5818,1,697523754,35,'2014-02-10 15:10:44','2014-02-10 15:10:44','2014-02-10 15:11:14'),(5819,1,697523754,35,'2014-02-10 15:11:04','2014-02-10 15:11:04','2014-02-10 15:11:34'),(5820,1,697523754,35,'2014-02-10 15:11:24','2014-02-10 15:11:24','2014-02-10 15:11:54'),(5821,1,697523754,35,'2014-02-10 15:11:44','2014-02-10 15:11:44','2014-02-10 15:12:14'),(5822,1,697523754,35,'2014-02-10 15:12:04','2014-02-10 15:12:04','2014-02-10 15:12:34'),(5823,1,697523754,35,'2014-02-10 15:12:24','2014-02-10 15:12:24','2014-02-10 15:12:54'),(5824,1,697523754,35,'2014-02-10 15:12:44','2014-02-10 15:12:44','2014-02-10 15:13:14'),(5825,1,697523754,35,'2014-02-10 15:13:04','2014-02-10 15:13:04','2014-02-10 15:13:34'),(5826,1,697523754,35,'2014-02-10 15:13:24','2014-02-10 15:13:24','2014-02-10 15:13:54'),(5827,1,697523754,35,'2014-02-10 15:13:44','2014-02-10 15:13:44','2014-02-10 15:14:14'),(5828,1,697523754,35,'2014-02-10 15:14:04','2014-02-10 15:14:04','2014-02-10 15:14:34'),(5829,1,697523754,35,'2014-02-10 15:14:24','2014-02-10 15:14:24','2014-02-10 15:14:54'),(5830,1,697523754,35,'2014-02-10 15:14:44','2014-02-10 15:14:44','2014-02-10 15:15:14'),(5831,1,697523754,35,'2014-02-10 15:15:04','2014-02-10 15:15:04','2014-02-10 15:15:34'),(5832,1,697523754,35,'2014-02-10 15:15:24','2014-02-10 15:15:24','2014-02-10 15:15:54'),(5833,1,697523754,35,'2014-02-10 15:15:44','2014-02-10 15:15:44','2014-02-10 15:16:14'),(5843,1,863526891,35,'2014-02-10 15:16:22','2014-02-10 15:16:33','2014-02-10 15:16:33'),(5844,1,863526891,35,'2014-02-10 15:16:36','2014-02-10 15:16:36','2014-02-10 15:17:06'),(5845,1,863526891,35,'2014-02-10 15:16:56','2014-02-10 15:16:56','2014-02-10 15:17:26'),(5846,1,863526891,35,'2014-02-10 15:17:16','2014-02-10 15:17:16','2014-02-10 15:17:46'),(5847,1,863526891,35,'2014-02-10 15:17:36','2014-02-10 15:17:36','2014-02-10 15:18:06'),(5848,1,863526891,35,'2014-02-10 15:17:56','2014-02-10 15:18:13','2014-02-10 15:18:13'),(5849,1,863526891,35,'2014-02-10 15:18:16','2014-02-10 15:18:20','2014-02-10 15:18:20'),(5850,1,863526891,35,'2014-02-10 15:18:36','2014-02-10 15:18:36','2014-02-10 15:19:06'),(5851,1,863526891,35,'2014-02-10 15:18:56','2014-02-10 15:18:56','2014-02-10 15:19:26'),(5852,1,863526891,35,'2014-02-10 15:19:16','2014-02-10 15:19:16','2014-02-10 15:19:46'),(5853,1,863526891,35,'2014-02-10 15:19:36','2014-02-10 15:19:36','2014-02-10 15:20:06'),(5863,1,863526891,35,'2014-02-10 15:20:21','2014-02-10 15:20:30','2014-02-10 15:20:30'),(5864,1,863526891,35,'2014-02-10 15:20:33','2014-02-10 15:20:33','2014-02-10 15:21:03'),(5865,1,863526891,35,'2014-02-10 15:20:53','2014-02-10 15:20:53','2014-02-10 15:21:23'),(5866,1,863526891,35,'2014-02-10 15:21:13','2014-02-10 15:21:13','2014-02-10 15:21:43'),(5867,1,863526891,35,'2014-02-10 15:21:33','2014-02-10 15:21:33','2014-02-10 15:22:03'),(5868,1,863526891,35,'2014-02-10 15:21:53','2014-02-10 15:21:53','2014-02-10 15:22:23'),(5869,1,863526891,35,'2014-02-10 15:22:13','2014-02-10 15:22:13','2014-02-10 15:22:43'),(5870,1,863526891,35,'2014-02-10 15:22:33','2014-02-10 15:22:33','2014-02-10 15:23:03'),(5871,1,863526891,35,'2014-02-10 15:22:53','2014-02-10 15:22:53','2014-02-10 15:23:23'),(5872,1,863526891,35,'2014-02-10 15:23:13','2014-02-10 15:23:13','2014-02-10 15:23:43'),(5873,1,863526891,35,'2014-02-10 15:23:33','2014-02-10 15:23:33','2014-02-10 15:24:03'),(5874,1,863526891,35,'2014-02-10 15:23:53','2014-02-10 15:23:53','2014-02-10 15:24:23'),(5875,1,863526891,35,'2014-02-10 15:24:13','2014-02-10 15:24:13','2014-02-10 15:24:43'),(5876,1,863526891,35,'2014-02-10 15:24:33','2014-02-10 15:24:33','2014-02-10 15:25:03'),(5877,1,863526891,35,'2014-02-10 15:24:53','2014-02-10 15:24:53','2014-02-10 15:25:23'),(5878,1,863526891,35,'2014-02-10 15:25:13','2014-02-10 15:25:13','2014-02-10 15:25:43'),(5879,1,863526891,35,'2014-02-10 15:25:33','2014-02-10 15:25:33','2014-02-10 15:26:03'),(5880,1,863526891,35,'2014-02-10 15:25:53','2014-02-10 15:25:53','2014-02-10 15:26:23'),(5881,1,863526891,35,'2014-02-10 15:26:13','2014-02-10 15:26:13','2014-02-10 15:26:43'),(5882,1,863526891,35,'2014-02-10 15:26:33','2014-02-10 15:26:33','2014-02-10 15:27:03'),(5883,1,863526891,35,'2014-02-10 15:26:53','2014-02-10 15:26:53','2014-02-10 15:27:23'),(5884,1,863526891,35,'2014-02-10 15:27:13','2014-02-10 15:27:13','2014-02-10 15:27:43'),(5912,1,863526891,35,'2014-02-10 15:30:35','2014-02-10 15:30:35','2014-02-10 15:31:05'),(5913,1,863526891,35,'2014-02-10 15:30:46','2014-02-10 15:30:46','2014-02-10 15:31:16'),(5914,1,863526891,35,'2014-02-10 15:31:06','2014-02-10 15:31:06','2014-02-10 15:31:36'),(5915,1,863526891,35,'2014-02-10 15:31:26','2014-02-10 15:31:26','2014-02-10 15:31:56'),(5916,1,863526891,35,'2014-02-10 15:31:46','2014-02-10 15:31:46','2014-02-10 15:32:16'),(5917,1,863526891,35,'2014-02-10 15:32:06','2014-02-10 15:32:06','2014-02-10 15:32:36'),(5918,1,863526891,35,'2014-02-10 15:32:26','2014-02-10 15:32:26','2014-02-10 15:32:56'),(5919,1,863526891,35,'2014-02-10 15:32:46','2014-02-10 15:32:46','2014-02-10 15:33:16'),(5920,1,863526891,35,'2014-02-10 15:33:06','2014-02-10 15:33:06','2014-02-10 15:33:36'),(5921,1,863526891,35,'2014-02-10 15:33:26','2014-02-10 15:33:26','2014-02-10 15:33:56'),(5922,1,863526891,35,'2014-02-10 15:33:46','2014-02-10 15:33:46','2014-02-10 15:34:16'),(5923,1,863526891,35,'2014-02-10 15:34:06','2014-02-10 15:34:06','2014-02-10 15:34:36'),(5924,1,863526891,35,'2014-02-10 15:34:26','2014-02-10 15:34:26','2014-02-10 15:34:56'),(5925,1,863526891,35,'2014-02-10 15:34:46','2014-02-10 15:34:46','2014-02-10 15:35:16'),(5926,1,863526891,35,'2014-02-10 15:35:06','2014-02-10 15:35:06','2014-02-10 15:35:36'),(5927,1,863526891,35,'2014-02-10 15:35:26','2014-02-10 15:35:26','2014-02-10 15:35:56'),(5928,1,863526891,35,'2014-02-10 15:35:47','2014-02-10 15:35:47','2014-02-10 15:36:17'),(5929,1,863526891,35,'2014-02-10 15:36:09','2014-02-10 15:36:09','2014-02-10 15:36:39'),(5930,1,863526891,35,'2014-02-10 15:36:26','2014-02-10 15:36:26','2014-02-10 15:36:56'),(5931,1,863526891,35,'2014-02-10 15:36:47','2014-02-10 15:36:47','2014-02-10 15:37:17'),(5941,1,863526891,35,'2014-02-10 15:37:39','2014-02-10 15:37:39','2014-02-10 15:38:09'),(5942,1,863526891,35,'2014-02-10 15:37:50','2014-02-10 15:37:50','2014-02-10 15:38:20'),(5943,1,863526891,35,'2014-02-10 15:38:09','2014-02-10 15:38:09','2014-02-10 15:38:39'),(5944,1,863526891,35,'2014-02-10 15:38:29','2014-02-10 15:38:29','2014-02-10 15:38:59'),(5945,1,863526891,35,'2014-02-10 15:38:49','2014-02-10 15:38:49','2014-02-10 15:39:19'),(5946,1,863526891,35,'2014-02-10 15:39:09','2014-02-10 15:39:09','2014-02-10 15:39:39'),(5947,1,863526891,35,'2014-02-10 15:39:30','2014-02-10 15:39:30','2014-02-10 15:40:00'),(5948,1,863526891,35,'2014-02-10 15:39:49','2014-02-10 15:39:49','2014-02-10 15:40:19'),(5949,1,863526891,35,'2014-02-10 15:40:09','2014-02-10 15:40:09','2014-02-10 15:40:39'),(5950,1,863526891,35,'2014-02-10 15:40:29','2014-02-10 15:40:29','2014-02-10 15:40:59'),(5951,1,863526891,35,'2014-02-10 15:40:50','2014-02-10 15:40:50','2014-02-10 15:41:20'),(5952,1,863526891,35,'2014-02-10 15:41:10','2014-02-10 15:41:10','2014-02-10 15:41:40'),(5953,1,863526891,35,'2014-02-10 15:41:31','2014-02-10 15:41:31','2014-02-10 15:42:01'),(5954,1,863526891,35,'2014-02-10 15:41:50','2014-02-10 15:41:50','2014-02-10 15:42:20'),(5955,1,863526891,35,'2014-02-10 15:42:10','2014-02-10 15:42:22','2014-02-10 15:42:22'),(5956,1,863526891,35,'2014-02-10 15:42:30','2014-02-10 15:42:30','2014-02-10 15:43:00'),(5957,1,863526891,35,'2014-02-10 15:42:50','2014-02-10 15:42:50','2014-02-10 15:43:20'),(5958,1,863526891,35,'2014-02-10 15:43:10','2014-02-10 15:43:10','2014-02-10 15:43:40'),(5959,1,863526891,35,'2014-02-10 15:43:30','2014-02-10 15:43:30','2014-02-10 15:44:00'),(5960,1,863526891,35,'2014-02-10 15:43:50','2014-02-10 15:43:50','2014-02-10 15:44:20'),(5970,1,863526891,35,'2014-02-10 15:44:46','2014-02-10 15:44:56','2014-02-10 15:44:56'),(5971,1,863526891,35,'2014-02-10 15:44:59','2014-02-10 15:44:59','2014-02-10 15:45:29'),(5972,1,863526891,35,'2014-02-10 15:45:17','2014-02-10 15:45:17','2014-02-10 15:45:47'),(5973,1,863526891,35,'2014-02-10 15:45:37','2014-02-10 15:45:37','2014-02-10 15:46:07'),(5974,1,863526891,35,'2014-02-10 15:45:57','2014-02-10 15:45:57','2014-02-10 15:46:27'),(5975,1,863526891,35,'2014-02-10 15:46:17','2014-02-10 15:46:17','2014-02-10 15:46:47'),(5976,1,863526891,35,'2014-02-10 15:46:38','2014-02-10 15:46:38','2014-02-10 15:47:08'),(5977,1,863526891,35,'2014-02-10 15:46:58','2014-02-10 15:46:58','2014-02-10 15:47:28'),(5978,1,863526891,35,'2014-02-10 15:47:18','2014-02-10 15:47:18','2014-02-10 15:47:48'),(5979,1,863526891,35,'2014-02-10 15:47:38','2014-02-10 15:47:38','2014-02-10 15:48:08'),(5980,1,863526891,35,'2014-02-10 15:47:59','2014-02-10 15:47:59','2014-02-10 15:48:29'),(5981,1,863526891,35,'2014-02-10 15:48:18','2014-02-10 15:48:18','2014-02-10 15:48:48'),(5982,1,863526891,35,'2014-02-10 15:48:38','2014-02-10 15:48:38','2014-02-10 15:49:08'),(5983,1,863526891,35,'2014-02-10 15:48:58','2014-02-10 15:48:58','2014-02-10 15:49:28'),(5984,1,863526891,35,'2014-02-10 15:49:18','2014-02-10 15:49:18','2014-02-10 15:49:48'),(5985,1,863526891,35,'2014-02-10 15:49:38','2014-02-10 15:49:38','2014-02-10 15:50:08'),(5986,1,863526891,35,'2014-02-10 15:49:58','2014-02-10 15:49:58','2014-02-10 15:50:28'),(5987,1,863526891,35,'2014-02-10 15:50:18','2014-02-10 15:50:18','2014-02-10 15:50:48'),(5988,1,863526891,35,'2014-02-10 15:50:38','2014-02-10 15:50:38','2014-02-10 15:51:08'),(5989,1,863526891,35,'2014-02-10 15:50:58','2014-02-10 15:50:58','2014-02-10 15:51:28'),(5990,1,863526891,35,'2014-02-10 15:51:18','2014-02-10 15:51:18','2014-02-10 15:51:48'),(5991,1,863526891,35,'2014-02-10 15:51:38','2014-02-10 15:51:38','2014-02-10 15:52:08'),(5992,1,863526891,35,'2014-02-10 15:51:58','2014-02-10 15:51:58','2014-02-10 15:52:28'),(5993,1,863526891,35,'2014-02-10 15:52:18','2014-02-10 15:52:18','2014-02-10 15:52:48'),(5994,1,863526891,35,'2014-02-10 15:52:38','2014-02-10 15:52:38','2014-02-10 15:53:08'),(5995,1,863526891,35,'2014-02-10 15:52:58','2014-02-10 15:52:58','2014-02-10 15:53:28'),(5996,1,863526891,35,'2014-02-10 15:53:18','2014-02-10 15:53:18','2014-02-10 15:53:48'),(5997,1,863526891,35,'2014-02-10 15:53:38','2014-02-10 15:53:38','2014-02-10 15:54:08'),(5998,1,863526891,35,'2014-02-10 15:53:58','2014-02-10 15:53:58','2014-02-10 15:54:28'),(5999,1,863526891,35,'2014-02-10 15:54:18','2014-02-10 15:54:18','2014-02-10 15:54:48'),(6000,1,863526891,35,'2014-02-10 15:54:38','2014-02-10 15:54:38','2014-02-10 15:55:08'),(6001,1,863526891,35,'2014-02-10 15:54:58','2014-02-10 15:54:58','2014-02-10 15:55:28'),(6002,1,863526891,35,'2014-02-10 15:55:18','2014-02-10 15:55:18','2014-02-10 15:55:48'),(6003,1,863526891,35,'2014-02-10 15:55:38','2014-02-10 15:55:38','2014-02-10 15:56:08'),(6004,1,863526891,35,'2014-02-10 15:55:58','2014-02-10 15:55:58','2014-02-10 15:56:28'),(6005,1,863526891,35,'2014-02-10 15:56:18','2014-02-10 15:56:18','2014-02-10 15:56:48'),(6006,1,863526891,35,'2014-02-10 15:56:38','2014-02-10 15:56:38','2014-02-10 15:57:08'),(6007,1,863526891,35,'2014-02-10 15:56:58','2014-02-10 15:56:58','2014-02-10 15:57:28'),(6008,1,863526891,35,'2014-02-10 15:57:18','2014-02-10 15:57:18','2014-02-10 15:57:48'),(6009,1,863526891,35,'2014-02-10 15:57:38','2014-02-10 15:57:38','2014-02-10 15:58:08'),(6010,1,863526891,35,'2014-02-10 15:57:58','2014-02-10 15:57:58','2014-02-10 15:58:28'),(6011,1,863526891,35,'2014-02-10 15:58:18','2014-02-10 15:58:18','2014-02-10 15:58:48'),(6012,1,863526891,35,'2014-02-10 15:58:39','2014-02-10 15:58:39','2014-02-10 15:59:09'),(6013,1,863526891,35,'2014-02-10 15:58:58','2014-02-10 15:58:58','2014-02-10 15:59:28'),(6014,1,863526891,35,'2014-02-10 15:59:18','2014-02-10 15:59:18','2014-02-10 15:59:48'),(6015,1,863526891,35,'2014-02-10 15:59:38','2014-02-10 15:59:38','2014-02-10 16:00:08'),(6016,1,863526891,35,'2014-02-10 15:59:58','2014-02-10 15:59:58','2014-02-10 16:00:28'),(6017,1,863526891,35,'2014-02-10 16:00:18','2014-02-10 16:00:18','2014-02-10 16:00:48'),(6018,1,863526891,35,'2014-02-10 16:00:38','2014-02-10 16:00:38','2014-02-10 16:01:08'),(6019,1,863526891,35,'2014-02-10 16:00:58','2014-02-10 16:00:58','2014-02-10 16:01:28'),(6020,1,863526891,35,'2014-02-10 16:01:18','2014-02-10 16:01:18','2014-02-10 16:01:48'),(6021,1,863526891,35,'2014-02-10 16:01:38','2014-02-10 16:01:38','2014-02-10 16:02:08'),(6022,1,863526891,35,'2014-02-10 16:01:58','2014-02-10 16:01:58','2014-02-10 16:02:28'),(6023,1,863526891,35,'2014-02-10 16:02:18','2014-02-10 16:02:18','2014-02-10 16:02:48'),(6024,1,863526891,35,'2014-02-10 16:02:38','2014-02-10 16:02:38','2014-02-10 16:03:08'),(6025,1,863526891,35,'2014-02-10 16:02:59','2014-02-10 16:02:59','2014-02-10 16:03:29'),(6026,1,863526891,35,'2014-02-10 16:03:19','2014-02-10 16:03:19','2014-02-10 16:03:49'),(6027,1,863526891,35,'2014-02-10 16:03:39','2014-02-10 16:03:39','2014-02-10 16:04:09'),(6028,1,863526891,35,'2014-02-10 16:03:59','2014-02-10 16:03:59','2014-02-10 16:04:29'),(6029,1,863526891,35,'2014-02-10 16:04:19','2014-02-10 16:04:19','2014-02-10 16:04:49'),(6030,1,863526891,35,'2014-02-10 16:04:39','2014-02-10 16:04:39','2014-02-10 16:05:09'),(6031,1,863526891,35,'2014-02-10 16:04:59','2014-02-10 16:04:59','2014-02-10 16:05:29'),(6032,1,863526891,35,'2014-02-10 16:05:19','2014-02-10 16:05:19','2014-02-10 16:05:49'),(6033,1,863526891,35,'2014-02-10 16:05:39','2014-02-10 16:05:39','2014-02-10 16:06:09'),(6034,1,863526891,35,'2014-02-10 16:05:59','2014-02-10 16:05:59','2014-02-10 16:06:29'),(6035,1,863526891,35,'2014-02-10 16:06:19','2014-02-10 16:06:19','2014-02-10 16:06:49'),(6036,1,863526891,35,'2014-02-10 16:06:39','2014-02-10 16:06:39','2014-02-10 16:07:09'),(6037,1,863526891,35,'2014-02-10 16:06:59','2014-02-10 16:06:59','2014-02-10 16:07:29'),(6038,1,863526891,35,'2014-02-10 16:07:19','2014-02-10 16:07:19','2014-02-10 16:07:49'),(6039,1,863526891,35,'2014-02-10 16:07:39','2014-02-10 16:07:39','2014-02-10 16:08:09'),(6040,1,863526891,35,'2014-02-10 16:07:59','2014-02-10 16:07:59','2014-02-10 16:08:29'),(6041,1,863526891,35,'2014-02-10 16:08:19','2014-02-10 16:08:19','2014-02-10 16:08:49'),(6042,1,863526891,35,'2014-02-10 16:08:39','2014-02-10 16:08:39','2014-02-10 16:09:09'),(6043,1,863526891,35,'2014-02-10 16:08:59','2014-02-10 16:08:59','2014-02-10 16:09:29'),(6044,1,863526891,35,'2014-02-10 16:09:19','2014-02-10 16:09:19','2014-02-10 16:09:49'),(6045,1,863526891,35,'2014-02-10 16:09:39','2014-02-10 16:09:39','2014-02-10 16:10:09'),(6046,1,863526891,35,'2014-02-10 16:09:59','2014-02-10 16:09:59','2014-02-10 16:10:29'),(6047,1,863526891,35,'2014-02-10 16:10:19','2014-02-10 16:10:19','2014-02-10 16:10:49'),(6048,1,863526891,35,'2014-02-10 16:10:39','2014-02-10 16:10:39','2014-02-10 16:11:09'),(6049,1,863526891,35,'2014-02-10 16:10:59','2014-02-10 16:10:59','2014-02-10 16:11:29'),(6050,1,863526891,35,'2014-02-10 16:11:19','2014-02-10 16:11:19','2014-02-10 16:11:49'),(6060,1,697523754,35,'2014-02-10 16:12:06','2014-02-10 16:12:09','2014-02-10 16:12:09'),(6061,1,863526891,35,'2014-02-10 16:12:14','2014-02-10 16:12:14','2014-02-10 16:12:44'),(6062,1,863526891,35,'2014-02-10 16:12:21','2014-02-10 16:12:21','2014-02-10 16:12:51'),(6063,1,863526891,35,'2014-02-10 16:12:41','2014-02-10 16:12:41','2014-02-10 16:13:11'),(6064,1,863526891,35,'2014-02-10 16:13:01','2014-02-10 16:13:01','2014-02-10 16:13:31'),(6065,1,863526891,35,'2014-02-10 16:13:21','2014-02-10 16:13:21','2014-02-10 16:13:51'),(6066,1,863526891,35,'2014-02-10 16:13:41','2014-02-10 16:13:41','2014-02-10 16:14:11'),(6067,1,863526891,35,'2014-02-10 16:14:01','2014-02-10 16:14:01','2014-02-10 16:14:31'),(6068,1,863526891,35,'2014-02-10 16:14:21','2014-02-10 16:14:21','2014-02-10 16:14:51'),(6069,1,863526891,35,'2014-02-10 16:14:41','2014-02-10 16:14:41','2014-02-10 16:15:11'),(6070,1,863526891,35,'2014-02-10 16:15:01','2014-02-10 16:15:01','2014-02-10 16:15:31'),(6071,1,863526891,35,'2014-02-10 16:15:21','2014-02-10 16:15:21','2014-02-10 16:15:51'),(6072,1,863526891,35,'2014-02-10 16:15:41','2014-02-10 16:15:41','2014-02-10 16:16:11'),(6073,1,863526891,35,'2014-02-10 16:16:01','2014-02-10 16:16:01','2014-02-10 16:16:31'),(6074,1,863526891,35,'2014-02-10 16:16:21','2014-02-10 16:16:21','2014-02-10 16:16:51'),(6075,1,863526891,35,'2014-02-10 16:16:41','2014-02-10 16:16:41','2014-02-10 16:17:11'),(6076,1,863526891,35,'2014-02-10 16:17:01','2014-02-10 16:17:01','2014-02-10 16:17:31'),(6077,1,863526891,35,'2014-02-10 16:17:21','2014-02-10 16:17:21','2014-02-10 16:17:51'),(6078,1,863526891,35,'2014-02-10 16:17:41','2014-02-10 16:17:41','2014-02-10 16:18:11'),(6079,1,863526891,35,'2014-02-10 16:18:01','2014-02-10 16:18:01','2014-02-10 16:18:31'),(6080,1,863526891,35,'2014-02-10 16:18:21','2014-02-10 16:18:21','2014-02-10 16:18:51'),(6081,1,863526891,35,'2014-02-10 16:18:41','2014-02-10 16:18:41','2014-02-10 16:19:11'),(6082,1,863526891,35,'2014-02-10 16:19:01','2014-02-10 16:19:01','2014-02-10 16:19:31'),(6083,1,863526891,35,'2014-02-10 16:19:21','2014-02-10 16:19:21','2014-02-10 16:19:51'),(6084,1,863526891,35,'2014-02-10 16:19:41','2014-02-10 16:19:41','2014-02-10 16:20:11'),(6094,1,697523754,35,'2014-02-10 16:20:38','2014-02-10 16:20:38','2014-02-10 16:21:08'),(6095,1,697523754,35,'2014-02-10 16:20:51','2014-02-10 16:20:51','2014-02-10 16:21:21'),(6096,1,697523754,35,'2014-02-10 16:21:11','2014-02-10 16:21:11','2014-02-10 16:21:41'),(6097,1,697523754,35,'2014-02-10 16:21:31','2014-02-10 16:21:31','2014-02-10 16:22:01'),(6098,1,697523754,35,'2014-02-10 16:21:51','2014-02-10 16:21:51','2014-02-10 16:22:21'),(6099,1,697523754,35,'2014-02-10 16:22:11','2014-02-10 16:22:11','2014-02-10 16:22:41'),(6100,1,697523754,35,'2014-02-10 16:22:31','2014-02-10 16:22:31','2014-02-10 16:23:01'),(6101,1,697523754,35,'2014-02-10 16:22:51','2014-02-10 16:22:51','2014-02-10 16:23:21'),(6102,1,697523754,35,'2014-02-10 16:23:11','2014-02-10 16:23:11','2014-02-10 16:23:41'),(6103,1,697523754,35,'2014-02-10 16:23:31','2014-02-10 16:23:31','2014-02-10 16:24:01'),(6104,1,697523754,35,'2014-02-10 16:23:51','2014-02-10 16:23:51','2014-02-10 16:24:21'),(6105,1,697523754,35,'2014-02-10 16:24:11','2014-02-10 16:24:11','2014-02-10 16:24:41'),(6106,1,697523754,35,'2014-02-10 16:24:31','2014-02-10 16:24:31','2014-02-10 16:25:01'),(6107,1,697523754,35,'2014-02-10 16:24:51','2014-02-10 16:24:51','2014-02-10 16:25:21'),(6108,1,697523754,35,'2014-02-10 16:25:11','2014-02-10 16:25:11','2014-02-10 16:25:41'),(6109,1,697523754,35,'2014-02-10 16:25:31','2014-02-10 16:25:31','2014-02-10 16:26:01'),(6110,1,697523754,35,'2014-02-10 16:25:51','2014-02-10 16:25:51','2014-02-10 16:26:21'),(6111,1,697523754,35,'2014-02-10 16:26:11','2014-02-10 16:26:11','2014-02-10 16:26:41'),(6112,1,697523754,35,'2014-02-10 16:26:31','2014-02-10 16:26:31','2014-02-10 16:27:01'),(6113,1,697523754,35,'2014-02-10 16:26:51','2014-02-10 16:26:51','2014-02-10 16:27:21'),(6114,1,697523754,35,'2014-02-10 16:27:11','2014-02-10 16:27:11','2014-02-10 16:27:41'),(6115,1,697523754,35,'2014-02-10 16:27:31','2014-02-10 16:27:31','2014-02-10 16:28:01'),(6116,1,697523754,35,'2014-02-10 16:27:51','2014-02-10 16:27:51','2014-02-10 16:28:21'),(6117,1,697523754,35,'2014-02-10 16:28:11','2014-02-10 16:28:11','2014-02-10 16:28:41'),(6118,1,697523754,35,'2014-02-10 16:28:31','2014-02-10 16:28:31','2014-02-10 16:29:01'),(6119,1,697523754,35,'2014-02-10 16:28:51','2014-02-10 16:28:51','2014-02-10 16:29:21'),(6120,1,697523754,35,'2014-02-10 16:29:11','2014-02-10 16:29:11','2014-02-10 16:29:41'),(6121,1,697523754,35,'2014-02-10 16:29:31','2014-02-10 16:29:31','2014-02-10 16:30:01'),(6122,1,697523754,35,'2014-02-10 16:29:51','2014-02-10 16:29:51','2014-02-10 16:30:21'),(6123,1,697523754,35,'2014-02-10 16:30:11','2014-02-10 16:30:11','2014-02-10 16:30:41'),(6124,1,697523754,35,'2014-02-10 16:30:31','2014-02-10 16:30:31','2014-02-10 16:31:01'),(6125,1,697523754,35,'2014-02-10 16:30:51','2014-02-10 16:30:51','2014-02-10 16:31:21'),(6126,1,697523754,35,'2014-02-10 16:31:11','2014-02-10 16:31:11','2014-02-10 16:31:41'),(6127,1,697523754,35,'2014-02-10 16:31:31','2014-02-10 16:31:31','2014-02-10 16:32:01'),(6128,1,697523754,35,'2014-02-10 16:31:51','2014-02-10 16:31:51','2014-02-10 16:32:21'),(6129,1,697523754,35,'2014-02-10 16:32:11','2014-02-10 16:32:11','2014-02-10 16:32:41'),(6130,1,697523754,35,'2014-02-10 16:32:31','2014-02-10 16:32:31','2014-02-10 16:33:01'),(6131,1,697523754,35,'2014-02-10 16:32:51','2014-02-10 16:32:51','2014-02-10 16:33:21'),(6132,1,697523754,35,'2014-02-10 16:33:11','2014-02-10 16:33:11','2014-02-10 16:33:41'),(6142,1,863526891,35,'2014-02-10 16:34:04','2014-02-10 16:34:04','2014-02-10 16:34:34'),(6143,1,863526891,35,'2014-02-10 16:34:11','2014-02-10 16:34:11','2014-02-10 16:34:41'),(6144,1,863526891,35,'2014-02-10 16:34:31','2014-02-10 16:34:33','2014-02-10 16:34:33'),(6145,1,863526891,35,'2014-02-10 16:35:01','2014-02-10 16:35:01','2014-02-10 16:35:31'),(6155,1,374807699,35,'2014-02-10 16:35:50','2014-02-10 16:35:54','2014-02-10 16:35:54'),(6156,1,863526891,35,'2014-02-10 16:35:59','2014-02-10 16:35:59','2014-02-10 16:36:29'),(6157,1,863526891,35,'2014-02-10 16:36:08','2014-02-10 16:36:08','2014-02-10 16:36:38'),(6158,1,863526891,35,'2014-02-10 16:36:28','2014-02-10 16:36:28','2014-02-10 16:36:58'),(6167,1,863526891,35,'2014-02-11 11:43:50','2014-02-11 11:43:50','2014-02-11 11:44:20'),(6168,1,863526891,35,'2014-02-11 11:43:59','2014-02-11 11:44:10','2014-02-11 11:44:10'),(6169,1,863526891,35,'2014-02-11 11:44:32','2014-02-11 11:44:32','2014-02-11 11:45:02'),(6179,1,863526891,35,'2014-02-11 11:45:15','2014-02-11 11:45:15','2014-02-11 11:45:45'),(6180,1,863526891,35,'2014-02-11 11:45:26','2014-02-11 11:45:29','2014-02-11 11:45:29'),(6181,1,863526891,35,'2014-02-11 11:46:06','2014-02-11 11:46:06','2014-02-11 11:46:36'),(6182,1,863526891,35,'2014-02-11 11:46:26','2014-02-11 11:46:26','2014-02-11 11:46:56'),(6183,1,863526891,35,'2014-02-11 11:46:46','2014-02-11 11:46:46','2014-02-11 11:47:16'),(6184,1,863526891,35,'2014-02-11 11:47:06','2014-02-11 11:47:06','2014-02-11 11:47:36'),(6185,1,863526891,35,'2014-02-11 11:47:26','2014-02-11 11:47:26','2014-02-11 11:47:56'),(6186,1,863526891,35,'2014-02-11 11:47:46','2014-02-11 11:47:46','2014-02-11 11:48:16'),(6187,1,863526891,35,'2014-02-11 11:48:06','2014-02-11 11:48:06','2014-02-11 11:48:36'),(6188,1,863526891,35,'2014-02-11 11:48:26','2014-02-11 11:48:26','2014-02-11 11:48:56'),(6189,1,863526891,35,'2014-02-11 11:48:46','2014-02-11 11:48:46','2014-02-11 11:49:16'),(6190,1,863526891,35,'2014-02-11 11:49:06','2014-02-11 11:49:06','2014-02-11 11:49:36'),(6191,1,863526891,35,'2014-02-11 11:49:26','2014-02-11 11:49:26','2014-02-11 11:49:56'),(6192,1,958766736,35,'2014-02-11 11:49:33','2014-02-11 11:49:33','2014-02-11 12:19:33'),(6193,1,863526891,35,'2014-02-11 11:49:33','2014-02-11 11:49:33','2014-02-11 12:19:33'),(6194,1,697523754,35,'2014-02-11 11:49:33','2014-02-11 11:49:33','2014-02-11 12:19:33'),(6195,1,1024261501,35,'2014-02-11 11:49:33','2014-02-11 11:49:33','2014-02-11 12:19:33'),(6196,1,374807699,35,'2014-02-11 11:49:33','2014-02-11 11:49:33','2014-02-11 12:19:33'),(6197,1,343774255,35,'2014-02-11 11:49:33','2014-02-11 11:49:33','2014-02-11 12:19:33'),(6198,1,176863900,35,'2014-02-11 11:49:33','2014-02-11 11:49:33','2014-02-11 12:19:33'),(6199,1,887641744,35,'2014-02-11 11:49:33','2014-02-11 11:49:33','2014-02-11 12:19:33'),(6200,1,958766736,35,'2014-02-11 11:50:01','2014-02-11 11:50:01','2014-02-11 12:20:01'),(6201,1,863526891,35,'2014-02-11 11:50:01','2014-02-11 11:50:01','2014-02-11 12:20:01'),(6202,1,697523754,35,'2014-02-11 11:50:01','2014-02-11 11:50:01','2014-02-11 12:20:01'),(6203,1,1024261501,35,'2014-02-11 11:50:01','2014-02-11 11:50:01','2014-02-11 12:20:01'),(6204,1,374807699,35,'2014-02-11 11:50:01','2014-02-11 11:50:01','2014-02-11 12:20:01'),(6205,1,343774255,35,'2014-02-11 11:50:01','2014-02-11 11:50:01','2014-02-11 12:20:01'),(6206,1,176863900,35,'2014-02-11 11:50:01','2014-02-11 11:50:01','2014-02-11 12:20:01'),(6207,1,887641744,35,'2014-02-11 11:50:01','2014-02-11 11:50:01','2014-02-11 12:20:01'),(6216,1,863526891,35,'2014-02-11 11:56:23','2014-02-11 11:56:23','2014-02-11 11:56:53'),(6217,1,863526891,35,'2014-02-11 11:56:35','2014-02-11 11:56:35','2014-02-11 11:57:05'),(6218,1,863526891,35,'2014-02-11 11:56:55','2014-02-11 11:56:55','2014-02-11 11:57:25'),(6219,1,863526891,35,'2014-02-11 11:57:15','2014-02-11 11:57:15','2014-02-11 11:57:45'),(6220,1,863526891,35,'2014-02-11 11:57:35','2014-02-11 11:57:35','2014-02-11 11:58:05'),(6221,1,863526891,35,'2014-02-11 11:57:55','2014-02-11 11:57:55','2014-02-11 11:58:25'),(6222,1,863526891,35,'2014-02-11 11:58:15','2014-02-11 11:58:15','2014-02-11 11:58:45'),(6223,1,863526891,35,'2014-02-11 11:58:35','2014-02-11 11:58:35','2014-02-11 11:59:05'),(6224,1,863526891,35,'2014-02-11 11:58:55','2014-02-11 11:58:55','2014-02-11 11:59:25'),(6225,1,863526891,35,'2014-02-11 11:59:15','2014-02-11 11:59:15','2014-02-11 11:59:45'),(6226,1,863526891,35,'2014-02-11 11:59:35','2014-02-11 11:59:35','2014-02-11 12:00:05'),(6227,1,863526891,35,'2014-02-11 11:59:55','2014-02-11 11:59:55','2014-02-11 12:00:25'),(6228,1,863526891,35,'2014-02-11 12:00:15','2014-02-11 12:00:15','2014-02-11 12:00:45'),(6229,1,958766736,35,'2014-02-11 12:00:31','2014-02-11 12:00:31','2014-02-11 12:30:31'),(6230,1,863526891,35,'2014-02-11 12:00:31','2014-02-11 12:00:31','2014-02-11 12:30:31'),(6231,1,697523754,35,'2014-02-11 12:00:31','2014-02-11 12:00:31','2014-02-11 12:30:31'),(6232,1,1024261501,35,'2014-02-11 12:00:31','2014-02-11 12:00:31','2014-02-11 12:30:31'),(6233,1,374807699,35,'2014-02-11 12:00:31','2014-02-11 12:00:31','2014-02-11 12:30:31'),(6234,1,343774255,35,'2014-02-11 12:00:31','2014-02-11 12:00:31','2014-02-11 12:30:31'),(6235,1,176863900,35,'2014-02-11 12:00:31','2014-02-11 12:00:31','2014-02-11 12:30:31'),(6236,1,887641744,35,'2014-02-11 12:00:31','2014-02-11 12:00:31','2014-02-11 12:30:31'),(6245,1,863526891,35,'2014-02-11 12:10:47','2014-02-11 12:10:47','2014-02-11 12:11:17'),(6246,1,863526891,35,'2014-02-11 12:11:00','2014-02-11 12:11:00','2014-02-11 12:11:30'),(6247,1,863526891,35,'2014-02-11 12:11:20','2014-02-11 12:11:20','2014-02-11 12:11:50'),(6248,1,863526891,35,'2014-02-11 12:11:40','2014-02-11 12:11:40','2014-02-11 12:12:10'),(6249,1,863526891,35,'2014-02-11 12:12:00','2014-02-11 12:12:19','2014-02-11 12:12:19'),(6250,1,863526891,35,'2014-02-11 12:12:33','2014-02-11 12:12:33','2014-02-11 12:13:03'),(6251,1,863526891,35,'2014-02-11 12:12:53','2014-02-11 12:12:53','2014-02-11 12:13:23'),(6252,1,863526891,35,'2014-02-11 12:13:13','2014-02-11 12:13:13','2014-02-11 12:13:43'),(6253,1,863526891,35,'2014-02-11 12:13:33','2014-02-11 12:13:33','2014-02-11 12:14:03'),(6254,1,863526891,35,'2014-02-11 12:13:53','2014-02-11 12:13:53','2014-02-11 12:14:23'),(6255,1,863526891,35,'2014-02-11 12:14:13','2014-02-11 12:14:13','2014-02-11 12:14:43'),(6256,1,863526891,35,'2014-02-11 12:14:33','2014-02-11 12:14:33','2014-02-11 12:15:03'),(6257,1,863526891,35,'2014-02-11 12:14:53','2014-02-11 12:14:53','2014-02-11 12:15:23'),(6258,1,863526891,35,'2014-02-11 12:15:13','2014-02-11 12:15:13','2014-02-11 12:15:43'),(6259,1,863526891,35,'2014-02-11 12:15:33','2014-02-11 12:15:33','2014-02-11 12:16:03'),(6260,1,863526891,35,'2014-02-11 12:15:53','2014-02-11 12:15:53','2014-02-11 12:16:23'),(6261,1,863526891,35,'2014-02-11 12:16:13','2014-02-11 12:16:13','2014-02-11 12:16:43'),(6262,1,863526891,35,'2014-02-11 12:16:33','2014-02-11 12:16:33','2014-02-11 12:17:03'),(6263,1,863526891,35,'2014-02-11 12:16:53','2014-02-11 12:16:53','2014-02-11 12:17:23'),(6264,1,863526891,35,'2014-02-11 12:17:13','2014-02-11 12:17:13','2014-02-11 12:17:43'),(6265,1,863526891,35,'2014-02-11 12:17:33','2014-02-11 12:17:33','2014-02-11 12:18:03'),(6266,1,863526891,35,'2014-02-11 12:17:53','2014-02-11 12:17:53','2014-02-11 12:18:23'),(6267,1,863526891,35,'2014-02-11 12:18:13','2014-02-11 12:18:13','2014-02-11 12:18:43'),(6268,1,863526891,35,'2014-02-11 12:18:33','2014-02-11 12:18:33','2014-02-11 12:19:03'),(6269,1,863526891,35,'2014-02-11 12:18:53','2014-02-11 12:18:53','2014-02-11 12:19:23'),(6270,1,863526891,35,'2014-02-11 12:19:13','2014-02-11 12:19:13','2014-02-11 12:19:43'),(6271,1,863526891,35,'2014-02-11 12:19:33','2014-02-11 12:19:33','2014-02-11 12:20:03'),(6272,1,863526891,35,'2014-02-11 12:19:53','2014-02-11 12:19:53','2014-02-11 12:20:23'),(6273,1,863526891,35,'2014-02-11 12:20:13','2014-02-11 12:20:13','2014-02-11 12:20:43'),(6274,1,863526891,35,'2014-02-11 12:20:33','2014-02-11 12:20:33','2014-02-11 12:21:03'),(6275,1,863526891,35,'2014-02-11 12:20:53','2014-02-11 12:20:53','2014-02-11 12:21:23'),(6276,1,863526891,35,'2014-02-11 12:21:13','2014-02-11 12:21:13','2014-02-11 12:21:43'),(6286,1,863526891,35,'2014-02-11 12:21:53','2014-02-11 12:22:05','2014-02-11 12:22:05'),(6296,1,863526891,35,'2014-02-11 12:22:42','2014-02-11 12:22:48','2014-02-11 12:22:48'),(6297,1,863526891,35,'2014-02-11 12:23:12','2014-02-11 12:23:12','2014-02-11 12:23:42'),(6298,1,863526891,35,'2014-02-11 12:23:32','2014-02-11 12:23:32','2014-02-11 12:24:02'),(6299,1,863526891,35,'2014-02-11 12:23:52','2014-02-11 12:23:52','2014-02-11 12:24:22'),(6300,1,863526891,35,'2014-02-11 12:24:12','2014-02-11 12:24:12','2014-02-11 12:24:42'),(6301,1,863526891,35,'2014-02-11 12:24:32','2014-02-11 12:24:32','2014-02-11 12:25:02'),(6302,1,863526891,35,'2014-02-11 12:24:52','2014-02-11 12:24:52','2014-02-11 12:25:22'),(6303,1,863526891,35,'2014-02-11 12:25:12','2014-02-11 12:25:12','2014-02-11 12:25:42'),(6304,1,863526891,35,'2014-02-11 12:25:32','2014-02-11 12:25:32','2014-02-11 12:26:02'),(6305,1,863526891,35,'2014-02-11 12:25:52','2014-02-11 12:25:52','2014-02-11 12:26:22'),(6306,1,863526891,35,'2014-02-11 12:26:12','2014-02-11 12:26:12','2014-02-11 12:26:42'),(6307,1,863526891,35,'2014-02-11 12:26:32','2014-02-11 12:26:32','2014-02-11 12:27:02'),(6308,1,863526891,35,'2014-02-11 12:26:52','2014-02-11 12:26:52','2014-02-11 12:27:22'),(6309,1,863526891,35,'2014-02-11 12:27:12','2014-02-11 12:27:12','2014-02-11 12:27:42'),(6310,1,863526891,35,'2014-02-11 12:27:32','2014-02-11 12:27:32','2014-02-11 12:28:02'),(6311,1,863526891,35,'2014-02-11 12:27:52','2014-02-11 12:27:52','2014-02-11 12:28:22'),(6312,1,863526891,35,'2014-02-11 12:28:12','2014-02-11 12:28:12','2014-02-11 12:28:42'),(6313,1,863526891,35,'2014-02-11 12:28:32','2014-02-11 12:28:32','2014-02-11 12:29:02'),(6314,1,863526891,35,'2014-02-11 12:28:52','2014-02-11 12:28:52','2014-02-11 12:29:22'),(6315,1,863526891,35,'2014-02-11 12:29:12','2014-02-11 12:29:12','2014-02-11 12:29:42'),(6316,1,863526891,35,'2014-02-11 12:29:32','2014-02-11 12:29:32','2014-02-11 12:30:02'),(6317,1,863526891,35,'2014-02-11 12:29:52','2014-02-11 12:29:52','2014-02-11 12:30:22'),(6318,1,863526891,35,'2014-02-11 12:30:12','2014-02-11 12:30:12','2014-02-11 12:30:42'),(6319,1,863526891,35,'2014-02-11 12:30:32','2014-02-11 12:30:32','2014-02-11 12:31:02'),(6329,1,863526891,35,'2014-02-11 12:31:33','2014-02-11 12:31:33','2014-02-11 12:32:03'),(6330,1,863526891,35,'2014-02-11 12:31:36','2014-02-11 12:31:36','2014-02-11 12:32:06'),(6331,1,863526891,35,'2014-02-11 12:31:57','2014-02-11 12:31:59','2014-02-11 12:31:59'),(6341,1,863526891,35,'2014-02-11 12:32:59','2014-02-11 12:33:06','2014-02-11 12:33:06'),(6342,1,863526891,35,'2014-02-11 12:33:23','2014-02-11 12:33:23','2014-02-11 12:33:53'),(6354,1,863526891,35,'2014-02-11 12:34:51','2014-02-11 12:34:55','2014-02-11 12:34:55'),(6355,1,863526891,35,'2014-02-11 12:35:06','2014-02-11 12:35:06','2014-02-11 12:35:36'),(6356,1,863526891,35,'2014-02-11 12:35:26','2014-02-11 12:35:26','2014-02-11 12:35:56'),(6357,1,863526891,35,'2014-02-11 12:35:46','2014-02-11 12:35:46','2014-02-11 12:36:16'),(6358,1,863526891,35,'2014-02-11 12:36:06','2014-02-11 12:36:06','2014-02-11 12:36:36'),(6359,1,863526891,35,'2014-02-11 12:36:26','2014-02-11 12:36:26','2014-02-11 12:36:56'),(6360,1,863526891,35,'2014-02-11 12:36:46','2014-02-11 12:36:46','2014-02-11 12:37:16'),(6361,1,863526891,35,'2014-02-11 12:37:06','2014-02-11 12:37:06','2014-02-11 12:37:36'),(6362,1,863526891,35,'2014-02-11 12:37:26','2014-02-11 12:37:26','2014-02-11 12:37:56'),(6363,1,863526891,35,'2014-02-11 12:37:46','2014-02-11 12:37:46','2014-02-11 12:38:16'),(6364,1,863526891,35,'2014-02-11 12:38:06','2014-02-11 12:38:06','2014-02-11 12:38:36'),(6365,1,958766736,35,'2014-02-11 12:38:19','2014-02-11 12:38:19','2014-02-11 13:08:19'),(6366,1,863526891,35,'2014-02-11 12:38:19','2014-02-11 12:38:19','2014-02-11 13:08:19'),(6367,1,697523754,35,'2014-02-11 12:38:19','2014-02-11 12:38:19','2014-02-11 13:08:19'),(6368,1,1024261501,35,'2014-02-11 12:38:19','2014-02-11 12:38:19','2014-02-11 13:08:19'),(6369,1,374807699,35,'2014-02-11 12:38:19','2014-02-11 12:38:19','2014-02-11 13:08:19'),(6370,1,343774255,35,'2014-02-11 12:38:19','2014-02-11 12:38:19','2014-02-11 13:08:19'),(6371,1,176863900,35,'2014-02-11 12:38:19','2014-02-11 12:38:19','2014-02-11 13:08:19'),(6372,1,887641744,35,'2014-02-11 12:38:19','2014-02-11 12:38:19','2014-02-11 13:08:19'),(6389,1,863526891,35,'2014-02-11 12:39:33','2014-02-11 12:39:33','2014-02-11 12:40:03'),(6390,1,863526891,35,'2014-02-11 12:39:46','2014-02-11 12:39:46','2014-02-11 12:40:16'),(6391,1,863526891,35,'2014-02-11 12:40:06','2014-02-11 12:40:06','2014-02-11 12:40:36'),(6392,1,863526891,35,'2014-02-11 12:40:26','2014-02-11 12:40:26','2014-02-11 12:40:56'),(6393,1,863526891,35,'2014-02-11 12:40:46','2014-02-11 12:40:46','2014-02-11 12:41:16'),(6394,1,863526891,35,'2014-02-11 12:41:06','2014-02-11 12:41:06','2014-02-11 12:41:36'),(6395,1,863526891,35,'2014-02-11 12:41:26','2014-02-11 12:41:26','2014-02-11 12:41:56'),(6396,1,863526891,35,'2014-02-11 12:41:46','2014-02-11 12:41:46','2014-02-11 12:42:16'),(6397,1,863526891,35,'2014-02-11 12:42:06','2014-02-11 12:42:06','2014-02-11 12:42:36'),(6398,1,863526891,35,'2014-02-11 12:42:26','2014-02-11 12:42:26','2014-02-11 12:42:56'),(6399,1,863526891,35,'2014-02-11 12:42:46','2014-02-11 12:42:46','2014-02-11 12:43:16'),(6400,1,863526891,35,'2014-02-11 12:43:06','2014-02-11 12:43:06','2014-02-11 12:43:36'),(6401,1,863526891,35,'2014-02-11 12:43:26','2014-02-11 12:43:26','2014-02-11 12:43:56'),(6402,1,863526891,35,'2014-02-11 12:43:46','2014-02-11 12:43:46','2014-02-11 12:44:16'),(6403,1,863526891,35,'2014-02-11 12:44:06','2014-02-11 12:44:06','2014-02-11 12:44:36'),(6404,1,863526891,35,'2014-02-11 12:44:26','2014-02-11 12:44:26','2014-02-11 12:44:56'),(6405,1,863526891,35,'2014-02-11 12:44:46','2014-02-11 12:44:46','2014-02-11 12:45:16'),(6406,1,863526891,35,'2014-02-11 12:45:06','2014-02-11 12:45:06','2014-02-11 12:45:36'),(6416,1,863526891,35,'2014-02-11 12:45:52','2014-02-11 12:45:57','2014-02-11 12:45:57'),(6417,1,863526891,35,'2014-02-11 12:46:01','2014-02-11 12:46:04','2014-02-11 12:46:04'),(6427,1,697523754,35,'2014-02-11 12:46:42','2014-02-11 12:46:45','2014-02-11 12:46:45'),(6428,1,697523754,35,'2014-02-11 12:46:55','2014-02-11 12:46:55','2014-02-11 12:47:25'),(6429,1,697523754,35,'2014-02-11 12:47:15','2014-02-11 12:47:15','2014-02-11 12:47:45'),(6439,1,958766736,35,'2014-02-11 12:47:58','2014-02-11 12:48:01','2014-02-11 12:48:01'),(6449,1,958766736,35,'2014-02-11 12:49:23','2014-02-11 12:49:26','2014-02-11 12:49:26'),(6459,1,958766736,35,'2014-02-11 12:50:03','2014-02-11 12:50:08','2014-02-11 12:50:08'),(6469,1,958766736,35,'2014-02-11 12:50:49','2014-02-11 12:50:54','2014-02-11 12:50:54'),(6470,1,863526891,35,'2014-02-11 12:51:02','2014-02-11 12:51:06','2014-02-11 12:51:06'),(6488,1,863526891,35,'2014-02-11 12:52:20','2014-02-11 12:52:28','2014-02-11 12:52:28'),(6489,1,863526891,35,'2014-02-11 12:52:34','2014-02-11 12:52:34','2014-02-11 12:53:04'),(6490,1,863526891,35,'2014-02-11 12:52:54','2014-02-11 12:52:54','2014-02-11 12:53:24'),(6491,1,863526891,35,'2014-02-11 12:53:14','2014-02-11 12:53:14','2014-02-11 12:53:44'),(6492,1,863526891,35,'2014-02-11 12:53:34','2014-02-11 12:53:34','2014-02-11 12:54:04'),(6493,1,863526891,35,'2014-02-11 12:53:54','2014-02-11 12:53:54','2014-02-11 12:54:24'),(6494,1,863526891,35,'2014-02-11 12:54:14','2014-02-11 12:54:14','2014-02-11 12:54:44'),(6495,1,863526891,35,'2014-02-11 12:54:35','2014-02-11 12:54:35','2014-02-11 12:55:05'),(6496,1,863526891,35,'2014-02-11 12:54:54','2014-02-11 12:54:54','2014-02-11 12:55:24'),(6497,1,863526891,35,'2014-02-11 12:55:14','2014-02-11 12:55:14','2014-02-11 12:55:44'),(6498,1,863526891,35,'2014-02-11 12:55:34','2014-02-11 12:55:34','2014-02-11 12:56:04'),(6499,1,863526891,35,'2014-02-11 12:55:54','2014-02-11 12:55:54','2014-02-11 12:56:24'),(6500,1,863526891,35,'2014-02-11 12:56:14','2014-02-11 12:56:14','2014-02-11 12:56:44'),(6501,1,863526891,35,'2014-02-11 12:56:34','2014-02-11 12:56:34','2014-02-11 12:57:04'),(6502,1,863526891,35,'2014-02-11 12:56:54','2014-02-11 12:56:54','2014-02-11 12:57:24'),(6503,1,863526891,35,'2014-02-11 12:57:15','2014-02-11 12:57:15','2014-02-11 12:57:45'),(6504,1,863526891,35,'2014-02-11 12:57:34','2014-02-11 12:57:34','2014-02-11 12:58:04'),(6505,1,863526891,35,'2014-02-11 12:57:54','2014-02-11 12:57:54','2014-02-11 12:58:24'),(6506,1,863526891,35,'2014-02-11 12:58:14','2014-02-11 12:58:14','2014-02-11 12:58:44'),(6507,1,863526891,35,'2014-02-11 12:58:34','2014-02-11 12:58:34','2014-02-11 12:59:04'),(6508,1,863526891,35,'2014-02-11 12:58:54','2014-02-11 12:58:54','2014-02-11 12:59:24'),(6509,1,863526891,35,'2014-02-11 12:59:14','2014-02-11 12:59:14','2014-02-11 12:59:44'),(6510,1,863526891,35,'2014-02-11 12:59:34','2014-02-11 12:59:34','2014-02-11 13:00:04'),(6511,1,863526891,35,'2014-02-11 12:59:55','2014-02-11 12:59:55','2014-02-11 13:00:25'),(6512,1,863526891,35,'2014-02-11 13:00:15','2014-02-11 13:00:15','2014-02-11 13:00:45'),(6513,1,863526891,35,'2014-02-11 13:00:34','2014-02-11 13:00:34','2014-02-11 13:01:04'),(6514,1,863526891,35,'2014-02-11 13:00:55','2014-02-11 13:00:55','2014-02-11 13:01:25'),(6515,1,863526891,35,'2014-02-11 13:01:14','2014-02-11 13:01:14','2014-02-11 13:01:44'),(6516,1,863526891,35,'2014-02-11 13:01:38','2014-02-11 13:01:38','2014-02-11 13:02:08'),(6517,1,863526891,35,'2014-02-11 13:01:55','2014-02-11 13:01:55','2014-02-11 13:02:25'),(6518,1,863526891,35,'2014-02-11 13:02:14','2014-02-11 13:02:14','2014-02-11 13:02:44'),(6519,1,863526891,35,'2014-02-11 13:02:34','2014-02-11 13:02:34','2014-02-11 13:03:04'),(6520,1,863526891,35,'2014-02-11 13:02:54','2014-02-11 13:02:54','2014-02-11 13:03:24'),(6521,1,863526891,35,'2014-02-11 13:03:14','2014-02-11 13:03:14','2014-02-11 13:03:44'),(6522,1,863526891,35,'2014-02-11 13:03:34','2014-02-11 13:03:34','2014-02-11 13:04:04'),(6523,1,863526891,35,'2014-02-11 13:03:55','2014-02-11 13:03:55','2014-02-11 13:04:25'),(6524,1,863526891,35,'2014-02-11 13:04:15','2014-02-11 13:04:15','2014-02-11 13:04:45'),(6525,1,863526891,35,'2014-02-11 13:04:34','2014-02-11 13:04:34','2014-02-11 13:05:04'),(6526,1,863526891,35,'2014-02-11 13:04:54','2014-02-11 13:04:54','2014-02-11 13:05:24'),(6527,1,863526891,35,'2014-02-11 13:05:14','2014-02-11 13:05:14','2014-02-11 13:05:44'),(6528,1,863526891,35,'2014-02-11 13:05:35','2014-02-11 13:05:35','2014-02-11 13:06:04'),(6529,1,863526891,35,'2014-02-11 13:05:54','2014-02-11 13:05:54','2014-02-11 13:06:24'),(6539,1,863526891,35,'2014-02-11 13:06:42','2014-02-11 13:06:42','2014-02-11 13:07:12'),(6540,1,863526891,35,'2014-02-11 13:06:56','2014-02-11 13:06:56','2014-02-11 13:07:26'),(6541,1,863526891,35,'2014-02-11 13:07:16','2014-02-11 13:07:16','2014-02-11 13:07:46'),(6551,1,863526891,35,'2014-02-11 13:07:56','2014-02-11 13:07:56','2014-02-11 13:08:26'),(6552,1,863526891,35,'2014-02-11 13:08:09','2014-02-11 13:08:09','2014-02-11 13:08:39'),(6553,1,863526891,35,'2014-02-11 13:08:29','2014-02-11 13:08:29','2014-02-11 13:08:59'),(6554,1,863526891,35,'2014-02-11 13:08:49','2014-02-11 13:08:49','2014-02-11 13:09:19'),(6555,1,863526891,35,'2014-02-11 13:09:09','2014-02-11 13:09:09','2014-02-11 13:09:39'),(6556,1,863526891,35,'2014-02-11 13:09:29','2014-02-11 13:09:29','2014-02-11 13:09:59'),(6557,1,863526891,35,'2014-02-11 13:09:49','2014-02-11 13:09:49','2014-02-11 13:10:19'),(6558,1,863526891,35,'2014-02-11 13:10:09','2014-02-11 13:10:09','2014-02-11 13:10:39'),(6559,1,863526891,35,'2014-02-11 13:10:30','2014-02-11 13:10:30','2014-02-11 13:11:00'),(6569,1,863526891,35,'2014-02-11 13:11:08','2014-02-11 13:11:12','2014-02-11 13:11:12'),(6588,1,863526891,35,'2014-02-11 13:13:27','2014-02-11 13:13:31','2014-02-11 13:13:31'),(6598,1,863526891,35,'2014-02-11 13:14:19','2014-02-11 13:14:19','2014-02-11 13:14:49'),(6599,1,863526891,35,'2014-02-11 13:14:29','2014-02-11 13:14:29','2014-02-11 13:14:59'),(6600,1,863526891,35,'2014-02-11 13:14:49','2014-02-11 13:14:49','2014-02-11 13:15:19'),(6601,1,863526891,35,'2014-02-11 13:15:09','2014-02-11 13:15:09','2014-02-11 13:15:39'),(6602,1,863526891,35,'2014-02-11 13:15:29','2014-02-11 13:15:46','2014-02-11 13:15:46'),(6603,1,863526891,35,'2014-02-11 13:15:49','2014-02-11 13:16:08','2014-02-11 13:16:08'),(6613,1,863526891,35,'2014-02-11 13:17:11','2014-02-11 13:17:14','2014-02-11 13:17:14'),(6614,1,863526891,35,'2014-02-11 13:17:33','2014-02-11 13:17:33','2014-02-11 13:18:03'),(6615,1,863526891,35,'2014-02-11 13:17:53','2014-02-11 13:17:53','2014-02-11 13:18:23'),(6616,1,863526891,35,'2014-02-11 13:18:13','2014-02-11 13:18:13','2014-02-11 13:18:43'),(6617,1,863526891,35,'2014-02-11 13:18:33','2014-02-11 13:18:33','2014-02-11 13:19:03'),(6618,1,863526891,35,'2014-02-11 13:18:53','2014-02-11 13:18:53','2014-02-11 13:19:23'),(6619,1,863526891,35,'2014-02-11 13:19:13','2014-02-11 13:19:13','2014-02-11 13:19:43'),(6620,1,863526891,35,'2014-02-11 13:19:33','2014-02-11 13:19:33','2014-02-11 13:20:03'),(6637,1,863526891,35,'2014-02-11 13:20:35','2014-02-11 13:20:41','2014-02-11 13:20:41'),(6638,1,863526891,35,'2014-02-11 13:20:56','2014-02-11 13:20:56','2014-02-11 13:21:26'),(6648,1,863526891,35,'2014-02-11 13:22:25','2014-02-11 13:22:28','2014-02-11 13:22:28'),(6649,1,697523754,35,'2014-02-11 13:22:34','2014-02-11 13:22:34','2014-02-11 13:23:04'),(6650,1,697523754,35,'2014-02-11 13:22:37','2014-02-11 13:22:44','2014-02-11 13:22:44'),(6651,1,863526891,35,'2014-02-11 13:22:54','2014-02-11 13:22:54','2014-02-11 13:23:24'),(6652,1,863526891,35,'2014-02-11 13:23:03','2014-02-11 13:23:05','2014-02-11 13:23:05'),(6653,1,697523754,35,'2014-02-11 13:23:14','2014-02-11 13:23:14','2014-02-11 13:23:44'),(6654,1,697523754,35,'2014-02-11 13:23:28','2014-02-11 13:23:28','2014-02-11 13:23:58'),(6655,1,697523754,35,'2014-02-11 13:23:48','2014-02-11 13:23:48','2014-02-11 13:24:18'),(6656,1,697523754,35,'2014-02-11 13:24:09','2014-02-11 13:24:15','2014-02-11 13:24:15'),(6657,1,863526891,35,'2014-02-11 13:24:18','2014-02-11 13:24:18','2014-02-11 13:24:48'),(6658,1,863526891,35,'2014-02-11 13:24:30','2014-02-11 13:24:30','2014-02-11 13:25:00'),(6659,1,863526891,35,'2014-02-11 13:24:50','2014-02-11 13:24:50','2014-02-11 13:25:20'),(6660,1,863526891,35,'2014-02-11 13:25:10','2014-02-11 13:25:14','2014-02-11 13:25:14'),(6661,1,958766736,35,'2014-02-11 13:25:19','2014-02-11 13:25:19','2014-02-11 13:25:49'),(6662,1,958766736,35,'2014-02-11 13:25:35','2014-02-11 13:25:35','2014-02-11 13:26:05'),(6663,1,958766736,35,'2014-02-11 13:25:55','2014-02-11 13:25:55','2014-02-11 13:26:25'),(6664,1,958766736,35,'2014-02-11 13:26:15','2014-02-11 13:26:15','2014-02-11 13:26:45'),(6665,1,958766736,35,'2014-02-11 13:26:35','2014-02-11 13:26:35','2014-02-11 13:27:05'),(6666,1,958766736,35,'2014-02-11 13:26:55','2014-02-11 13:26:55','2014-02-11 13:27:25'),(6667,1,958766736,35,'2014-02-11 13:27:15','2014-02-11 13:27:15','2014-02-11 13:27:45'),(6668,1,958766736,35,'2014-02-11 13:27:35','2014-02-11 13:27:35','2014-02-11 13:28:05'),(6669,1,958766736,35,'2014-02-11 13:27:55','2014-02-11 13:27:55','2014-02-11 13:28:25'),(6670,1,958766736,35,'2014-02-11 13:28:15','2014-02-11 13:28:15','2014-02-11 13:28:45'),(6671,1,958766736,35,'2014-02-11 13:28:35','2014-02-11 13:28:35','2014-02-11 13:29:05'),(6672,1,958766736,35,'2014-02-11 13:28:55','2014-02-11 13:28:55','2014-02-11 13:29:25'),(6673,1,958766736,35,'2014-02-11 13:29:15','2014-02-11 13:29:15','2014-02-11 13:29:45'),(6674,1,958766736,35,'2014-02-11 13:29:35','2014-02-11 13:29:35','2014-02-11 13:30:05'),(6675,1,958766736,35,'2014-02-11 13:29:55','2014-02-11 13:29:55','2014-02-11 13:30:25'),(6676,1,958766736,35,'2014-02-11 13:30:15','2014-02-11 13:30:15','2014-02-11 13:30:45'),(6677,1,958766736,35,'2014-02-11 13:30:35','2014-02-11 13:30:35','2014-02-11 13:31:05'),(6678,1,958766736,35,'2014-02-11 13:30:55','2014-02-11 13:30:55','2014-02-11 13:31:25'),(6679,1,958766736,35,'2014-02-11 13:31:15','2014-02-11 13:31:15','2014-02-11 13:31:45'),(6680,1,958766736,35,'2014-02-11 13:31:35','2014-02-11 13:31:35','2014-02-11 13:32:05'),(6681,1,958766736,35,'2014-02-11 13:31:55','2014-02-11 13:31:55','2014-02-11 13:32:25'),(6682,1,958766736,35,'2014-02-11 13:32:15','2014-02-11 13:32:15','2014-02-11 13:32:45'),(6683,1,958766736,35,'2014-02-11 13:32:35','2014-02-11 13:32:35','2014-02-11 13:33:05'),(6684,1,958766736,35,'2014-02-11 13:32:55','2014-02-11 13:32:55','2014-02-11 13:33:25'),(6685,1,958766736,35,'2014-02-11 13:33:15','2014-02-11 13:33:15','2014-02-11 13:33:45'),(6686,1,958766736,35,'2014-02-11 13:33:35','2014-02-11 13:33:35','2014-02-11 13:34:05'),(6687,1,958766736,35,'2014-02-11 13:33:55','2014-02-11 13:33:55','2014-02-11 13:34:25'),(6688,1,958766736,35,'2014-02-11 13:34:15','2014-02-11 13:34:15','2014-02-11 13:34:45'),(6689,1,958766736,35,'2014-02-11 13:34:35','2014-02-11 13:34:35','2014-02-11 13:35:05'),(6690,1,958766736,35,'2014-02-11 13:34:55','2014-02-11 13:34:55','2014-02-11 13:35:25'),(6700,1,958766736,35,'2014-02-11 13:35:39','2014-02-11 13:35:39','2014-02-11 13:36:09'),(6701,1,958766736,35,'2014-02-11 13:35:50','2014-02-11 13:35:50','2014-02-11 13:36:20'),(6702,1,958766736,35,'2014-02-11 13:36:11','2014-02-11 13:36:11','2014-02-11 13:36:41'),(6703,1,958766736,35,'2014-02-11 13:36:31','2014-02-11 13:36:31','2014-02-11 13:37:01'),(6704,1,958766736,35,'2014-02-11 13:36:51','2014-02-11 13:36:51','2014-02-11 13:37:21'),(6705,1,958766736,35,'2014-02-11 13:37:11','2014-02-11 13:37:11','2014-02-11 13:37:41'),(6706,1,958766736,35,'2014-02-11 13:37:31','2014-02-11 13:37:31','2014-02-11 13:38:01'),(6716,1,958766736,35,'2014-02-11 13:38:15','2014-02-11 13:38:15','2014-02-11 13:38:45'),(6734,1,958766736,35,'2014-02-11 13:39:58','2014-02-11 13:39:58','2014-02-11 13:40:28'),(6735,1,958766736,35,'2014-02-11 13:40:09','2014-02-11 13:40:09','2014-02-11 13:40:39'),(6736,1,958766736,35,'2014-02-11 13:40:29','2014-02-11 13:40:29','2014-02-11 13:40:59'),(6737,1,958766736,35,'2014-02-11 13:40:49','2014-02-11 13:40:49','2014-02-11 13:41:19'),(6763,1,958766736,35,'2014-02-11 13:45:15','2014-02-11 13:45:15','2014-02-11 13:45:45'),(6764,1,958766736,35,'2014-02-11 13:45:24','2014-02-11 13:45:24','2014-02-11 13:45:54'),(6765,1,958766736,35,'2014-02-11 13:45:44','2014-02-11 13:45:44','2014-02-11 13:46:14'),(6766,1,958766736,35,'2014-02-11 13:46:05','2014-02-11 13:46:05','2014-02-11 13:46:35'),(6767,1,958766736,35,'2014-02-11 13:46:24','2014-02-11 13:46:24','2014-02-11 13:46:54'),(6768,1,958766736,35,'2014-02-11 13:46:44','2014-02-11 13:46:44','2014-02-11 13:47:14'),(6769,1,958766736,35,'2014-02-11 13:47:04','2014-02-11 13:47:04','2014-02-11 13:47:34'),(6770,1,958766736,35,'2014-02-11 13:47:24','2014-02-11 13:47:24','2014-02-11 13:47:54'),(6771,1,958766736,35,'2014-02-11 13:47:45','2014-02-11 13:47:45','2014-02-11 13:48:15'),(6772,1,958766736,35,'2014-02-11 13:48:05','2014-02-11 13:48:05','2014-02-11 13:48:35'),(6773,1,958766736,35,'2014-02-11 13:48:24','2014-02-11 13:48:24','2014-02-11 13:48:54'),(6774,1,958766736,35,'2014-02-11 13:48:44','2014-02-11 13:48:44','2014-02-11 13:49:14'),(6775,1,958766736,35,'2014-02-11 13:49:04','2014-02-11 13:49:04','2014-02-11 13:49:34'),(6776,1,958766736,35,'2014-02-11 13:49:24','2014-02-11 13:49:24','2014-02-11 13:49:54'),(6777,1,958766736,35,'2014-02-11 13:49:44','2014-02-11 13:49:44','2014-02-11 13:50:14'),(6778,1,958766736,35,'2014-02-11 13:50:04','2014-02-11 13:50:04','2014-02-11 13:50:34'),(6779,1,958766736,35,'2014-02-11 13:50:24','2014-02-11 13:50:24','2014-02-11 13:50:54'),(6780,1,958766736,35,'2014-02-11 13:50:45','2014-02-11 13:50:45','2014-02-11 13:51:15'),(6781,1,958766736,35,'2014-02-11 13:51:05','2014-02-11 13:51:05','2014-02-11 13:51:35'),(6782,1,958766736,35,'2014-02-11 13:51:24','2014-02-11 13:51:24','2014-02-11 13:51:54'),(6783,1,958766736,35,'2014-02-11 13:51:44','2014-02-11 13:51:44','2014-02-11 13:52:14'),(6784,1,958766736,35,'2014-02-11 13:52:04','2014-02-11 13:52:04','2014-02-11 13:52:34'),(6785,1,958766736,35,'2014-02-11 13:52:24','2014-02-11 13:52:24','2014-02-11 13:52:54'),(6786,1,958766736,35,'2014-02-11 13:52:44','2014-02-11 13:52:44','2014-02-11 13:53:14'),(6787,1,958766736,35,'2014-02-11 13:53:04','2014-02-11 13:53:04','2014-02-11 13:53:34'),(6788,1,958766736,35,'2014-02-11 13:53:24','2014-02-11 13:53:24','2014-02-11 13:53:54'),(6789,1,958766736,35,'2014-02-11 13:53:44','2014-02-11 13:53:44','2014-02-11 13:54:14'),(6798,1,863526891,35,'2014-02-11 16:35:02','2014-02-11 16:35:02','2014-02-11 16:35:32'),(6799,1,863526891,35,'2014-02-11 16:35:05','2014-02-11 16:35:05','2014-02-11 16:35:35'),(6800,1,863526891,35,'2014-02-11 16:35:25','2014-02-11 16:35:25','2014-02-11 16:35:55'),(6801,1,863526891,35,'2014-02-11 16:35:45','2014-02-11 16:35:45','2014-02-11 16:36:15'),(6802,1,863526891,35,'2014-02-11 16:36:05','2014-02-11 16:36:05','2014-02-11 16:36:35'),(6803,1,863526891,35,'2014-02-11 16:36:25','2014-02-11 16:36:25','2014-02-11 16:36:55'),(6804,1,863526891,35,'2014-02-11 16:36:45','2014-02-11 16:36:45','2014-02-11 16:37:15'),(6805,1,863526891,35,'2014-02-11 16:37:05','2014-02-11 16:37:05','2014-02-11 16:37:35'),(6806,1,863526891,35,'2014-02-11 16:37:25','2014-02-11 16:37:25','2014-02-11 16:37:55'),(6807,1,863526891,35,'2014-02-11 16:37:45','2014-02-11 16:37:45','2014-02-11 16:38:15'),(6808,1,863526891,35,'2014-02-11 16:38:05','2014-02-11 16:38:05','2014-02-11 16:38:35'),(6809,1,863526891,35,'2014-02-11 16:38:25','2014-02-11 16:38:25','2014-02-11 16:38:55'),(6810,1,863526891,35,'2014-02-11 16:38:45','2014-02-11 16:38:45','2014-02-11 16:39:15'),(6811,1,863526891,35,'2014-02-11 16:39:05','2014-02-11 16:39:05','2014-02-11 16:39:35'),(6812,1,863526891,35,'2014-02-11 16:39:25','2014-02-11 16:39:25','2014-02-11 16:39:55'),(6813,1,863526891,35,'2014-02-11 16:39:45','2014-02-11 16:39:45','2014-02-11 16:40:15'),(6814,1,863526891,35,'2014-02-11 16:40:05','2014-02-11 16:40:05','2014-02-11 16:40:35'),(6815,1,863526891,35,'2014-02-11 16:40:25','2014-02-11 16:40:25','2014-02-11 16:40:55'),(6816,1,863526891,35,'2014-02-11 16:40:45','2014-02-11 16:40:45','2014-02-11 16:41:15'),(6817,1,863526891,35,'2014-02-11 16:41:05','2014-02-11 16:41:05','2014-02-11 16:41:35'),(6818,1,863526891,35,'2014-02-11 16:41:25','2014-02-11 16:41:25','2014-02-11 16:41:55'),(6819,1,863526891,35,'2014-02-11 16:41:45','2014-02-11 16:41:45','2014-02-11 16:42:15'),(6820,1,863526891,35,'2014-02-11 16:42:05','2014-02-11 16:42:05','2014-02-11 16:42:35'),(6821,1,863526891,35,'2014-02-11 16:42:25','2014-02-11 16:42:25','2014-02-11 16:42:55'),(6822,1,863526891,35,'2014-02-11 16:42:45','2014-02-11 16:42:45','2014-02-11 16:43:15'),(6823,1,863526891,35,'2014-02-11 16:43:05','2014-02-11 16:43:05','2014-02-11 16:43:35'),(6824,1,863526891,35,'2014-02-11 16:43:25','2014-02-11 16:43:25','2014-02-11 16:43:55'),(6825,1,863526891,35,'2014-02-11 16:43:45','2014-02-11 16:43:45','2014-02-11 16:44:15'),(6826,1,863526891,35,'2014-02-11 16:44:05','2014-02-11 16:44:05','2014-02-11 16:44:35'),(6827,1,863526891,35,'2014-02-11 16:44:25','2014-02-11 16:44:25','2014-02-11 16:44:55'),(6828,1,863526891,35,'2014-02-11 16:44:45','2014-02-11 16:44:45','2014-02-11 16:45:15'),(6829,1,863526891,35,'2014-02-11 16:45:05','2014-02-11 16:45:05','2014-02-11 16:45:35'),(6830,1,863526891,35,'2014-02-11 16:45:25','2014-02-11 16:45:25','2014-02-11 16:45:55'),(6831,1,863526891,35,'2014-02-11 16:45:45','2014-02-11 16:45:45','2014-02-11 16:46:15'),(6832,1,863526891,35,'2014-02-11 16:46:05','2014-02-11 16:46:05','2014-02-11 16:46:35'),(6833,1,863526891,35,'2014-02-11 16:46:26','2014-02-11 16:46:26','2014-02-11 16:46:56'),(6834,1,863526891,35,'2014-02-11 16:46:46','2014-02-11 16:46:46','2014-02-11 16:47:16'),(6835,1,863526891,35,'2014-02-11 16:47:06','2014-02-11 16:47:06','2014-02-11 16:47:36'),(6836,1,863526891,35,'2014-02-11 16:47:26','2014-02-11 16:47:26','2014-02-11 16:47:56'),(6837,1,863526891,35,'2014-02-11 16:47:46','2014-02-11 16:47:46','2014-02-11 16:48:16'),(6838,1,863526891,35,'2014-02-11 16:48:06','2014-02-11 16:48:06','2014-02-11 16:48:36'),(6839,1,863526891,35,'2014-02-11 16:48:26','2014-02-11 16:48:26','2014-02-11 16:48:56'),(6840,1,863526891,35,'2014-02-11 16:48:46','2014-02-11 16:48:46','2014-02-11 16:49:16'),(6841,1,863526891,35,'2014-02-11 16:49:06','2014-02-11 16:49:06','2014-02-11 16:49:36'),(6842,1,863526891,35,'2014-02-11 16:49:26','2014-02-11 16:49:26','2014-02-11 16:49:56'),(6843,1,863526891,35,'2014-02-11 16:49:46','2014-02-11 16:49:46','2014-02-11 16:50:16'),(6844,1,863526891,35,'2014-02-11 16:50:06','2014-02-11 16:50:06','2014-02-11 16:50:36'),(6845,1,863526891,35,'2014-02-11 16:50:26','2014-02-11 16:50:26','2014-02-11 16:50:56'),(6846,1,863526891,35,'2014-02-11 16:50:46','2014-02-11 16:50:46','2014-02-11 16:51:16'),(6847,1,863526891,35,'2014-02-11 16:51:06','2014-02-11 16:51:06','2014-02-11 16:51:36'),(6848,1,863526891,35,'2014-02-11 16:51:26','2014-02-11 16:51:26','2014-02-11 16:51:56'),(6849,1,863526891,35,'2014-02-11 16:51:46','2014-02-11 16:51:46','2014-02-11 16:52:16'),(6850,1,863526891,35,'2014-02-11 16:52:06','2014-02-11 16:52:06','2014-02-11 16:52:36'),(6851,1,863526891,35,'2014-02-11 16:52:26','2014-02-11 16:52:26','2014-02-11 16:52:56'),(6852,1,863526891,35,'2014-02-11 16:52:46','2014-02-11 16:52:46','2014-02-11 16:53:16'),(6853,1,863526891,35,'2014-02-11 16:53:06','2014-02-11 16:53:06','2014-02-11 16:53:36'),(6854,1,863526891,35,'2014-02-11 16:53:26','2014-02-11 16:53:26','2014-02-11 16:53:56'),(6855,1,863526891,35,'2014-02-11 16:53:46','2014-02-11 16:53:46','2014-02-11 16:54:16'),(6856,1,863526891,35,'2014-02-11 16:54:06','2014-02-11 16:54:06','2014-02-11 16:54:36'),(6857,1,863526891,35,'2014-02-11 16:54:26','2014-02-11 16:54:26','2014-02-11 16:54:56'),(6858,1,863526891,35,'2014-02-11 16:54:46','2014-02-11 16:54:46','2014-02-11 16:55:16'),(6859,1,863526891,35,'2014-02-11 16:55:06','2014-02-11 16:55:06','2014-02-11 16:55:36'),(6860,1,863526891,35,'2014-02-11 16:55:26','2014-02-11 16:55:26','2014-02-11 16:55:56'),(6861,1,863526891,35,'2014-02-11 16:55:46','2014-02-11 16:55:46','2014-02-11 16:56:16'),(6862,1,863526891,35,'2014-02-11 16:56:06','2014-02-11 16:56:06','2014-02-11 16:56:36'),(6863,1,863526891,35,'2014-02-11 16:56:26','2014-02-11 16:56:26','2014-02-11 16:56:56'),(6864,1,863526891,35,'2014-02-11 16:56:46','2014-02-11 16:56:46','2014-02-11 16:57:16'),(6865,1,863526891,35,'2014-02-11 16:57:06','2014-02-11 16:57:06','2014-02-11 16:57:36'),(6866,1,863526891,35,'2014-02-11 16:57:26','2014-02-11 16:57:26','2014-02-11 16:57:56'),(6867,1,863526891,35,'2014-02-11 16:57:46','2014-02-11 16:57:46','2014-02-11 16:58:16'),(6868,1,863526891,35,'2014-02-11 16:58:06','2014-02-11 16:58:06','2014-02-11 16:58:36'),(6869,1,863526891,35,'2014-02-11 16:58:26','2014-02-11 16:58:26','2014-02-11 16:58:56'),(6870,1,863526891,35,'2014-02-11 16:58:46','2014-02-11 16:58:46','2014-02-11 16:59:16'),(6871,1,863526891,35,'2014-02-11 16:59:06','2014-02-11 16:59:06','2014-02-11 16:59:36'),(6872,1,863526891,35,'2014-02-11 16:59:26','2014-02-11 16:59:26','2014-02-11 16:59:56'),(6873,1,863526891,35,'2014-02-11 16:59:46','2014-02-11 16:59:46','2014-02-11 17:00:16'),(6874,1,863526891,35,'2014-02-11 17:00:06','2014-02-11 17:00:06','2014-02-11 17:00:36'),(6875,1,863526891,35,'2014-02-11 17:00:26','2014-02-11 17:00:26','2014-02-11 17:00:56'),(6876,1,863526891,35,'2014-02-11 17:00:46','2014-02-11 17:00:46','2014-02-11 17:01:16'),(6877,1,863526891,35,'2014-02-11 17:01:06','2014-02-11 17:01:06','2014-02-11 17:01:36'),(6878,1,863526891,35,'2014-02-11 17:01:26','2014-02-11 17:01:26','2014-02-11 17:01:56'),(6879,1,863526891,35,'2014-02-11 17:01:46','2014-02-11 17:01:46','2014-02-11 17:02:16'),(6880,1,863526891,35,'2014-02-11 17:02:06','2014-02-11 17:02:06','2014-02-11 17:02:36'),(6881,1,863526891,35,'2014-02-11 17:02:26','2014-02-11 17:02:26','2014-02-11 17:02:56'),(6882,1,863526891,35,'2014-02-11 17:02:46','2014-02-11 17:02:46','2014-02-11 17:03:16'),(6883,1,863526891,35,'2014-02-11 17:03:06','2014-02-11 17:03:06','2014-02-11 17:03:36'),(6884,1,863526891,35,'2014-02-11 17:03:26','2014-02-11 17:03:26','2014-02-11 17:03:56'),(6885,1,863526891,35,'2014-02-11 17:03:46','2014-02-11 17:03:46','2014-02-11 17:04:16'),(6886,1,863526891,35,'2014-02-11 17:04:06','2014-02-11 17:04:06','2014-02-11 17:04:36'),(6887,1,863526891,35,'2014-02-11 17:04:26','2014-02-11 17:04:26','2014-02-11 17:04:56'),(6888,1,863526891,35,'2014-02-11 17:04:46','2014-02-11 17:04:46','2014-02-11 17:05:16'),(6889,1,863526891,35,'2014-02-11 17:05:06','2014-02-11 17:05:06','2014-02-11 17:05:36'),(6890,1,863526891,35,'2014-02-11 17:05:26','2014-02-11 17:05:26','2014-02-11 17:05:56'),(6891,1,863526891,35,'2014-02-11 17:05:46','2014-02-11 17:05:46','2014-02-11 17:06:16'),(6892,1,863526891,35,'2014-02-11 17:06:06','2014-02-11 17:06:06','2014-02-11 17:06:36'),(6893,1,863526891,35,'2014-02-11 17:06:26','2014-02-11 17:06:26','2014-02-11 17:06:56'),(6894,1,863526891,35,'2014-02-11 17:06:46','2014-02-11 17:06:46','2014-02-11 17:07:16'),(6895,1,863526891,35,'2014-02-11 17:07:06','2014-02-11 17:07:06','2014-02-11 17:07:36'),(6896,1,863526891,35,'2014-02-11 17:07:26','2014-02-11 17:07:26','2014-02-11 17:07:56'),(6897,1,863526891,35,'2014-02-11 17:07:46','2014-02-11 17:07:46','2014-02-11 17:08:16'),(6898,1,863526891,35,'2014-02-11 17:08:06','2014-02-11 17:08:06','2014-02-11 17:08:36'),(6899,1,863526891,35,'2014-02-11 17:08:26','2014-02-11 17:08:26','2014-02-11 17:08:56'),(6900,1,863526891,35,'2014-02-11 17:08:46','2014-02-11 17:08:46','2014-02-11 17:09:16'),(6926,1,863526891,35,'2014-02-11 17:09:41','2014-02-11 17:09:41','2014-02-11 17:10:11'),(6927,1,863526891,35,'2014-02-11 17:09:53','2014-02-11 17:10:06','2014-02-11 17:10:06'),(6928,1,697523754,35,'2014-02-11 17:10:09','2014-02-11 17:10:09','2014-02-11 17:10:39'),(6929,1,697523754,35,'2014-02-11 17:10:15','2014-02-11 17:10:15','2014-02-11 17:10:45'),(6930,1,697523754,35,'2014-02-11 17:10:34','2014-02-11 17:10:34','2014-02-11 17:11:04'),(6931,1,697523754,35,'2014-02-11 17:10:55','2014-02-11 17:10:55','2014-02-11 17:11:25'),(6932,1,697523754,35,'2014-02-11 17:11:15','2014-02-11 17:11:15','2014-02-11 17:11:45'),(6933,1,697523754,35,'2014-02-11 17:11:35','2014-02-11 17:11:35','2014-02-11 17:12:05'),(6934,1,697523754,35,'2014-02-11 17:11:55','2014-02-11 17:11:57','2014-02-11 17:11:57'),(6935,1,863526891,35,'2014-02-11 17:12:02','2014-02-11 17:12:06','2014-02-11 17:12:06'),(6936,1,697523754,35,'2014-02-11 17:12:08','2014-02-11 17:12:08','2014-02-11 17:12:38'),(6937,1,697523754,35,'2014-02-11 17:12:16','2014-02-11 17:12:16','2014-02-11 17:12:46'),(6938,1,697523754,35,'2014-02-11 17:12:36','2014-02-11 17:12:36','2014-02-11 17:13:06'),(6939,1,697523754,35,'2014-02-11 17:12:56','2014-02-11 17:12:56','2014-02-11 17:13:26'),(6940,1,697523754,35,'2014-02-11 17:13:16','2014-02-11 17:13:16','2014-02-11 17:13:46'),(6941,1,697523754,35,'2014-02-11 17:13:36','2014-02-11 17:13:36','2014-02-11 17:14:06'),(6942,1,697523754,35,'2014-02-11 17:13:56','2014-02-11 17:13:56','2014-02-11 17:14:26'),(6943,1,697523754,35,'2014-02-11 17:14:16','2014-02-11 17:14:16','2014-02-11 17:14:46'),(6944,1,697523754,35,'2014-02-11 17:14:36','2014-02-11 17:14:36','2014-02-11 17:15:06'),(6945,1,697523754,35,'2014-02-11 17:14:56','2014-02-11 17:14:56','2014-02-11 17:15:26'),(6946,1,697523754,35,'2014-02-11 17:15:16','2014-02-11 17:15:16','2014-02-11 17:15:46'),(6947,1,697523754,35,'2014-02-11 17:15:36','2014-02-11 17:15:36','2014-02-11 17:16:06'),(6948,1,697523754,35,'2014-02-11 17:15:56','2014-02-11 17:15:56','2014-02-11 17:16:26'),(6949,1,697523754,35,'2014-02-11 17:16:16','2014-02-11 17:16:16','2014-02-11 17:16:46'),(6950,1,697523754,35,'2014-02-11 17:16:36','2014-02-11 17:16:36','2014-02-11 17:17:06'),(6951,1,697523754,35,'2014-02-11 17:16:56','2014-02-11 17:16:56','2014-02-11 17:17:26'),(6952,1,697523754,35,'2014-02-11 17:17:16','2014-02-11 17:17:16','2014-02-11 17:17:46'),(6953,1,697523754,35,'2014-02-11 17:17:36','2014-02-11 17:17:36','2014-02-11 17:18:06'),(6954,1,697523754,35,'2014-02-11 17:17:56','2014-02-11 17:17:56','2014-02-11 17:18:26'),(6955,1,697523754,35,'2014-02-11 17:18:16','2014-02-11 17:18:16','2014-02-11 17:18:46'),(6965,1,863526891,35,'2014-02-11 17:18:54','2014-02-11 17:18:54','2014-02-11 17:19:24'),(6966,1,863526891,35,'2014-02-11 17:19:07','2014-02-11 17:19:07','2014-02-11 17:19:37'),(6967,1,863526891,35,'2014-02-11 17:19:27','2014-02-11 17:19:27','2014-02-11 17:19:57'),(6968,1,863526891,35,'2014-02-11 17:19:47','2014-02-11 17:19:47','2014-02-11 17:20:17'),(6969,1,863526891,35,'2014-02-11 17:20:07','2014-02-11 17:20:07','2014-02-11 17:20:37'),(6970,1,863526891,35,'2014-02-11 17:20:27','2014-02-11 17:20:27','2014-02-11 17:20:57'),(6971,1,863526891,35,'2014-02-11 17:20:47','2014-02-11 17:20:47','2014-02-11 17:21:17'),(6972,1,863526891,35,'2014-02-11 17:21:07','2014-02-11 17:21:07','2014-02-11 17:21:37'),(6973,1,863526891,35,'2014-02-11 17:21:27','2014-02-11 17:21:27','2014-02-11 17:21:57'),(6974,1,863526891,35,'2014-02-11 17:21:47','2014-02-11 17:21:47','2014-02-11 17:22:17'),(6975,1,863526891,35,'2014-02-11 17:22:07','2014-02-11 17:22:07','2014-02-11 17:22:37'),(6976,1,863526891,35,'2014-02-11 17:22:27','2014-02-11 17:22:27','2014-02-11 17:22:57'),(6977,1,863526891,35,'2014-02-11 17:22:47','2014-02-11 17:22:47','2014-02-11 17:23:17'),(6978,1,863526891,35,'2014-02-11 17:23:07','2014-02-11 17:23:07','2014-02-11 17:23:37'),(6987,1,863526891,35,'2014-02-14 10:29:46','2014-02-14 10:29:46','2014-02-14 10:30:16'),(6988,1,863526891,35,'2014-02-14 10:29:59','2014-02-14 10:30:09','2014-02-14 10:30:09'),(6989,1,697523754,35,'2014-02-14 10:30:13','2014-02-14 10:30:13','2014-02-14 10:30:43'),(6990,1,697523754,35,'2014-02-14 10:30:20','2014-02-14 10:30:20','2014-02-14 10:30:50'),(6991,1,697523754,35,'2014-02-14 10:30:40','2014-02-14 10:30:40','2014-02-14 10:31:10'),(6992,1,697523754,35,'2014-02-14 10:31:01','2014-02-14 10:31:01','2014-02-14 10:31:31'),(6993,1,697523754,35,'2014-02-14 10:31:21','2014-02-14 10:31:21','2014-02-14 10:31:51'),(6994,1,697523754,35,'2014-02-14 10:32:01','2014-02-14 10:32:01','2014-02-14 10:32:31'),(6995,1,697523754,35,'2014-02-14 10:32:21','2014-02-14 10:32:21','2014-02-14 10:32:51'),(6996,1,697523754,35,'2014-02-14 10:32:41','2014-02-14 10:32:41','2014-02-14 10:33:11'),(6997,1,697523754,35,'2014-02-14 10:33:01','2014-02-14 10:33:01','2014-02-14 10:33:31'),(6998,1,697523754,35,'2014-02-14 10:33:21','2014-02-14 10:33:21','2014-02-14 10:33:51'),(6999,1,697523754,35,'2014-02-14 10:33:41','2014-02-14 10:33:41','2014-02-14 10:34:11'),(7000,1,697523754,35,'2014-02-14 10:34:01','2014-02-14 10:34:01','2014-02-14 10:34:31'),(7001,1,697523754,35,'2014-02-14 10:34:21','2014-02-14 10:34:21','2014-02-14 10:34:51'),(7002,1,697523754,35,'2014-02-14 10:34:41','2014-02-14 10:34:41','2014-02-14 10:35:11'),(7003,1,697523754,35,'2014-02-14 10:35:01','2014-02-14 10:35:01','2014-02-14 10:35:31'),(7004,1,697523754,35,'2014-02-14 10:35:21','2014-02-14 10:35:21','2014-02-14 10:35:51'),(7005,1,697523754,35,'2014-02-14 10:35:41','2014-02-14 10:35:41','2014-02-14 10:36:11'),(7006,1,697523754,35,'2014-02-14 10:36:01','2014-02-14 10:36:01','2014-02-14 10:36:31'),(7007,1,697523754,35,'2014-02-14 10:36:21','2014-02-14 10:36:21','2014-02-14 10:36:51'),(7008,1,697523754,35,'2014-02-14 10:36:41','2014-02-14 10:36:41','2014-02-14 10:37:11'),(7009,1,697523754,35,'2014-02-14 10:37:01','2014-02-14 10:37:01','2014-02-14 10:37:31'),(7010,1,697523754,35,'2014-02-14 10:37:21','2014-02-14 10:37:21','2014-02-14 10:37:51'),(7011,1,697523754,35,'2014-02-14 10:37:41','2014-02-14 10:37:41','2014-02-14 10:38:11'),(7012,1,697523754,35,'2014-02-14 10:38:01','2014-02-14 10:38:01','2014-02-14 10:38:31'),(7013,1,697523754,35,'2014-02-14 10:38:21','2014-02-14 10:38:21','2014-02-14 10:38:51'),(7014,1,697523754,35,'2014-02-14 10:38:41','2014-02-14 10:38:41','2014-02-14 10:39:11'),(7015,1,697523754,35,'2014-02-14 10:39:01','2014-02-14 10:39:01','2014-02-14 10:39:31'),(7016,1,697523754,35,'2014-02-14 10:39:21','2014-02-14 10:39:21','2014-02-14 10:39:51'),(7017,1,697523754,35,'2014-02-14 10:39:41','2014-02-14 10:39:41','2014-02-14 10:40:11'),(7018,1,697523754,35,'2014-02-14 10:40:01','2014-02-14 10:40:01','2014-02-14 10:40:31'),(7019,1,697523754,35,'2014-02-14 10:40:21','2014-02-14 10:40:21','2014-02-14 10:40:51'),(7020,1,697523754,35,'2014-02-14 10:41:01','2014-02-14 10:41:01','2014-02-14 10:41:31'),(7021,1,697523754,35,'2014-02-14 10:41:21','2014-02-14 10:41:21','2014-02-14 10:41:51'),(7022,1,697523754,35,'2014-02-14 10:41:42','2014-02-14 10:41:42','2014-02-14 10:42:12'),(7033,1,863526891,35,'2014-02-14 10:42:34','2014-02-14 10:42:39','2014-02-14 10:42:39'),(7034,1,697523754,35,'2014-02-14 10:42:41','2014-02-14 10:42:41','2014-02-14 10:43:11'),(7035,1,697523754,35,'2014-02-14 10:42:50','2014-02-14 10:42:50','2014-02-14 10:43:20'),(7036,1,697523754,35,'2014-02-14 10:43:11','2014-02-14 10:43:11','2014-02-14 10:43:41'),(7037,1,697523754,35,'2014-02-14 10:43:31','2014-02-14 10:43:31','2014-02-14 10:44:01'),(7038,1,697523754,35,'2014-02-14 10:43:51','2014-02-14 10:43:51','2014-02-14 10:44:21'),(7039,1,697523754,35,'2014-02-14 10:44:11','2014-02-14 10:44:11','2014-02-14 10:44:41'),(7040,1,697523754,35,'2014-02-14 10:44:31','2014-02-14 10:44:31','2014-02-14 10:45:01'),(7041,1,697523754,35,'2014-02-14 10:44:51','2014-02-14 10:44:51','2014-02-14 10:45:21'),(7042,1,697523754,35,'2014-02-14 10:45:11','2014-02-14 10:45:11','2014-02-14 10:45:41'),(7043,1,697523754,35,'2014-02-14 10:45:31','2014-02-14 10:45:31','2014-02-14 10:46:01'),(7044,1,697523754,35,'2014-02-14 10:45:51','2014-02-14 10:45:51','2014-02-14 10:46:21'),(7045,1,697523754,35,'2014-02-14 10:46:11','2014-02-14 10:46:11','2014-02-14 10:46:41'),(7046,1,697523754,35,'2014-02-14 10:46:31','2014-02-14 10:46:31','2014-02-14 10:47:01'),(7047,1,697523754,35,'2014-02-14 10:46:51','2014-02-14 10:46:51','2014-02-14 10:47:21'),(7048,1,697523754,35,'2014-02-14 10:47:11','2014-02-14 10:47:11','2014-02-14 10:47:41'),(7049,1,697523754,35,'2014-02-14 10:47:31','2014-02-14 10:47:31','2014-02-14 10:48:01'),(7050,1,697523754,35,'2014-02-14 10:47:51','2014-02-14 10:47:51','2014-02-14 10:48:21'),(7051,1,697523754,35,'2014-02-14 10:48:11','2014-02-14 10:48:11','2014-02-14 10:48:41'),(7052,1,697523754,35,'2014-02-14 10:48:31','2014-02-14 10:48:31','2014-02-14 10:49:01'),(7053,1,697523754,35,'2014-02-14 10:48:51','2014-02-14 10:48:51','2014-02-14 10:49:21'),(7054,1,697523754,35,'2014-02-14 10:49:11','2014-02-14 10:49:11','2014-02-14 10:49:41'),(7055,1,697523754,35,'2014-02-14 10:49:31','2014-02-14 10:49:31','2014-02-14 10:50:01'),(7056,1,697523754,35,'2014-02-14 10:49:51','2014-02-14 10:49:51','2014-02-14 10:50:21'),(7057,1,697523754,35,'2014-02-14 10:50:11','2014-02-14 10:50:11','2014-02-14 10:50:41'),(7058,1,697523754,35,'2014-02-14 10:50:31','2014-02-14 10:50:31','2014-02-14 10:51:01'),(7059,1,697523754,35,'2014-02-14 10:50:51','2014-02-14 10:50:51','2014-02-14 10:51:21'),(7060,1,697523754,35,'2014-02-14 10:51:11','2014-02-14 10:51:11','2014-02-14 10:51:41'),(7061,1,697523754,35,'2014-02-14 10:51:31','2014-02-14 10:51:31','2014-02-14 10:52:01'),(7062,1,697523754,35,'2014-02-14 10:51:51','2014-02-14 10:51:51','2014-02-14 10:52:21'),(7063,1,697523754,35,'2014-02-14 10:52:11','2014-02-14 10:52:11','2014-02-14 10:52:41'),(7064,1,697523754,35,'2014-02-14 10:52:31','2014-02-14 10:52:31','2014-02-14 10:53:01'),(7065,1,697523754,35,'2014-02-14 10:52:51','2014-02-14 10:52:51','2014-02-14 10:53:21'),(7066,1,697523754,35,'2014-02-14 10:53:11','2014-02-14 10:53:11','2014-02-14 10:53:41'),(7067,1,697523754,35,'2014-02-14 10:53:31','2014-02-14 10:53:31','2014-02-14 10:54:01'),(7068,1,697523754,35,'2014-02-14 10:53:51','2014-02-14 10:53:51','2014-02-14 10:54:21'),(7069,1,697523754,35,'2014-02-14 10:54:11','2014-02-14 10:54:11','2014-02-14 10:54:41'),(7070,1,697523754,35,'2014-02-14 10:54:31','2014-02-14 10:54:31','2014-02-14 10:55:01'),(7071,1,697523754,35,'2014-02-14 10:54:51','2014-02-14 10:54:51','2014-02-14 10:55:21'),(7072,1,697523754,35,'2014-02-14 10:55:11','2014-02-14 10:55:11','2014-02-14 10:55:41'),(7073,1,697523754,35,'2014-02-14 10:55:31','2014-02-14 10:55:31','2014-02-14 10:56:01'),(7074,1,697523754,35,'2014-02-14 10:55:51','2014-02-14 10:55:51','2014-02-14 10:56:21'),(7075,1,697523754,35,'2014-02-14 10:56:11','2014-02-14 10:56:11','2014-02-14 10:56:41'),(7076,1,697523754,35,'2014-02-14 10:56:31','2014-02-14 10:56:31','2014-02-14 10:57:01'),(7077,1,697523754,35,'2014-02-14 10:56:51','2014-02-14 10:56:51','2014-02-14 10:57:21'),(7078,1,697523754,35,'2014-02-14 10:57:11','2014-02-14 10:57:11','2014-02-14 10:57:41'),(7079,1,697523754,35,'2014-02-14 10:57:31','2014-02-14 10:57:31','2014-02-14 10:58:01'),(7080,1,697523754,35,'2014-02-14 10:57:51','2014-02-14 10:57:51','2014-02-14 10:58:21'),(7081,1,697523754,35,'2014-02-14 10:58:11','2014-02-14 10:58:11','2014-02-14 10:58:41'),(7082,1,697523754,35,'2014-02-14 10:58:32','2014-02-14 10:58:32','2014-02-14 10:59:02'),(7083,1,697523754,35,'2014-02-14 10:58:52','2014-02-14 10:58:52','2014-02-14 10:59:22'),(7084,1,697523754,35,'2014-02-14 10:59:12','2014-02-14 10:59:12','2014-02-14 10:59:42'),(7085,1,697523754,35,'2014-02-14 10:59:32','2014-02-14 10:59:32','2014-02-14 11:00:02'),(7086,1,697523754,35,'2014-02-14 10:59:52','2014-02-14 10:59:52','2014-02-14 11:00:22'),(7087,1,697523754,35,'2014-02-14 11:00:12','2014-02-14 11:00:12','2014-02-14 11:00:42'),(7088,1,697523754,35,'2014-02-14 11:00:32','2014-02-14 11:00:32','2014-02-14 11:01:02'),(7089,1,697523754,35,'2014-02-14 11:00:52','2014-02-14 11:00:52','2014-02-14 11:01:22'),(7090,1,697523754,35,'2014-02-14 11:01:12','2014-02-14 11:01:12','2014-02-14 11:01:42'),(7091,1,697523754,35,'2014-02-14 11:01:32','2014-02-14 11:01:32','2014-02-14 11:02:02'),(7092,1,697523754,35,'2014-02-14 11:01:52','2014-02-14 11:01:52','2014-02-14 11:02:22'),(7093,1,697523754,35,'2014-02-14 11:02:12','2014-02-14 11:02:12','2014-02-14 11:02:42'),(7094,1,697523754,35,'2014-02-14 11:02:32','2014-02-14 11:02:32','2014-02-14 11:03:02'),(7095,1,697523754,35,'2014-02-14 11:02:52','2014-02-14 11:02:52','2014-02-14 11:03:22'),(7096,1,697523754,35,'2014-02-14 11:03:12','2014-02-14 11:03:12','2014-02-14 11:03:42'),(7097,1,697523754,35,'2014-02-14 11:03:32','2014-02-14 11:03:32','2014-02-14 11:04:02'),(7098,1,697523754,35,'2014-02-14 11:03:52','2014-02-14 11:03:52','2014-02-14 11:04:22'),(7099,1,697523754,35,'2014-02-14 11:04:12','2014-02-14 11:04:12','2014-02-14 11:04:42'),(7100,1,697523754,35,'2014-02-14 11:04:32','2014-02-14 11:04:32','2014-02-14 11:05:02'),(7101,1,697523754,35,'2014-02-14 11:04:52','2014-02-14 11:04:52','2014-02-14 11:05:22'),(7102,1,697523754,35,'2014-02-14 11:05:12','2014-02-14 11:05:12','2014-02-14 11:05:42'),(7103,1,697523754,35,'2014-02-14 11:05:32','2014-02-14 11:05:32','2014-02-14 11:06:02'),(7104,1,697523754,35,'2014-02-14 11:05:52','2014-02-14 11:05:52','2014-02-14 11:06:22'),(7105,1,697523754,35,'2014-02-14 11:06:12','2014-02-14 11:06:12','2014-02-14 11:06:42'),(7106,1,697523754,35,'2014-02-14 11:06:32','2014-02-14 11:06:32','2014-02-14 11:07:02'),(7107,1,697523754,35,'2014-02-14 11:06:52','2014-02-14 11:06:52','2014-02-14 11:07:22'),(7108,1,697523754,35,'2014-02-14 11:07:12','2014-02-14 11:07:12','2014-02-14 11:07:42'),(7109,1,697523754,35,'2014-02-14 11:07:32','2014-02-14 11:07:32','2014-02-14 11:08:02'),(7110,1,697523754,35,'2014-02-14 11:07:52','2014-02-14 11:07:52','2014-02-14 11:08:22'),(7119,1,137255481,7,'2014-02-14 11:23:28','2014-02-14 11:23:28','2014-02-14 11:23:58'),(7120,1,137255481,7,'2014-02-14 11:23:48','2014-02-14 11:23:48','2014-02-14 11:24:18'),(7121,1,137255481,7,'2014-02-14 11:24:08','2014-02-14 11:24:08','2014-02-14 11:24:38'),(7122,1,137255481,7,'2014-02-14 11:24:28','2014-02-14 11:24:28','2014-02-14 11:24:58'),(7123,1,137255481,7,'2014-02-14 11:24:48','2014-02-14 11:24:48','2014-02-14 11:25:18'),(7124,1,137255481,7,'2014-02-14 11:25:08','2014-02-14 11:25:08','2014-02-14 11:25:38'),(7125,1,137255481,7,'2014-02-14 11:25:28','2014-02-14 11:25:28','2014-02-14 11:25:58'),(7126,1,137255481,7,'2014-02-14 11:25:48','2014-02-14 11:25:48','2014-02-14 11:26:18'),(7127,1,137255481,7,'2014-02-14 11:26:08','2014-02-14 11:26:08','2014-02-14 11:26:38'),(7128,1,137255481,7,'2014-02-14 11:26:28','2014-02-14 11:26:28','2014-02-14 11:26:58'),(7129,1,137255481,7,'2014-02-14 11:26:48','2014-02-14 11:26:48','2014-02-14 11:27:18'),(7130,1,137255481,7,'2014-02-14 11:27:08','2014-02-14 11:27:08','2014-02-14 11:27:38'),(7131,1,137255481,7,'2014-02-14 11:27:28','2014-02-14 11:27:28','2014-02-14 11:27:58'),(7132,1,137255481,7,'2014-02-14 11:27:48','2014-02-14 11:27:48','2014-02-14 11:28:18'),(7133,1,137255481,7,'2014-02-14 11:28:08','2014-02-14 11:28:08','2014-02-14 11:28:38'),(7134,1,137255481,7,'2014-02-14 11:28:28','2014-02-14 11:28:28','2014-02-14 11:28:58'),(7135,1,137255481,7,'2014-02-14 11:28:48','2014-02-14 11:28:48','2014-02-14 11:29:18'),(7136,1,137255481,7,'2014-02-14 11:29:08','2014-02-14 11:29:08','2014-02-14 11:29:38'),(7137,1,137255481,7,'2014-02-14 11:29:28','2014-02-14 11:29:28','2014-02-14 11:29:58'),(7138,1,137255481,7,'2014-02-14 11:29:48','2014-02-14 11:29:48','2014-02-14 11:30:18'),(7139,1,137255481,7,'2014-02-14 11:30:08','2014-02-14 11:30:08','2014-02-14 11:30:38'),(7140,1,137255481,7,'2014-02-14 17:17:08','2014-02-14 17:17:08','2014-02-14 17:47:08'),(7141,1,287771533,7,'2014-02-14 17:17:08','2014-02-14 17:17:08','2014-02-14 17:47:08'),(7142,1,639646490,7,'2014-02-14 17:17:08','2014-02-14 17:17:08','2014-02-14 17:47:08'),(7143,1,944025275,7,'2014-02-14 17:17:08','2014-02-14 17:17:08','2014-02-14 17:47:08'),(7144,1,256089650,7,'2014-02-14 17:17:08','2014-02-14 17:17:08','2014-02-14 17:47:08'),(7145,1,374001558,7,'2014-02-14 17:17:08','2014-02-14 17:17:08','2014-02-14 17:47:08'),(7146,1,558759683,7,'2014-02-14 17:17:08','2014-02-14 17:17:08','2014-02-14 17:47:08'),(7147,1,838001300,7,'2014-02-14 17:17:08','2014-02-14 17:17:08','2014-02-14 17:47:08'),(7148,1,137255481,7,'2014-02-17 15:03:08','2014-02-17 15:03:08','2014-02-17 15:33:08'),(7149,1,287771533,7,'2014-02-17 15:03:08','2014-02-17 15:03:08','2014-02-17 15:33:08'),(7150,1,639646490,7,'2014-02-17 15:03:08','2014-02-17 15:03:08','2014-02-17 15:33:08'),(7151,1,944025275,7,'2014-02-17 15:03:08','2014-02-17 15:03:08','2014-02-17 15:33:08'),(7152,1,256089650,7,'2014-02-17 15:03:08','2014-02-17 15:03:08','2014-02-17 15:33:08'),(7153,1,374001558,7,'2014-02-17 15:03:08','2014-02-17 15:03:08','2014-02-17 15:33:08'),(7154,1,558759683,7,'2014-02-17 15:03:08','2014-02-17 15:03:08','2014-02-17 15:33:08'),(7155,1,838001300,7,'2014-02-17 15:03:08','2014-02-17 15:03:08','2014-02-17 15:33:08'),(7156,1,137255481,7,'2014-02-18 11:31:08','2014-02-18 11:31:08','2014-02-18 12:01:08'),(7157,1,287771533,7,'2014-02-18 11:31:08','2014-02-18 11:31:08','2014-02-18 12:01:08'),(7158,1,639646490,7,'2014-02-18 11:31:08','2014-02-18 11:31:08','2014-02-18 12:01:08'),(7159,1,944025275,7,'2014-02-18 11:31:08','2014-02-18 11:31:08','2014-02-18 12:01:08'),(7160,1,256089650,7,'2014-02-18 11:31:08','2014-02-18 11:31:08','2014-02-18 12:01:08'),(7161,1,374001558,7,'2014-02-18 11:31:08','2014-02-18 11:31:08','2014-02-18 12:01:08'),(7162,1,558759683,7,'2014-02-18 11:31:08','2014-02-18 11:31:08','2014-02-18 12:01:08'),(7163,1,838001300,7,'2014-02-18 11:31:08','2014-02-18 11:31:08','2014-02-18 12:01:08'),(7172,1,958766736,35,'2014-02-18 16:37:14','2014-02-18 16:37:16','2014-02-18 16:37:16'),(7173,1,863526891,35,'2014-02-18 16:37:19','2014-02-18 16:37:19','2014-02-18 16:37:49'),(7174,1,863526891,35,'2014-02-18 16:37:27','2014-02-18 16:37:27','2014-02-18 16:37:57'),(7175,1,958766736,35,'2014-02-18 16:37:30','2014-02-18 16:37:30','2014-02-18 17:07:30'),(7176,1,863526891,35,'2014-02-18 16:37:30','2014-02-18 16:37:42','2014-02-18 16:37:42'),(7177,1,697523754,35,'2014-02-18 16:37:30','2014-02-18 16:37:30','2014-02-18 17:07:30'),(7178,1,1024261501,35,'2014-02-18 16:37:30','2014-02-18 16:37:30','2014-02-18 17:07:30'),(7179,1,374807699,35,'2014-02-18 16:37:30','2014-02-18 16:37:30','2014-02-18 17:07:30'),(7180,1,343774255,35,'2014-02-18 16:37:30','2014-02-18 16:37:30','2014-02-18 17:07:30'),(7181,1,176863900,35,'2014-02-18 16:37:30','2014-02-18 16:37:30','2014-02-18 17:07:30'),(7182,1,887641744,35,'2014-02-18 16:37:30','2014-02-18 16:37:30','2014-02-18 17:07:30'),(7183,1,697523754,35,'2014-02-18 16:37:44','2014-02-18 16:37:44','2014-02-18 16:38:14'),(7184,1,697523754,35,'2014-02-18 16:37:47','2014-02-18 16:37:50','2014-02-18 16:37:50'),(7185,1,958766736,35,'2014-02-18 16:37:53','2014-02-18 16:37:53','2014-02-18 16:38:23'),(7186,1,958766736,35,'2014-02-18 16:38:07','2014-02-18 16:38:07','2014-02-18 16:38:37'),(7187,1,958766736,35,'2014-02-18 16:38:27','2014-02-18 16:38:43','2014-02-18 16:38:43'),(7188,1,863526891,35,'2014-02-18 16:38:45','2014-02-18 16:38:45','2014-02-18 16:39:15'),(7189,1,863526891,35,'2014-02-18 16:38:48','2014-02-18 16:38:48','2014-02-18 16:39:18'),(7190,1,863526891,35,'2014-02-18 16:39:08','2014-02-18 16:39:08','2014-02-18 16:39:38'),(7200,1,863526891,35,'2014-02-18 16:40:05','2014-02-18 16:40:05','2014-02-18 16:40:35'),(7201,1,863526891,35,'2014-02-18 16:40:08','2014-02-18 16:40:08','2014-02-18 16:40:38'),(7202,1,863526891,35,'2014-02-18 16:40:32','2014-02-18 16:40:32','2014-02-18 16:41:02'),(7203,1,863526891,35,'2014-02-18 16:40:47','2014-02-18 16:40:47','2014-02-18 16:41:17'),(7204,1,863526891,35,'2014-02-18 16:41:07','2014-02-18 16:41:07','2014-02-18 16:41:37'),(7205,1,863526891,35,'2014-02-18 16:41:27','2014-02-18 16:41:27','2014-02-18 16:41:57'),(7206,1,863526891,35,'2014-02-18 16:41:47','2014-02-18 16:41:47','2014-02-18 16:42:17'),(7207,1,863526891,35,'2014-02-18 16:42:07','2014-02-18 16:42:07','2014-02-18 16:42:37'),(7208,1,863526891,35,'2014-02-18 16:42:27','2014-02-18 16:42:27','2014-02-18 16:42:57'),(7209,1,863526891,35,'2014-02-18 16:42:47','2014-02-18 16:42:47','2014-02-18 16:43:17'),(7210,1,863526891,35,'2014-02-18 16:43:07','2014-02-18 16:43:07','2014-02-18 16:43:37'),(7211,1,863526891,35,'2014-02-18 16:43:27','2014-02-18 16:43:27','2014-02-18 16:43:57'),(7212,1,863526891,35,'2014-02-18 16:43:47','2014-02-18 16:43:47','2014-02-18 16:44:17'),(7213,1,863526891,35,'2014-02-18 16:44:07','2014-02-18 16:44:07','2014-02-18 16:44:37'),(7214,1,863526891,35,'2014-02-18 16:44:27','2014-02-18 16:44:27','2014-02-18 16:44:57'),(7215,1,863526891,35,'2014-02-18 16:44:47','2014-02-18 16:44:47','2014-02-18 16:45:17'),(7216,1,863526891,35,'2014-02-18 16:45:07','2014-02-18 16:45:07','2014-02-18 16:45:37'),(7217,1,863526891,35,'2014-02-18 16:45:27','2014-02-18 16:45:27','2014-02-18 16:45:57'),(7226,1,1014111519,36,'2014-02-19 10:48:34','2014-02-19 10:48:34','2014-02-19 11:18:34'),(7227,1,628837543,36,'2014-02-19 10:48:34','2014-02-19 10:48:34','2014-02-19 11:18:34'),(7228,1,310148150,36,'2014-02-19 10:48:34','2014-02-19 10:48:34','2014-02-19 11:18:34'),(7229,1,202959249,36,'2014-02-19 10:48:34','2014-02-19 10:48:34','2014-02-19 11:18:34'),(7230,1,1014111519,36,'2014-02-20 12:41:17','2014-02-20 12:41:17','2014-02-20 13:11:17'),(7231,1,628837543,36,'2014-02-20 12:41:17','2014-02-20 12:41:17','2014-02-20 13:11:17'),(7232,1,310148150,36,'2014-02-20 12:41:17','2014-02-20 12:41:17','2014-02-20 13:11:17'),(7233,1,202959249,36,'2014-02-20 12:41:17','2014-02-20 12:41:17','2014-02-20 13:11:17'),(7234,1,1014111519,36,'2014-02-20 12:43:29','2014-02-20 12:43:29','2014-02-20 13:13:29'),(7235,1,628837543,36,'2014-02-20 12:43:29','2014-02-20 12:43:29','2014-02-20 13:13:29'),(7236,1,310148150,36,'2014-02-20 12:43:29','2014-02-20 12:43:29','2014-02-20 13:13:29'),(7237,1,202959249,36,'2014-02-20 12:43:29','2014-02-20 12:43:29','2014-02-20 13:13:29'),(7246,1,1014111519,36,'2014-02-20 12:44:50','2014-02-20 12:45:03','2014-02-20 12:45:03'),(7247,1,628837543,36,'2014-02-20 12:45:04','2014-02-20 12:45:04','2014-02-20 12:45:34'),(7248,1,628837543,36,'2014-02-20 12:45:06','2014-02-20 12:45:06','2014-02-20 12:45:36'),(7249,1,628837543,36,'2014-02-20 12:45:25','2014-02-20 12:45:25','2014-02-20 12:45:55'),(7250,1,628837543,36,'2014-02-20 12:45:45','2014-02-20 12:45:45','2014-02-20 12:46:15'),(7251,1,628837543,36,'2014-02-20 12:46:05','2014-02-20 12:46:05','2014-02-20 12:46:35'),(7252,1,628837543,36,'2014-02-20 12:46:25','2014-02-20 12:46:25','2014-02-20 12:46:55'),(7253,1,628837543,36,'2014-02-20 12:46:45','2014-02-20 12:46:45','2014-02-20 12:47:15'),(7254,1,628837543,36,'2014-02-20 12:47:05','2014-02-20 12:47:05','2014-02-20 12:47:35'),(7259,1,628837543,36,'2014-02-20 13:12:09','2014-02-20 13:12:09','2014-02-20 13:12:39'),(7260,1,628837543,36,'2014-02-20 13:12:18','2014-02-20 13:12:18','2014-02-20 13:12:48'),(7261,1,628837543,36,'2014-02-20 13:12:42','2014-02-20 13:12:42','2014-02-20 13:13:12'),(7262,1,628837543,36,'2014-02-20 13:13:01','2014-02-20 13:13:01','2014-02-20 13:13:31'),(7263,1,628837543,36,'2014-02-20 13:13:21','2014-02-20 13:13:21','2014-02-20 13:13:51'),(7264,1,628837543,36,'2014-02-20 13:13:43','2014-02-20 13:13:43','2014-02-20 13:14:13'),(7269,1,628837543,37,'2014-02-20 13:14:16','2014-02-20 13:14:16','2014-02-20 13:14:46'),(7270,1,628837543,37,'2014-02-20 13:14:30','2014-02-20 13:14:30','2014-02-20 13:15:00'),(7271,1,628837543,37,'2014-02-20 13:14:50','2014-02-20 13:14:50','2014-02-20 13:15:20'),(7272,1,628837543,37,'2014-02-20 13:15:10','2014-02-20 13:15:10','2014-02-20 13:15:40'),(7273,1,628837543,37,'2014-02-20 13:15:30','2014-02-20 13:15:30','2014-02-20 13:16:00'),(7274,1,628837543,37,'2014-02-20 13:15:50','2014-02-20 13:15:50','2014-02-20 13:16:20'),(7279,1,628837543,38,'2014-02-20 13:16:39','2014-02-20 13:16:39','2014-02-20 13:17:09'),(7280,1,628837543,38,'2014-02-20 13:16:56','2014-02-20 13:16:56','2014-02-20 13:17:26'),(7281,1,628837543,38,'2014-02-20 13:17:16','2014-02-20 13:17:16','2014-02-20 13:17:46'),(7282,1,628837543,38,'2014-02-20 13:17:36','2014-02-20 13:17:36','2014-02-20 13:18:06'),(7291,1,628837543,39,'2014-02-20 13:19:36','2014-02-20 13:19:36','2014-02-20 13:20:06'),(7292,1,628837543,39,'2014-02-20 13:19:52','2014-02-20 13:19:52','2014-02-20 13:20:22'),(7293,1,628837543,39,'2014-02-20 13:20:12','2014-02-20 13:20:12','2014-02-20 13:20:42'),(7294,1,628837543,39,'2014-02-20 13:20:32','2014-02-20 13:20:32','2014-02-20 13:21:02'),(7295,1,628837543,39,'2014-02-20 13:20:53','2014-02-20 13:20:53','2014-02-20 13:21:23'),(7296,1,628837543,39,'2014-02-20 13:21:13','2014-02-20 13:21:13','2014-02-20 13:21:43'),(7297,1,628837543,39,'2014-02-20 13:21:33','2014-02-20 13:21:33','2014-02-20 13:22:03'),(7298,1,628837543,39,'2014-02-20 13:21:53','2014-02-20 13:21:53','2014-02-20 13:22:23'),(7299,1,628837543,39,'2014-02-20 13:22:13','2014-02-20 13:22:13','2014-02-20 13:22:43'),(7300,1,628837543,39,'2014-02-20 13:22:33','2014-02-20 13:22:33','2014-02-20 13:23:03'),(7301,1,628837543,39,'2014-02-20 13:22:53','2014-02-20 13:22:53','2014-02-20 13:23:23'),(7302,1,628837543,39,'2014-02-20 13:23:13','2014-02-20 13:23:13','2014-02-20 13:23:43'),(7303,1,628837543,39,'2014-02-20 13:23:35','2014-02-20 13:23:42','2014-02-20 13:23:42'),(7304,1,310148150,39,'2014-02-20 13:23:43','2014-02-20 13:23:44','2014-02-20 13:23:44'),(7305,1,628837543,39,'2014-02-20 13:23:46','2014-02-20 13:23:46','2014-02-20 13:24:16'),(7306,1,628837543,39,'2014-02-20 13:23:53','2014-02-20 13:23:53','2014-02-20 13:24:23'),(7307,1,628837543,39,'2014-02-20 13:24:13','2014-02-20 13:24:13','2014-02-20 13:24:43'),(7308,1,628837543,39,'2014-02-20 13:24:33','2014-02-20 13:24:33','2014-02-20 13:25:03'),(7309,1,628837543,39,'2014-02-20 13:24:53','2014-02-20 13:24:53','2014-02-20 13:25:23'),(7310,1,628837543,39,'2014-02-20 13:25:13','2014-02-20 13:25:13','2014-02-20 13:25:43'),(7311,1,628837543,39,'2014-02-20 13:25:33','2014-02-20 13:25:33','2014-02-20 13:26:03'),(7312,1,628837543,39,'2014-02-20 13:25:53','2014-02-20 13:25:53','2014-02-20 13:26:23'),(7318,1,628837543,39,'2014-02-20 13:26:39','2014-02-20 13:26:39','2014-02-20 13:27:09'),(7319,1,628837543,39,'2014-02-20 13:26:57','2014-02-20 13:26:57','2014-02-20 13:27:27'),(7320,1,628837543,39,'2014-02-20 13:27:16','2014-02-20 13:27:16','2014-02-20 13:27:46'),(7321,1,628837543,39,'2014-02-20 13:27:36','2014-02-20 13:27:36','2014-02-20 13:28:06'),(7326,1,628837543,39,'2014-02-20 13:28:15','2014-02-20 13:28:15','2014-02-20 13:28:45'),(7327,1,628837543,39,'2014-02-20 13:28:33','2014-02-20 13:28:33','2014-02-20 13:29:03'),(7328,1,628837543,39,'2014-02-20 13:28:53','2014-02-20 13:28:53','2014-02-20 13:29:23'),(7329,1,628837543,39,'2014-02-20 13:29:13','2014-02-20 13:29:13','2014-02-20 13:29:43'),(7330,1,628837543,39,'2014-02-20 13:29:33','2014-02-20 13:29:33','2014-02-20 13:30:03'),(7331,1,628837543,39,'2014-02-20 13:29:53','2014-02-20 13:29:53','2014-02-20 13:30:23'),(7332,1,628837543,39,'2014-02-20 13:30:13','2014-02-20 13:30:13','2014-02-20 13:30:43'),(7333,1,628837543,39,'2014-02-20 13:30:33','2014-02-20 13:30:33','2014-02-20 13:31:03'),(7334,1,628837543,39,'2014-02-20 13:30:53','2014-02-20 13:30:53','2014-02-20 13:31:23'),(7335,1,628837543,39,'2014-02-20 13:31:13','2014-02-20 13:31:13','2014-02-20 13:31:43'),(7336,1,628837543,39,'2014-02-20 13:31:33','2014-02-20 13:31:33','2014-02-20 13:32:03'),(7337,1,628837543,39,'2014-02-20 13:31:53','2014-02-20 13:31:53','2014-02-20 13:32:23'),(7338,1,628837543,39,'2014-02-20 13:32:13','2014-02-20 13:32:13','2014-02-20 13:32:43'),(7339,1,628837543,39,'2014-02-20 13:32:33','2014-02-20 13:32:33','2014-02-20 13:33:03'),(7340,1,628837543,39,'2014-02-20 13:32:53','2014-02-20 13:32:53','2014-02-20 13:33:23'),(7341,1,628837543,39,'2014-02-20 13:33:13','2014-02-20 13:33:13','2014-02-20 13:33:43'),(7342,1,628837543,39,'2014-02-20 13:33:33','2014-02-20 13:33:33','2014-02-20 13:34:03'),(7343,1,628837543,39,'2014-02-20 13:33:53','2014-02-20 13:33:53','2014-02-20 13:34:23'),(7344,1,628837543,39,'2014-02-20 13:34:13','2014-02-20 13:34:13','2014-02-20 13:34:43'),(7345,1,628837543,39,'2014-02-20 13:34:33','2014-02-20 13:34:33','2014-02-20 13:35:03'),(7346,1,628837543,39,'2014-02-20 13:34:53','2014-02-20 13:34:53','2014-02-20 13:35:23'),(7347,1,628837543,39,'2014-02-20 13:35:13','2014-02-20 13:35:13','2014-02-20 13:35:43'),(7348,1,628837543,39,'2014-02-20 13:35:33','2014-02-20 13:35:33','2014-02-20 13:36:03'),(7349,1,628837543,39,'2014-02-20 13:35:53','2014-02-20 13:35:53','2014-02-20 13:36:23'),(7350,1,628837543,39,'2014-02-20 13:36:13','2014-02-20 13:36:13','2014-02-20 13:36:43'),(7351,1,628837543,39,'2014-02-20 13:36:33','2014-02-20 13:36:33','2014-02-20 13:37:03'),(7352,1,628837543,39,'2014-02-20 13:36:53','2014-02-20 13:36:53','2014-02-20 13:37:23'),(7353,1,628837543,39,'2014-02-20 13:37:13','2014-02-20 13:37:13','2014-02-20 13:37:43'),(7354,1,628837543,39,'2014-02-20 13:37:33','2014-02-20 13:37:33','2014-02-20 13:38:03'),(7355,1,628837543,39,'2014-02-20 13:37:53','2014-02-20 13:37:53','2014-02-20 13:38:23'),(7356,1,628837543,39,'2014-02-20 13:38:13','2014-02-20 13:38:13','2014-02-20 13:38:43'),(7357,1,628837543,39,'2014-02-20 13:38:33','2014-02-20 13:38:33','2014-02-20 13:39:03'),(7358,1,628837543,39,'2014-02-20 13:38:53','2014-02-20 13:38:53','2014-02-20 13:39:23'),(7359,1,628837543,39,'2014-02-20 13:39:13','2014-02-20 13:39:13','2014-02-20 13:39:43'),(7360,1,628837543,39,'2014-02-20 13:39:33','2014-02-20 13:39:33','2014-02-20 13:40:03'),(7361,1,628837543,39,'2014-02-20 13:39:53','2014-02-20 13:39:53','2014-02-20 13:40:23'),(7362,1,628837543,39,'2014-02-20 13:40:13','2014-02-20 13:40:13','2014-02-20 13:40:43'),(7363,1,628837543,39,'2014-02-20 13:40:33','2014-02-20 13:40:33','2014-02-20 13:41:03'),(7364,1,628837543,39,'2014-02-20 13:40:53','2014-02-20 13:40:53','2014-02-20 13:41:23'),(7365,1,628837543,39,'2014-02-20 13:41:13','2014-02-20 13:41:13','2014-02-20 13:41:43'),(7366,1,628837543,39,'2014-02-20 13:41:33','2014-02-20 13:41:33','2014-02-20 13:42:03'),(7367,1,628837543,39,'2014-02-20 13:41:53','2014-02-20 13:41:53','2014-02-20 13:42:23'),(7368,1,628837543,39,'2014-02-20 13:42:13','2014-02-20 13:42:13','2014-02-20 13:42:43'),(7369,1,628837543,39,'2014-02-20 13:42:33','2014-02-20 13:42:33','2014-02-20 13:43:03'),(7370,1,628837543,39,'2014-02-20 13:42:53','2014-02-20 13:42:53','2014-02-20 13:43:23'),(7371,1,628837543,39,'2014-02-20 13:43:13','2014-02-20 13:43:13','2014-02-20 13:43:43'),(7372,1,628837543,39,'2014-02-20 13:43:33','2014-02-20 13:43:33','2014-02-20 13:44:03'),(7373,1,628837543,39,'2014-02-20 13:43:53','2014-02-20 13:43:53','2014-02-20 13:44:23'),(7374,1,628837543,39,'2014-02-20 13:44:13','2014-02-20 13:44:13','2014-02-20 13:44:43'),(7375,1,628837543,39,'2014-02-20 13:44:33','2014-02-20 13:44:33','2014-02-20 13:45:03'),(7376,1,628837543,39,'2014-02-20 13:44:53','2014-02-20 13:44:53','2014-02-20 13:45:23'),(7377,1,628837543,39,'2014-02-20 13:45:13','2014-02-20 13:45:13','2014-02-20 13:45:43'),(7378,1,628837543,39,'2014-02-20 13:45:33','2014-02-20 13:45:33','2014-02-20 13:46:03'),(7379,1,628837543,39,'2014-02-20 13:45:53','2014-02-20 13:45:53','2014-02-20 13:46:23'),(7380,1,628837543,39,'2014-02-20 13:46:13','2014-02-20 13:46:13','2014-02-20 13:46:43'),(7381,1,628837543,39,'2014-02-20 13:46:33','2014-02-20 13:46:33','2014-02-20 13:47:03'),(7382,1,628837543,39,'2014-02-20 13:46:53','2014-02-20 13:46:53','2014-02-20 13:47:23'),(7383,1,628837543,39,'2014-02-20 13:47:16','2014-02-20 13:47:16','2014-02-20 13:47:46'),(7384,1,628837543,39,'2014-02-20 13:47:33','2014-02-20 13:47:33','2014-02-20 13:48:03'),(7385,1,628837543,39,'2014-02-20 13:47:54','2014-02-20 13:47:54','2014-02-20 13:48:24'),(7386,1,628837543,39,'2014-02-20 13:48:13','2014-02-20 13:48:13','2014-02-20 13:48:43'),(7387,1,628837543,39,'2014-02-20 13:48:33','2014-02-20 13:48:33','2014-02-20 13:49:03'),(7392,1,628837543,40,'2014-02-20 13:49:16','2014-02-20 13:49:21','2014-02-20 13:49:21'),(7393,1,310148150,40,'2014-02-20 13:49:23','2014-02-20 13:49:26','2014-02-20 13:49:26'),(7394,1,202959249,40,'2014-02-20 13:49:28','2014-02-20 13:49:28','2014-02-20 13:49:58'),(7395,1,202959249,40,'2014-02-20 13:49:33','2014-02-20 13:49:33','2014-02-20 13:50:03'),(7402,1,628837543,40,'2014-02-20 13:50:25','2014-02-20 13:50:25','2014-02-20 13:50:55'),(7408,1,628837543,40,'2014-02-20 13:51:11','2014-02-20 13:51:11','2014-02-20 13:51:41'),(7413,1,628837543,41,'2014-02-20 13:51:59','2014-02-20 13:51:59','2014-02-20 13:52:29'),(7414,1,628837543,41,'2014-02-20 13:52:17','2014-02-20 13:52:17','2014-02-20 13:52:47'),(7415,1,628837543,41,'2014-02-20 13:52:37','2014-02-20 13:52:37','2014-02-20 13:53:07'),(7416,1,628837543,41,'2014-02-20 13:52:57','2014-02-20 13:52:57','2014-02-20 13:53:27'),(7417,1,628837543,41,'2014-02-20 13:53:17','2014-02-20 13:53:17','2014-02-20 13:53:47'),(7418,1,628837543,41,'2014-02-20 13:53:37','2014-02-20 13:53:37','2014-02-20 13:54:07'),(7419,1,628837543,41,'2014-02-20 13:53:57','2014-02-20 13:53:57','2014-02-20 13:54:27'),(7420,1,628837543,41,'2014-02-20 13:54:17','2014-02-20 13:54:17','2014-02-20 13:54:47'),(7421,1,628837543,41,'2014-02-20 13:54:37','2014-02-20 13:54:37','2014-02-20 13:55:07'),(7422,1,628837543,41,'2014-02-20 13:54:57','2014-02-20 13:54:57','2014-02-20 13:55:27'),(7423,1,628837543,41,'2014-02-20 13:55:17','2014-02-20 13:55:17','2014-02-20 13:55:47'),(7424,1,628837543,41,'2014-02-20 13:55:37','2014-02-20 13:55:37','2014-02-20 13:56:07'),(7425,1,628837543,41,'2014-02-20 13:55:57','2014-02-20 13:55:57','2014-02-20 13:56:27'),(7426,1,1014111519,41,'2014-02-20 13:56:17','2014-02-20 13:56:17','2014-02-20 14:26:17'),(7427,1,628837543,41,'2014-02-20 13:56:17','2014-02-20 13:56:17','2014-02-20 14:26:17'),(7428,1,310148150,41,'2014-02-20 13:56:17','2014-02-20 13:56:17','2014-02-20 14:26:17'),(7429,1,202959249,41,'2014-02-20 13:56:17','2014-02-20 13:56:17','2014-02-20 14:26:17'),(7434,1,628837543,41,'2014-02-20 13:59:36','2014-02-20 13:59:36','2014-02-20 14:00:06'),(7435,1,628837543,41,'2014-02-20 13:59:53','2014-02-20 13:59:53','2014-02-20 14:00:23'),(7436,1,628837543,41,'2014-02-20 14:00:13','2014-02-20 14:00:13','2014-02-20 14:00:43'),(7437,1,628837543,41,'2014-02-20 14:00:33','2014-02-20 14:00:33','2014-02-20 14:01:03'),(7438,1,628837543,41,'2014-02-20 14:00:53','2014-02-20 14:00:53','2014-02-20 14:01:23'),(7439,1,628837543,41,'2014-02-20 14:01:13','2014-02-20 14:01:13','2014-02-20 14:01:43'),(7440,1,628837543,41,'2014-02-20 14:01:33','2014-02-20 14:01:33','2014-02-20 14:02:03'),(7441,1,628837543,41,'2014-02-20 14:01:53','2014-02-20 14:01:53','2014-02-20 14:02:23'),(7442,1,628837543,41,'2014-02-20 14:02:13','2014-02-20 14:02:13','2014-02-20 14:02:43'),(7443,1,628837543,41,'2014-02-20 14:02:33','2014-02-20 14:02:33','2014-02-20 14:03:03'),(7444,1,628837543,41,'2014-02-20 14:02:53','2014-02-20 14:02:53','2014-02-20 14:03:23'),(7445,1,628837543,41,'2014-02-20 14:03:13','2014-02-20 14:03:13','2014-02-20 14:03:43'),(7446,1,628837543,41,'2014-02-20 14:03:33','2014-02-20 14:03:33','2014-02-20 14:04:03'),(7447,1,628837543,41,'2014-02-20 14:03:53','2014-02-20 14:03:53','2014-02-20 14:04:23'),(7448,1,628837543,41,'2014-02-20 14:04:13','2014-02-20 14:04:13','2014-02-20 14:04:43'),(7449,1,628837543,41,'2014-02-20 14:04:33','2014-02-20 14:04:33','2014-02-20 14:05:03'),(7450,1,628837543,41,'2014-02-20 14:04:53','2014-02-20 14:04:53','2014-02-20 14:05:23'),(7455,1,1014111519,41,'2014-02-21 14:06:38','2014-02-21 14:06:39','2014-02-21 14:06:39'),(7456,1,628837543,41,'2014-02-21 14:06:42','2014-02-21 14:06:42','2014-02-21 14:07:12'),(7457,1,628837543,41,'2014-02-21 14:06:48','2014-02-21 14:06:48','2014-02-21 14:07:18'),(7458,1,628837543,41,'2014-02-21 14:07:08','2014-02-21 14:07:08','2014-02-21 14:07:38'),(7463,1,1014111519,41,'2014-02-21 14:08:00','2014-02-21 14:08:01','2014-02-21 14:08:01'),(7464,1,628837543,41,'2014-02-21 14:08:05','2014-02-21 14:08:05','2014-02-21 14:08:35'),(7465,1,628837543,41,'2014-02-21 14:08:15','2014-02-21 14:08:15','2014-02-21 14:08:45'),(7466,1,628837543,41,'2014-02-21 14:08:35','2014-02-21 14:08:35','2014-02-21 14:09:05'),(7467,1,628837543,41,'2014-02-21 14:08:56','2014-02-21 14:08:56','2014-02-21 14:09:26'),(7468,1,628837543,41,'2014-02-21 14:09:16','2014-02-21 14:09:16','2014-02-21 14:09:46'),(7469,1,628837543,41,'2014-02-21 14:09:36','2014-02-21 14:09:36','2014-02-21 14:10:06'),(7470,1,628837543,41,'2014-02-21 14:09:56','2014-02-21 14:09:56','2014-02-21 14:10:26'),(7471,1,628837543,41,'2014-02-21 14:10:16','2014-02-21 14:10:16','2014-02-21 14:10:46'),(7478,1,628837543,41,'2014-02-21 14:11:13','2014-02-21 14:11:13','2014-02-21 14:11:43'),(7479,1,628837543,41,'2014-02-21 14:11:30','2014-02-21 14:11:30','2014-02-21 14:12:00'),(7480,1,628837543,41,'2014-02-21 14:11:50','2014-02-21 14:11:50','2014-02-21 14:12:20'),(7481,1,628837543,41,'2014-02-21 14:12:10','2014-02-21 14:12:10','2014-02-21 14:12:40'),(7482,1,628837543,41,'2014-02-21 14:12:30','2014-02-21 14:12:30','2014-02-21 14:13:00'),(7488,1,1014111519,41,'2014-02-21 14:13:12','2014-02-21 14:13:14','2014-02-21 14:13:14'),(7489,1,310148150,41,'2014-02-21 14:13:16','2014-02-21 14:13:19','2014-02-21 14:13:19'),(7490,1,202959249,41,'2014-02-21 14:13:21','2014-02-21 14:13:21','2014-02-21 14:13:51'),(7491,1,202959249,41,'2014-02-21 14:13:23','2014-02-21 14:13:24','2014-02-21 14:13:24'),(7492,1,628837543,41,'2014-02-21 14:13:26','2014-02-21 14:13:26','2014-02-21 14:13:56'),(7493,1,628837543,41,'2014-02-21 14:13:42','2014-02-21 14:13:42','2014-02-21 14:14:12');
/*!40000 ALTER TABLE `plan_sections` ENABLE KEYS */;
UNLOCK TABLES;

--
-- Table structure for table `plans`
--

DROP TABLE IF EXISTS `plans`;
/*!40101 SET @saved_cs_client     = @@character_set_client */;
/*!40101 SET character_set_client = utf8 */;
CREATE TABLE `plans` (
  `id` int(11) NOT NULL AUTO_INCREMENT,
  `locked` tinyint(1) DEFAULT NULL,
  `project_id` int(11) DEFAULT NULL,
  `version_id` int(11) DEFAULT NULL,
  `created_at` datetime NOT NULL,
  `updated_at` datetime NOT NULL,
  PRIMARY KEY (`id`)
) ENGINE=InnoDB AUTO_INCREMENT=42 DEFAULT CHARSET=utf8 COLLATE=utf8_unicode_ci;
/*!40101 SET character_set_client = @saved_cs_client */;

--
-- Dumping data for table `plans`
--

LOCK TABLES `plans` WRITE;
/*!40000 ALTER TABLE `plans` DISABLE KEYS */;
INSERT INTO `plans` VALUES (1,NULL,853239746,1065574598,'2013-10-10 09:51:05','2013-10-10 09:51:05'),(2,NULL,853239747,204988261,'2013-10-10 10:13:07','2013-10-10 10:13:07'),(3,NULL,853239747,366328166,'2013-10-10 10:13:07','2013-10-10 10:13:07'),(4,NULL,853239748,204988261,'2013-10-10 10:13:08','2013-10-10 10:13:08'),(5,NULL,853239748,366328166,'2013-10-10 10:13:08','2013-10-10 10:13:08'),(6,NULL,853239749,981945732,'2013-10-10 13:27:22','2013-10-10 13:27:22'),(7,NULL,853239750,1065574598,'2013-10-10 13:42:08','2013-10-10 13:42:08'),(8,NULL,853239751,204988261,'2013-10-16 09:52:39','2013-10-16 09:52:39'),(9,NULL,853239751,366328166,'2013-10-16 09:52:39','2013-10-16 09:52:39'),(10,NULL,853239752,204988261,'2013-10-18 13:11:55','2013-10-18 13:11:55'),(11,NULL,853239752,366328166,'2013-10-18 13:11:55','2013-10-18 13:11:55'),(12,NULL,853239753,339900351,'2013-10-21 12:07:35','2013-10-21 12:07:35'),(13,NULL,853239754,339900351,'2013-10-21 12:07:36','2013-10-21 12:07:36'),(14,NULL,853239755,1065574598,'2013-10-21 14:01:16','2013-10-21 14:01:16'),(15,NULL,853239756,212928260,'2013-11-08 15:39:54','2013-11-08 15:39:54'),(16,NULL,853239757,212928260,'2013-11-08 15:41:49','2013-11-08 15:41:49'),(17,NULL,853239758,1065574598,'2013-11-08 16:11:40','2013-11-08 16:11:40'),(18,NULL,853239759,1065574598,'2013-11-11 15:37:51','2013-11-11 15:37:51'),(19,NULL,853239760,1065574598,'2013-11-11 15:37:52','2013-11-11 15:37:52'),(20,NULL,853239761,1065574598,'2013-11-11 16:25:48','2013-11-11 16:25:48'),(21,NULL,853239762,339900351,'2013-11-13 11:45:50','2013-11-13 11:45:50'),(22,NULL,853239763,339900351,'2013-11-13 12:47:02','2013-11-13 12:47:02'),(23,NULL,853239764,445110255,'2013-11-25 16:12:37','2013-11-25 16:12:37'),(24,NULL,853239765,204988261,'2013-12-05 11:45:11','2013-12-05 11:45:11'),(25,NULL,853239765,366328166,'2013-12-05 11:45:11','2013-12-05 11:45:11'),(26,NULL,853239766,204988261,'2013-12-05 12:47:45','2013-12-05 12:47:45'),(27,NULL,853239766,366328166,'2013-12-05 12:47:45','2013-12-05 12:47:45'),(28,NULL,853239767,204988261,'2013-12-05 12:50:36','2013-12-05 12:50:36'),(29,NULL,853239767,366328166,'2013-12-05 12:50:36','2013-12-05 12:50:36'),(30,NULL,853239768,981945732,'2013-12-05 18:36:32','2013-12-05 18:36:32'),(31,NULL,853239769,204988261,'2013-12-12 11:34:21','2013-12-12 11:34:21'),(32,NULL,853239769,366328166,'2013-12-12 11:34:21','2013-12-12 11:34:21'),(33,NULL,853239770,339900351,'2013-12-12 14:41:30','2013-12-12 14:41:30'),(34,NULL,853239771,339900351,'2014-02-04 15:13:46','2014-02-04 15:13:46'),(35,NULL,853239772,981945732,'2014-02-10 12:45:01','2014-02-10 12:45:01'),(36,NULL,853239773,339900351,'2014-02-19 10:48:30','2014-02-19 10:48:30'),(37,NULL,853239774,339900351,'2014-02-20 13:13:59','2014-02-20 13:13:59'),(38,NULL,853239775,339900351,'2014-02-20 13:16:27','2014-02-20 13:16:27'),(39,NULL,853239776,339900351,'2014-02-20 13:19:21','2014-02-20 13:19:21'),(40,NULL,853239777,339900351,'2014-02-20 13:49:03','2014-02-20 13:49:03'),(41,NULL,853239778,339900351,'2014-02-20 13:51:47','2014-02-20 13:51:47');
/*!40000 ALTER TABLE `plans` ENABLE KEYS */;
UNLOCK TABLES;

--
-- Table structure for table `project_groups`
--

DROP TABLE IF EXISTS `project_groups`;
/*!40101 SET @saved_cs_client     = @@character_set_client */;
/*!40101 SET character_set_client = utf8 */;
CREATE TABLE `project_groups` (
  `id` int(11) NOT NULL AUTO_INCREMENT,
  `project_creator` tinyint(1) DEFAULT NULL,
  `project_editor` tinyint(1) DEFAULT NULL,
  `user_id` int(11) DEFAULT NULL,
  `project_id` int(11) DEFAULT NULL,
  `created_at` datetime NOT NULL,
  `updated_at` datetime NOT NULL,
  `project_administrator` tinyint(1) DEFAULT NULL,
  PRIMARY KEY (`id`)
) ENGINE=InnoDB AUTO_INCREMENT=36 DEFAULT CHARSET=utf8 COLLATE=utf8_unicode_ci;
/*!40101 SET character_set_client = @saved_cs_client */;

--
-- Dumping data for table `project_groups`
--

LOCK TABLES `project_groups` WRITE;
/*!40000 ALTER TABLE `project_groups` DISABLE KEYS */;
INSERT INTO `project_groups` VALUES (5,1,1,2,853239750,'2013-10-10 13:42:08','2013-10-10 13:42:08',1),(6,1,1,2,853239751,'2013-10-16 09:52:39','2013-10-16 09:52:39',1),(7,1,1,2,853239752,'2013-10-18 13:11:55','2013-10-18 13:11:55',1),(8,1,1,2,853239753,'2013-10-21 12:07:35','2013-10-21 12:07:35',1),(9,1,1,2,853239754,'2013-10-21 12:07:36','2013-10-21 12:07:36',1),(10,1,1,2,853239755,'2013-10-21 14:01:16','2013-10-21 14:01:16',1),(11,NULL,1,1,853239750,'2013-10-21 15:28:26','2013-10-21 15:31:57',1),(12,NULL,1,3,853239750,'2013-10-21 15:33:02','2013-10-21 15:33:03',NULL),(17,1,1,1,853239760,'2013-11-11 15:37:52','2013-11-11 15:37:52',1),(19,1,1,1,853239762,'2013-11-13 11:45:50','2013-11-13 11:45:50',1),(25,1,1,1,853239768,'2013-12-05 18:36:32','2013-12-05 18:36:32',1),(26,1,1,1,853239769,'2013-12-12 11:34:21','2013-12-12 11:34:21',1),(27,1,1,1,853239770,'2013-12-12 14:41:30','2013-12-12 14:41:30',1),(28,1,1,1,853239771,'2014-02-04 15:13:46','2014-02-04 15:13:46',1),(33,1,1,1,853239776,'2014-02-20 13:19:21','2014-02-20 13:19:21',1),(34,1,1,1,853239777,'2014-02-20 13:49:03','2014-02-20 13:49:03',1),(35,1,1,1,853239778,'2014-02-20 13:51:47','2014-02-20 13:51:47',1);
/*!40000 ALTER TABLE `project_groups` ENABLE KEYS */;
UNLOCK TABLES;

--
-- Table structure for table `project_guidance`
--

DROP TABLE IF EXISTS `project_guidance`;
/*!40101 SET @saved_cs_client     = @@character_set_client */;
/*!40101 SET character_set_client = utf8 */;
CREATE TABLE `project_guidance` (
  `project_id` int(11) NOT NULL,
  `guidance_group_id` int(11) NOT NULL,
  KEY `index_project_guidance_on_project_id_and_guidance_group_id` (`project_id`,`guidance_group_id`)
) ENGINE=InnoDB DEFAULT CHARSET=utf8 COLLATE=utf8_unicode_ci;
/*!40101 SET character_set_client = @saved_cs_client */;

--
-- Dumping data for table `project_guidance`
--

LOCK TABLES `project_guidance` WRITE;
/*!40000 ALTER TABLE `project_guidance` DISABLE KEYS */;
INSERT INTO `project_guidance` VALUES (853239751,480237456),(853239752,480237456);
/*!40000 ALTER TABLE `project_guidance` ENABLE KEYS */;
UNLOCK TABLES;

--
-- Table structure for table `projects`
--

DROP TABLE IF EXISTS `projects`;
/*!40101 SET @saved_cs_client     = @@character_set_client */;
/*!40101 SET character_set_client = utf8 */;
CREATE TABLE `projects` (
  `id` int(11) NOT NULL AUTO_INCREMENT,
  `title` varchar(255) COLLATE utf8_unicode_ci DEFAULT NULL,
  `note` text COLLATE utf8_unicode_ci,
  `locked` tinyint(1) DEFAULT NULL,
  `dmptemplate_id` int(11) DEFAULT NULL,
  `created_at` datetime NOT NULL,
  `updated_at` datetime NOT NULL,
  `slug` varchar(255) COLLATE utf8_unicode_ci DEFAULT NULL,
  `organisation_id` int(11) DEFAULT NULL,
  `grant_number` varchar(255) COLLATE utf8_unicode_ci DEFAULT NULL,
  `identifier` varchar(255) COLLATE utf8_unicode_ci DEFAULT NULL,
  `description` varchar(255) COLLATE utf8_unicode_ci DEFAULT NULL,
  `principal_investigator` varchar(255) COLLATE utf8_unicode_ci DEFAULT NULL,
  `principal_investigator_identifier` varchar(255) COLLATE utf8_unicode_ci DEFAULT NULL,
  `data_contact` varchar(255) COLLATE utf8_unicode_ci DEFAULT NULL,
  PRIMARY KEY (`id`),
  UNIQUE KEY `index_projects_on_slug` (`slug`)
) ENGINE=InnoDB AUTO_INCREMENT=853239779 DEFAULT CHARSET=utf8 COLLATE=utf8_unicode_ci;
/*!40101 SET character_set_client = @saved_cs_client */;

--
-- Dumping data for table `projects`
--

LOCK TABLES `projects` WRITE;
/*!40000 ALTER TABLE `projects` DISABLE KEYS */;
INSERT INTO `projects` VALUES (98326360,'AHRC Template second project',NULL,NULL,934373801,'2013-10-09 15:24:49','2013-10-09 15:24:49',NULL,766049908,NULL,NULL,NULL,NULL,NULL,NULL),(404976053,'AHRC Template project',NULL,NULL,829965731,'2013-10-09 15:24:49','2013-10-09 15:24:49',NULL,766049908,NULL,NULL,NULL,NULL,NULL,NULL),(750776932,'DMP Template project',NULL,NULL,572621299,'2013-10-09 15:24:49','2013-10-09 15:24:49',NULL,720679528,NULL,NULL,NULL,NULL,NULL,NULL),(853239745,'DCC Template project',NULL,NULL,1020170274,'2013-10-09 15:24:49','2013-10-09 15:24:49',NULL,720679528,NULL,NULL,NULL,NULL,NULL,NULL),(853239750,'My project (CRUK Template)',NULL,NULL,233283588,'2013-10-10 13:42:08','2013-10-10 13:42:08','my-project-cruk-template--2',720679528,NULL,NULL,NULL,'gmail',NULL,NULL),(853239751,'My project (NERC Template)',NULL,NULL,145199482,'2013-10-16 09:52:39','2013-10-16 09:52:39','my-project-nerc-template--4',720679528,NULL,NULL,NULL,'gmail',NULL,NULL),(853239752,'My project (NERC Template)',NULL,NULL,145199482,'2013-10-18 13:11:55','2013-10-18 13:11:55','my-project-nerc-template--5',NULL,NULL,NULL,NULL,'gmail',NULL,NULL),(853239753,'My project (AHRC Template)',NULL,NULL,829965731,'2013-10-21 12:07:35','2013-10-21 12:07:35','my-project-ahrc-template',NULL,NULL,NULL,NULL,'gmail',NULL,NULL),(853239754,'My project (AHRC Template)',NULL,NULL,829965731,'2013-10-21 12:07:36','2013-10-21 12:07:36','my-project-ahrc-template--2',NULL,NULL,NULL,NULL,'gmail',NULL,NULL),(853239755,'My project (CRUK Template)',NULL,NULL,233283588,'2013-10-21 14:01:16','2013-10-21 14:01:16','my-project-cruk-template--3',NULL,NULL,NULL,NULL,'gmail',NULL,NULL),(853239760,'My project (CRUK Template)',NULL,NULL,233283588,'2013-11-11 15:37:52','2013-11-11 15:37:52','my-project-cruk-template--6',491834794,NULL,NULL,NULL,'Marta Ribeiro',NULL,NULL),(853239762,'My project (AHRC Template)',NULL,NULL,829965731,'2013-11-13 11:45:50','2013-11-13 11:45:50','my-project-ahrc-template--3',851874071,NULL,NULL,NULL,'Marta Ribeiro',NULL,NULL),(853239768,'My project (DMP Template)',NULL,NULL,1020170274,'2013-12-05 18:36:32','2013-12-05 18:36:32','my-project-dmp-template--2',851874071,NULL,NULL,NULL,'Marta Ribeiro',NULL,NULL),(853239769,'My project (NERC Template)',NULL,NULL,145199482,'2013-12-12 11:34:21','2013-12-12 11:34:21','my-project-nerc-template--9',851874071,NULL,NULL,NULL,'Marta Ribeiro',NULL,NULL),(853239770,'My project (AHRC Template)',NULL,NULL,829965731,'2013-12-12 14:41:30','2013-12-12 14:41:30','my-project-ahrc-template--4',851874071,NULL,NULL,NULL,'Marta M Ribeiro',NULL,NULL),(853239771,'My project (AHRC Template)',NULL,NULL,829965731,'2014-02-04 15:13:46','2014-02-04 15:13:46','my-project-ahrc-template--5',851874071,NULL,NULL,NULL,'Marta M Ribeiro',NULL,NULL),(853239776,'My project (AHRC Template)',NULL,NULL,829965731,'2014-02-20 13:19:21','2014-02-20 13:19:21','my-project-ahrc-template--6',851874071,NULL,NULL,NULL,'Marta M Ribeiro',NULL,NULL),(853239777,'My project (AHRC Template)',NULL,NULL,829965731,'2014-02-20 13:49:03','2014-02-20 13:49:03','my-project-ahrc-template--7',851874071,NULL,NULL,NULL,'Marta M Ribeiro',NULL,NULL),(853239778,'My project (AHRC Template)',NULL,NULL,829965731,'2014-02-20 13:51:47','2014-02-20 13:51:47','my-project-ahrc-template--8',851874071,NULL,NULL,NULL,'Marta M Ribeiro',NULL,NULL);
/*!40000 ALTER TABLE `projects` ENABLE KEYS */;
UNLOCK TABLES;

--
-- Table structure for table `questions`
--

DROP TABLE IF EXISTS `questions`;
/*!40101 SET @saved_cs_client     = @@character_set_client */;
/*!40101 SET character_set_client = utf8 */;
CREATE TABLE `questions` (
  `id` int(11) NOT NULL AUTO_INCREMENT,
  `text` text COLLATE utf8_unicode_ci,
  `question_type` varchar(255) COLLATE utf8_unicode_ci DEFAULT NULL,
  `default_value` text COLLATE utf8_unicode_ci,
  `suggested_answer` text COLLATE utf8_unicode_ci,
  `guidance` text COLLATE utf8_unicode_ci,
  `number` int(11) DEFAULT NULL,
  `parent_id` int(11) DEFAULT NULL,
  `dependency_id` int(11) DEFAULT NULL,
  `dependency_text` text COLLATE utf8_unicode_ci,
  `section_id` int(11) DEFAULT NULL,
  `created_at` datetime NOT NULL,
  `updated_at` datetime NOT NULL,
  `multiple_choice` tinyint(1) DEFAULT NULL,
  `multiple_permitted` tinyint(1) DEFAULT NULL,
  `is_expanded` tinyint(1) DEFAULT NULL,
  `is_text_field` tinyint(1) DEFAULT NULL,
  PRIMARY KEY (`id`)
) ENGINE=InnoDB AUTO_INCREMENT=1049144766 DEFAULT CHARSET=utf8 COLLATE=utf8_unicode_ci;
/*!40101 SET character_set_client = @saved_cs_client */;

--
-- Dumping data for table `questions`
--

LOCK TABLES `questions` WRITE;
/*!40000 ALTER TABLE `questions` DISABLE KEYS */;
INSERT INTO `questions` VALUES (6502681,'Are any restrictions on data sharing required?','Text',NULL,NULL,'<p class=\'guidance_header\'>Questions to consider:</p> <ul> <li>What action will you take to overcome or minimise restrictions?</li> <li>For how long do you need exclusive use of the data and why?</li> <li>Will a data sharing agreement (or equivalent) be required?</li> </ul> <p class=\'guidance_header\'>Guidance:</p> <p>Outline any expected difficulties in sharing data with acknowledged long-term value, along with causes and possible measures to overcome these. Restrictions may be due to confidentiality, lack of consent agreements or IPR, for example. Consider whether a non-disclosure agreement would give sufficient protection for confidential data.</p>',2,NULL,NULL,NULL,176863900,'2013-10-09 15:24:49','2013-10-09 15:24:49',NULL,NULL,NULL,NULL),(9477009,'Specify and justify the length of any proprietary period.',NULL,NULL,NULL,'<p>This might for example refer to the reasonable needs of the research team to have a first opportunity to exploit the results of their research, including any intellectual property arising. Where there are accepted norms within a scientific field or specific archive they should normally be followed. In general, STFC expects that published data should be made publicly available within six months of publication unless justified otherwise.</p>',1,NULL,NULL,NULL,375624041,'2013-10-09 15:24:49','2013-10-09 15:24:49',NULL,NULL,NULL,NULL),(16570631,'Technical Support and Relevant Experience',NULL,NULL,NULL,'',1,NULL,NULL,NULL,310148150,'2013-10-09 15:24:49','2013-10-09 15:24:49',NULL,NULL,NULL,NULL),(20886324,'Technical Methodology: Standards and Formats',NULL,NULL,NULL,'<p>You should provide information about your choice of data and file formats. You must provide any relevant vital statistics relating to the data, such as size, quantity and duration. Although such statistics might need to rely on estimation, you should provide the reasoning behind your calculations. You should give your reasons for using the standards or formats chosen.<p>',1,NULL,NULL,NULL,628837543,'2013-10-09 15:24:49','2013-10-09 15:24:49',NULL,NULL,NULL,NULL),(22213050,'Specify how data will be shared',NULL,NULL,NULL,'<p>The minimum level of data sharing expected would be that of making the data available in the natural format in which they were created, along with documentation and metadata, according to the standard accepted procedures within the scientific field. Where the data are likely to be in great demand by others it may be appropriate to request resources for a more proactive approach to data sharing, which maximises opportunities for cross linkage with other sectors.</p>',1,NULL,NULL,NULL,560243188,'2013-10-09 15:24:49','2013-10-09 15:24:49',NULL,NULL,NULL,NULL),(26023761,'How will you manage access and security?','Text',NULL,NULL,'<p class=\'guidance_header\'>Questions to consider:</p> <ul> <li>What are the risks to data security and how will these be managed?</li> <li>How will you control access to keep the data secure?</li> <li>How will you ensure that collaborators can access your data securely?</li> <li>If creating or collecting data in the field how will you ensure its safe transfer into your main secured systems?</li> </ul> <p class=\'guidance_header\'>Guidance: </p> <p>If your data is confidential (e.g. personal data not already in the public domain, confidential information or trade secrets), you should outline any appropriate security measures and note any formal standards that you will comply with e.g. ISO 27001.&quot;</p>',2,NULL,NULL,NULL,374807699,'2013-10-09 15:24:49','2013-10-09 15:24:49',NULL,NULL,NULL,NULL),(36495022,'Governance of access',NULL,NULL,NULL,'<p>Identify who makes or will make the decision on whether to supply research data to a potential new user.</p><p>For population health and patient-based research, indicate how independent oversight of data access and sharing works (or will work) in compliance with MRC policy.</p><p>Indicate whether the research data will be deposited in and available from an identified community database, repository, archive or other infrastructure established to curate and share data.</p>',4,NULL,NULL,NULL,129489976,'2013-10-09 15:24:49','2013-10-09 15:24:49',NULL,NULL,NULL,NULL),(47588824,'Specify and justify which data will have value to others and should be shared.',NULL,NULL,NULL,'<p>Any data that are shared should be of a sufficiently high quality to be of value to other researchers. In general, published data – data that are displayed or otherwise referred to in a publication – should be made publicly available, but it is for applicants to consider and justify which types of data will, in the context of their project, meaningfully and practically constitute published data. Publicly available means available to anyone, but there may be a requirement for registration to enable tracking of data use and to provide notification of terms and conditions of use where they apply. Other data should be made available wherever it is appropriate and cost-effective to do so, taking into account the cost of curation compared with the cost or feasibility of re-creation, the potential long-term demand for the data and the feasibility of their reuse by others.</p>',1,NULL,NULL,NULL,258654429,'2013-10-09 15:24:49','2013-10-09 15:24:49',NULL,NULL,NULL,NULL),(51662819,'Specify for how long the data will be preserved.',NULL,NULL,NULL,'<p>This may depend on the type of data. Where possible, STFC expects the original data, from which other related data can in principle be derived, to be retained for a minimum of 10 years from the end of the project. For data that by their nature cannot be re-measured, efforts should be made to retain them indefinitely.</p>',1,NULL,NULL,NULL,946729036,'2013-10-09 15:24:49','2013-10-09 15:24:49',NULL,NULL,NULL,NULL),(58199405,'Summary of Digital Outputs and Digital Technologies',NULL,NULL,NULL,'<p>You should provide a brief and clear description of the digital output or digital technology being proposed, considering the following aspects: purpose, source data, content, functionality, use and its relationship to the research questions. You should identify the type of access envisaged, if applicable, such as \'freely available online\'.</p><p>The summary should provide clear overview of what you intend to achieve technically, to enable reviewers to assess whether the plans for achieving this are appropriate. You should provide a level of detail which is appropriate to the digital output or digital technology being proposed and its cost and status within the project.</p>',1,NULL,NULL,NULL,1014111519,'2013-10-09 15:24:49','2013-10-09 15:24:49',NULL,NULL,NULL,NULL),(77640392,'Hardcopy Records',NULL,NULL,'<table><tr> <th>Dataset Name</th> <th>Contact</th> <th>Data Volume</th> <th>Data Format</th> <th>Issues</th> <th>Delivery Date</th> <th>Preservation Plan</th> </tr><tr> <td></td> <td></td> <td></td> <td></td> <td><em>Any issues with the data, e.g. legal, access, retention, etc.</em></td> <td><em>Date expect to receive data</em></td> <td><em>e.g. Keep indefinitely, Do not keep, etc.</em></td> </table>','<p>Enter a brief description of the activities that will produce the data.</p>',2,NULL,NULL,NULL,1407227,'2013-10-09 15:24:49','2013-10-09 15:24:49',NULL,NULL,NULL,NULL),(95670146,'Preserving Your Data',NULL,NULL,NULL,'<p>Preservation of digital outputs is necessary in order for them to endure changes in the technological environment and remain potentially re-usable in the future. In this section you must state what, if any, digital outputs of your project you intend to preserve beyond the period of funding.</p><p>The length and cost of preservation should be proportionate to the value and significance of the digital outputs. If you believe that none of these should be preserved this must be justified, and if the case is a good one the application will not be prejudiced.</p><p>You must consider preservation in four ways: what, where, how and for how long. You must also consider any institutional support needed in order to carry out these plans, whether from an individual, facility, organisation or service.</p><p>You should think about the possibilities for re-use of your data in other contexts and by other users, and connect this as appropriate with your plans for dissemination and Pathways to Impact.Where there is potential for re-usability, you should use standards and formats that facilitate this.</p><p>The Technical Reviewer will be looking for evidence that you understand the reasons for the choice of technical standards and formats described in Section 2.a Technical Methodology: Standards and Formats.</p><p>You should describe the types of documentation which will accompany the data. Documentation in this sense means technical documentation as well as user documentation. It includes, for instance, technical description, code commenting, project-build guidelines, the documentation of technical decisions and resource metadata which is additional to the standards which you have described in Section 2.a. Not all types of documentation will be relevant to a project and the quantity of documentation proposed should be proportionate to the envisaged value of the data.</p>',1,NULL,NULL,NULL,202959249,'2013-10-09 15:24:49','2013-10-09 15:24:49',NULL,NULL,NULL,NULL),(98536716,'Specify the types of data the research will generate.',NULL,NULL,NULL,'<p>Data management plans should describe the types of data that are expected to be produced from the project, including the raw data arising directly from the research, the reduced data derived from it, and published data.</p>',1,NULL,NULL,NULL,134677700,'2013-10-09 15:24:49','2013-10-09 15:24:49',NULL,NULL,NULL,NULL),(101249380,'Related Policies:','Text',NULL,NULL,'<p class=\'guidance_header\'>Questions to consider:</p> <ul> <li>Are there any existing procedures that you will base your approach on?</li> <li>Does your department/group have data management guidelines?</li> <li>Does your institution have a data protection or security policy that you will follow? - Does your institution have a Research Data Management (RDM) policy?</li> <li>Does your funder have a Research Data Management policy?</li> <li>Are there any formal standards that you will adopt?</li> </ul> <p class=\'guidance_header\'>Guidance:</p> <p>List any other relevant funder, institutional, departmental or group policies on data management, data sharing and data security. Some of the information you give in the remainder of the DMP will be determined by the content of other policies. If so, point/link to them here.</p>',1,NULL,NULL,NULL,958766736,'2013-10-09 15:24:49','2013-10-09 15:24:49',NULL,NULL,NULL,NULL),(106649958,'Specify the software and metadata implications.',NULL,NULL,NULL,'<p>The data management plan should specify the software and metadata that will be retained to enable the data to be read and interpreted.</p>',1,NULL,NULL,NULL,638150123,'2013-10-09 15:24:49','2013-10-09 15:24:49',NULL,NULL,NULL,NULL),(115649166,'How will you share the data?','Text',NULL,NULL,'<p class=\'guidance_header\'>Questions to consider:</p> <ul> <li>How will potential users find out about your data?</li> <li>With whom will you share the data, and under what conditions?</li> <li>Will you share data via a repository, handle requests directly or use another mechanism?</li> <li>When will you make the data available?</li> <li>Will you pursue getting a persistent identifier for your data?</li> </ul> <p class=\'guidance_header\'>Guidance:</p> <p>Consider where, how, and to whom data with acknowledged long-term value should be made available. The methods used to share data will be dependent on a number of factors such as the type, size, complexity and sensitivity of data. If possible, mention earlier examples to show a track record of effective data sharing. Consider how people might acknowledge the reuse of your data.</p>',1,NULL,NULL,NULL,176863900,'2013-10-09 15:24:49','2013-10-09 15:24:49',NULL,NULL,NULL,NULL),(117508712,'What resources will you require to deliver your plan?','Text',NULL,NULL,'<p class=\'guidance_header\'>Questions to consider:</p> <ul> <li>Is additional specialist expertise (or training for existing staff) required?</li> <li>Do you require hardware or software which is additional or exceptional to existing institutional provision?</li> <li>Will charges be applied by data repositories?</li> </ul> <p class=\'guidance_header\'>Guidance:</p> <p>Carefully consider any resources needed to deliver the plan, e.g. software, hardware, technical expertise, etc. Where dedicated resources are needed, these should be outlined and justified.</p>',2,NULL,NULL,NULL,887641744,'2013-10-09 15:24:49','2013-10-09 15:24:49',NULL,NULL,NULL,NULL),(127480661,'Specify which data will be preserved and how.',NULL,NULL,NULL,'<p>Unless there are compelling reasons not to do so, STFC expects data to be managed through an established repository, chosen to maximise the scientific value from aggregation of related data. This may be at the grant holder\'s institution or elsewhere. Data management plans may refer to the general policies of the chosen repository and only include further details if necessary to the specific project. (If it is proposed not to use an established repository, the data management plan will need to demonstrate that resources and systems will be in place to enable the data to be curated effectively beyond the lifetime of the grant, although STFC recognises that applicants may not have the expertise to describe in detail how data will be curated).</p>',1,NULL,NULL,NULL,286152064,'2013-10-09 15:24:49','2013-10-09 15:24:49',NULL,NULL,NULL,NULL),(168736391,'Specify and justify any resources required to preserve and share the data.',NULL,NULL,NULL,'<p>Wherever possible, data management should make use of existing skills and capabilities. However, justification should be made for any additional specialist staff (or training for existing staff) needed within the grant to enable the research team to manage, preserve and share data effectively; and for any computational facilities needed to manage, store and share the data generated by the research.</p>',1,NULL,NULL,NULL,836484193,'2013-10-09 15:24:49','2013-10-09 15:24:49',NULL,NULL,NULL,NULL),(191990087,'Data Centre Contact',NULL,NULL,NULL,NULL,2,NULL,NULL,NULL,969523294,'2013-10-09 15:24:49','2013-10-09 15:24:49',NULL,NULL,NULL,NULL),(198124613,'How will the data be collected or created?','Text',NULL,NULL,'<p class=\'guidance_header\'>Questions to consider:</p> <ul> <li>What standards or methodologies will you use?</li> <li>How will you structure and name your folders and files?</li> <li>How will you handle versioning?</li> <li>What quality assurance processes will you adopt?</li> </ul> <p class=\'guidance_header\'>Guidance:</p> <p>Outline how the data will be collected/created and which community data standards (if any) will be used. Consider how the data will be organised during the project, mentioning for example naming conventions, version control and folder structures. Explain how the consistency and quality of data collection will be controlled and documented. This may include processes such as calibration, repeat samples or measurements, standardised data capture or recording, data entry validation, peer review of data or representation with controlled vocabularies.</p>',2,NULL,NULL,NULL,863526891,'2013-10-09 15:24:49','2013-10-09 15:24:49',NULL,NULL,NULL,NULL),(229337438,'How will the data be stored and backed up during the research?','Text',NULL,NULL,'<p class=\'guidance_header\'>Questions to consider:</p> <ul> <li>Do you have sufficient storage or will you need to include charges for additional services?</li> <li>How will the data be backed up?</li> <li>Who will be responsible for backup and recovery?</li> <li>How will the data be recovered in the event of an incident?</li> </ul> <p class=\'guidance_header\'>Guidance: </p> <p>State how often the data will be backed up and to which locations. How many copies are being made? Storing data on laptops, computer hard drives or external storage devices alone is very risky. The use of robust, managed storage provided by university IT teams is preferable. Similarly, it is normally better to use automatic backup services provided by IT Services than rely on manual processes. If you choose to use a third-party service, you should ensure that this does not conflict with any funder, institutional, departmental or group policies, for example in terms of the legal jurisdiction in which data are held or the protection of sensitive data.</p>',1,NULL,NULL,NULL,374807699,'2013-10-09 15:24:49','2013-10-09 15:24:49',NULL,NULL,NULL,NULL),(239234818,'What documentation and metadata will acompany the data?','Text',NULL,NULL,'<p class=\'guidance_header\'>Questions to consider:</p> <ul> <li>What information is needed for the data to be to be read and interpreted in the future?</li> <li>How will you capture / create this documentation and metadata?</li> <li>What metadata standards will you use and why?</li> </ul> <p class=\'guidance_header\'>Guidance:</p> <p>Describe the types of documentation that will accompany the data to help secondary users to understand and reuse it. This should at least include basic details that will help people to find the data, including who created or contributed to the data, its title, date of creation and under what conditions it can be accessed.</p> <p>Documentation may also include details on the methodology used, analytical and procedural information, definitions of variables, vocabularies, units of measurement, any assumptions made, and the format and file type of the data. Consider how you will capture this information and where it will be recorded. Wherever possible you should identify and use existing community standards.</p>',1,NULL,NULL,NULL,697523754,'2013-10-09 15:24:49','2013-10-09 15:24:49',NULL,NULL,NULL,NULL),(245568722,'Methodologies for data collection',NULL,NULL,NULL,'<p>Give a brief description of new data which you envisage creating. This information should include how the data will be collected (in line with the proposed research methods), their format (e.g. SPSS, Open Document Format, tab-delimited format, MS Excel), and how they will be documented.</p> <p>Using standardised and interchangeable or open lossless data formats ensures the long-term usability of data. Clear and detailed data descriptions and annotation, together with user-friendly accompanying documentation on methods and contextual information, makes data easy to understand and interpret and therefore shareable and with long-lasting usability.</p> <ul>    <li><a target=\'_blank\' href=\'http://ukdataservice.ac.uk/manage-data/format.aspx\'>Guidance on data formats</a></li>    <li><a target=\'_blank\' href=\'http://ukdataservice.ac.uk/manage-data/document.aspx\'>Guidance on documenting data</a></li> </ul>',3,NULL,NULL,NULL,702195744,'2013-10-09 15:24:49','2013-10-09 15:24:49',NULL,NULL,NULL,NULL),(257239034,'Data Description',NULL,NULL,NULL,'<p>1-2 sentences describing the data.</p>',2,NULL,NULL,NULL,360783662,'2013-10-09 15:24:49','2013-10-09 15:24:49',NULL,NULL,NULL,NULL),(269600726,'What is the long-term preservation plan for the dataset?','Text',NULL,NULL,'<p class=\'guidance_header\'>Questions to consider:</p> <ul> <li>Where e.g. in which repository or archive will the data be held?</li> <li>What costs if any will your selected data repository or archive charge?</li> <li>Have you costed in time and effort to prepare the data for sharing / preservation?</li> </ul> <p class=\'guidance_header\'>Guidance: </p> <p>Consider how datasets that have long-term value will be preserved and curated beyond the lifetime of the grant. Also outline the plans for preparing and documenting data for sharing and archiving. If you do not propose to use an established repository, the data management plan should demonstrate that resources and systems will be in place to enable the data to be curated effectively beyond the lifetime of the grant.</p>',2,NULL,NULL,NULL,343774255,'2013-10-09 15:24:49','2013-10-09 15:24:49',NULL,NULL,NULL,NULL),(272524966,'Roles and Responsibilities',NULL,NULL,NULL,'<p>For example: who is responsible for obtaining 3rd party data, for capturing data in the field, producing metadata, transferring metadata and data to DDC.</p>',1,NULL,NULL,NULL,549491174,'2013-10-09 15:24:49','2013-10-09 15:24:49',NULL,NULL,NULL,NULL),(301730965,'Data Generation Activities',NULL,NULL,NULL,'<p>Short description of the what, how much, when and how etc.</p>',1,NULL,NULL,NULL,398958965,'2013-10-09 15:24:49','2013-10-09 15:24:49',NULL,NULL,NULL,NULL),(309909759,'Nominated Data Centre',NULL,NULL,NULL,NULL,1,NULL,NULL,NULL,969523294,'2013-10-09 15:24:49','2013-10-09 15:24:49',NULL,NULL,NULL,NULL),(347281944,'In-Project Data Management Approach',NULL,NULL,NULL,'<p>Statement about how the data will be managed within the project, including backup & security.</p>',1,NULL,NULL,NULL,161690834,'2013-10-09 15:24:49','2013-10-09 15:24:49',NULL,NULL,NULL,NULL),(359755811,'Metadata and Documentation',NULL,NULL,NULL,'<p>Insert statement about how metadata will be supplied and standards to which it will adhere.</p>',1,NULL,NULL,NULL,1050936391,'2013-10-09 15:24:49','2013-10-09 15:24:49',NULL,NULL,NULL,NULL),(366518832,'Data management procedures to be followed during the lifetime of the grant or fellowship',NULL,NULL,NULL,'<p>Consider issues like:<ul><li>metadata: will you document discovery (what, where, when, why, who) and descriptive (how collected, how processed, how stored, how linked) metadata and implement the NERC Discovery Metadata Standard (http://data-search.nerc.ac.uk/documents/metadatastandard_v1.0.pdf) early in the project?</li><li>data storage: have you access to enough storage and backup? Will you need specialist help with database design?</li><li>data quality: will there be an earmarked data manager within the team, what data quality checks will be used, will student data be integrated in the data plan?</li><li>ethical and access issues: are there special data security or licensing issues and how will you address these?</li></ul></p>',1,NULL,NULL,NULL,999259655,'2013-10-09 15:24:49','2013-10-09 15:24:49',NULL,NULL,NULL,NULL),(373398488,'Format of the final dataset',NULL,NULL,NULL,'',1,NULL,NULL,NULL,613241498,'2013-10-09 15:24:49','2013-10-09 15:24:49',NULL,NULL,NULL,NULL),(375158342,'Data Centre',NULL,NULL,NULL,'<p>The most appropriate NERC Data Centre – projects can contribute to more than one Data Centre.</p>',1,NULL,NULL,NULL,360783662,'2013-10-09 15:24:49','2013-10-09 15:24:49',NULL,NULL,NULL,NULL),(385197137,'Exceptions or Additional Services',NULL,NULL,NULL,'<p>Any exceptional expectations of Data Centres (for example exceptional size or complexity) - funding for which should be included within the project\'s Directly Incurred costs and explained within the Justification of Resources attachment.</p>',1,NULL,NULL,NULL,279602542,'2013-10-09 15:24:49','2013-10-09 15:24:49',NULL,NULL,NULL,NULL),(389533306,'Data Quality',NULL,NULL,NULL,'<p>List procedures for quality control of data.</p>',1,NULL,NULL,NULL,665671167,'2013-10-09 15:24:49','2013-10-09 15:24:49',NULL,NULL,NULL,NULL),(396237943,'Existing datasets to be used by the grant or fellowship',NULL,NULL,NULL,'<p>Comment on any restrictions on reuse.</p>',1,NULL,NULL,NULL,579219391,'2013-10-09 15:24:49','2013-10-09 15:24:49',NULL,NULL,NULL,NULL),(406315656,'Technical Methodology: Hardware and Software',NULL,NULL,NULL,'<p>You should provide information about and the rationale for any hardware or software which will be used to support the project’s research methodology, which is additional or exceptional to conventional desk-based research and institutional provision. They should be included in the Justification of Resources and cross-referenced if there is an associated budget line. Where necessary you should produce additional justification of the use of such items.</p><p>You must write ‘Not applicable’ if this section is not relevant to the type of digital output or digital technology proposed.</p>',2,NULL,NULL,NULL,628837543,'2013-10-09 15:24:49','2013-10-09 15:24:49',NULL,NULL,NULL,NULL),(415578047,'Data preservation strategy and standards',NULL,NULL,NULL,'<p>Plans and place for long-term storage, preservation and planned retention period for the research data. Formal preservation standards, if any. Indicate which data may not be retained (if any).</p>',3,NULL,NULL,NULL,785676548,'2013-10-09 15:24:49','2013-10-09 15:24:49',NULL,NULL,NULL,NULL),(428908635,'Data areas and data types - the volume, type and content of data that will be generated e.g. experimental measurements, models, records and images',NULL,NULL,NULL,'<p>BBSRC recognises that effective data sharing is already practiced in certain areas and expects this to continue. BBSRC supports, either directly or indirectly, a number of such resources. Data sharing in other areas is also expected where there is a strong scientific case and where it is cost effective.</p><p>BBSRC has identified a number of areas where there is a particularly strong scientific case for data sharing. These are:<ul><li>Data arising from high volume experimentation</li><li>Low throughput data arising from long time series or cumulative approaches</li><li>Models generated using systems approaches</li></ul>BBSRC expects data sharing to take place in these areas.</p>',1,NULL,NULL,NULL,491907637,'2013-10-09 15:24:49','2013-10-09 15:24:49',NULL,NULL,NULL,NULL),(437548089,'Relationship to other data available in public repositories',NULL,NULL,NULL,'',1,NULL,NULL,NULL,861899552,'2013-10-09 15:24:49','2013-10-09 15:24:49',NULL,NULL,NULL,NULL),(455446298,'Regulation of responsibilities of users',NULL,NULL,NULL,'<p>Indicate whether external users are (will be) bound by data sharing agreements, setting out their main responsibilities.</p>',7,NULL,NULL,NULL,129489976,'2013-10-09 15:24:49','2013-10-09 15:24:49',NULL,NULL,NULL,NULL),(457302997,'Format and scale of the data',NULL,NULL,NULL,'<p>File formats, software used, number of records, databases, sweeps, repetitions,… (in terms that are meaningful in your field of research). Do formats and software enable sharing and long-term validity of data?</p>',1,NULL,NULL,NULL,14293039,'2013-10-09 15:24:49','2013-10-09 15:24:49',NULL,NULL,NULL,NULL),(467017218,'Standards and metadata - the standards and methodologies that will be adopted for data collection and management, and why these have been selected',NULL,NULL,NULL,'<p>Standards are fundamental to effective data sharing. These can include standards for administrative processes, as well as for methodologies relating to data management and data formats. Researchers are expected to make use of current guidance and information on best practice.</p><p>It is expected that, in order to maximise the potential for re-use of data, BBSRC researchers should generate and manage data using existing widely accepted formats and methodologies where available. Data released for sharing should be validated and verified in line with accepted best practice and be of high quality. Data should be accompanied by the contextual information or documentation (metadata) needed to provide a secondary user with any necessary details on the origin or manipulation of the data in order to prevent any misuse, misinterpretation or confusion. Where standards for metadata exist, it is expected that these should be adhered to.</p><p>BBSRC encourages community development of standards where these do not currently exist or are not widely accepted and provides funding mechanisms for support of this type of activity.</p>',1,NULL,NULL,NULL,72924041,'2013-10-09 15:24:49','2013-10-09 15:24:49',NULL,NULL,NULL,NULL),(474499857,'Discovery by potential users of the research data',NULL,NULL,NULL,'<p>Indicate how potential new users can find out about your data and identify whether they could be suitable for their research purposes, e.g. through summary information (metadata) being readily available on the study website, in the MRC gateway for population and patient research data, or in other databases or catalogues. Indicate whether your policy or approach to data sharing is (or will be) published on your study website (or by other means).</p>',3,NULL,NULL,NULL,129489976,'2013-10-09 15:24:49','2013-10-09 15:24:49',NULL,NULL,NULL,NULL),(476809543,'Third Party/Existing Datasets',NULL,NULL,'<table><tr> <th>Dataset Name</th> <th>Contact</th> <th>Location</th> <th>Contents</th> <th>Estimated Size</th> <th>Responsibility</th> <th>Licence Issues</th> <th>Comments</th> </tr><tr> <td></td> <td><em>Name of contact for dataset</em></td> <td><em>Where is it stored</em></td> <td><em>Brief description</em></td> <td></td> <td><em>Who is responsible for sourcing the dataset</em></td> <td></td> <td><em>Any additional information (e.g. licence or use restrictions?)</em></td> </tr></table>',NULL,1,NULL,NULL,NULL,923945068,'2013-10-09 15:24:49','2013-10-09 15:24:49',NULL,NULL,NULL,NULL),(481992250,'Ensuring Continued Accessibility and Use of Your Digital Outputs',NULL,NULL,NULL,'<p>In this section you must provide information about any plans for ensuring that digital outputs remain sustainable in the sense of immediately accessible and usable beyond the period of funding. There are costs to ensuring sustainability in this sense over and above the costs of preservation. The project\'s sustainability plan should therefore be proportionate to the envisaged longer-term value of the data for the research community and should be closely related to your plans for dissemination and Pathways to Impact.</p><p>If you believe that digital outputs should not be sustained beyond the period of funding then this should be justified. It is not mandatory to sustain all digital outputs. While you should consider the long-term value of the digital outputs to the research community, where they are purely ancillary to a project’s research outputs there may not be a case for sustaining them (though there would usually be a case for preservation).</p><p>You must consider the sustainability of your digital outputs in five ways: what, where, how, for how long, and how the cost will be covered. You must make appropriate provision for user consultation and user testing in this connection, and plan the development of suitable user documentation.</p><p>You should provide justification if you do not envisage open, public access. A case can be made for charging for or otherwise limiting access, but the default expectation is that access will be open. The Technical Reviewer will be looking for realistic commitments to sustaining public access in line with affordability and the longer-term value of the digital output.</p><p>You must consider any institutional support needed in order to carry out these plans, if not covered under Section 3, as well as the cost of keeping the digital output publicly available in the future, including issues relating to maintenance, infrastructure and upgrade (such as the need to modify aspects of a web interface or software application in order to account for changes in the technological environment). In order to minimise sustainability costs, it is generally useful that the expertise involved in the development of your project is supported by expertise in your own or a partner institution.</p><p>A sustainability plan does not necessarily mean a requirement to generate income or prevent resources from being freely available. Rather it is a requirement to consider the direct costs and expertise of maintaining digital outputs for continued access. Some applicants might be able to demonstrate that there will be no significant sustainability problems with their digital output; in some cases the university’s computing services or library might provide a firm commitment to sustaining the resource for a specified period; others might see the benefit of Open Source community development models. You should provide reassurances of sustainability which are proportionate to the envisaged longer-term value of the digital outputs for the research community.</p><p>When completing this section, you should consider the potential impact of the data on research in your field (if research in the discipline will be improved through the creation of the digital output, how will it be affected if the resource then disappears?), and make the necessary connections with your Impact Plan. You must factor in the effects of any IP, copyright and ethical issues during the period in which the digital output will be publicly accessible, connecting what you say with the relevant part of your Case for Support.</p><p>You must identify whether or not you envisage the academic content (as distinct from the technology) of the digital output being extended or updated beyond the period of funding, addressing the following issues: how this will be done, by who and at what cost. You will need to show how the cost of this will be sustained after the period of funding ends.</p>',2,NULL,NULL,NULL,202959249,'2013-10-09 15:24:49','2013-10-09 15:24:49',NULL,NULL,NULL,NULL),(484423390,'Proprietary data - any restrictions on data sharing due to the need to protect proprietary or patentable data',NULL,NULL,NULL,'<p>In instances where BBSRC and a commercial partner jointly fund academic research work (for example LINK projects) there may be some restrictions over releasing data. Any such restrictions on data sharing due to co-funding arrangements should be set out in the “statement on data sharing” section of an application and will be considered when a grant application is peer reviewed. Applicants should also ensure they have obtained necessary clearances from relevant collaborators with regards to the content of the proposal including the data sharing plan in line with the BBSRC Research Grants Guide.</p>',1,NULL,NULL,NULL,53837712,'2013-10-09 15:24:49','2013-10-09 15:24:49',NULL,NULL,NULL,NULL),(488496365,'Timeframes - timescales for public release of data',NULL,NULL,NULL,'<p>The value of data often depends on timeliness. Researchers have a legitimate interest in benefiting from their own time and effort in producing data, but not in prolonged exclusive use of these data. BBSRC expects that all data (with accompanying metadata) should be shared in a timely fashion as soon as it is verified. It is expected that timely release would generally be no later than the release through publication of the main findings and should be in-line with established best practice in the field. Where best practices does not exist release within three years of generation of the dataset is suggested as a guide. </p><p>The timescale for release for the data may differ for several reasons, depending on the nature of the data. These reasons may include: <ul><li><strong>Scientific Area:</strong> Researchers are expected to make data available in-line with established practices within the relevant research community. Examples include: <ul><li>Crystallography (Protein Data Bank) - the community has agreed a maximum 12-month delay between publishing the first paper on a structure and making coordinates public for secondary use. </li><li>Sequencing (EMBL Nucleotide Sequence database) – submitted data can be withheld from public access until publication of results but no later. </li><li>Metabolomics (MeT-RO) – Up to a six-month delay in publication can be requested. </li><li>Arabidopsis microarray data (NASC Affymetrix service) – all data are made available after a maximum one-year confidential period. </li></ul></li><li><strong>Intellectual Property (IP) issues and potential for commercialisation of research outputs:</strong> New knowledge generates patentable ideas. BBSRC is also driving a policy of Knowledge Transfer and strongly encourages the commercialisation of IP through various initiatives. BBSRC recognises the need for periods of exclusive use of data but considers that commercialisation of research does not preclude data sharing and should not unduly delay or prevent data sharing. Any IP issues or plans for commercialisation should be highlighted in the case for support of the grant application. </li><li><strong>Length or scope of research project:</strong> Data from large studies may be released in waves as they become available or as they are published.</li></ul></p>',1,NULL,NULL,NULL,875712263,'2013-10-09 15:24:49','2013-10-09 15:24:49',NULL,NULL,NULL,NULL),(497673076,'Digital Information',NULL,NULL,'<table><tr> <th>Dataset Description</th> <th>Contact Dataset</th> <th>Data Volume</th> <th>Data Format</th> <th>Issues</th> <th>Delivery Date</th> <th>Embargo Date</th> <th>Reuse Scenario</th> <th>Preservation Plan</th> </tr><tr> <td></td> <td></td> <td></td> <td></td> <td><em>Any issues with the data, e.g. legal, access, retention, etc.</em></td> <td><em>Date expect to receive data</em></td> <td><em>No more than two years after delivery</em></td> <td></td> <td><em>e.g. Keep indefinitely, Do not keep, etc. including destination data centre (if not owning data centre)</em></td> </tr></table>','<p>Enter a brief description of the activities that will produce the data.</p>',1,NULL,NULL,NULL,1407227,'2013-10-09 15:24:49','2013-10-09 15:24:49',NULL,NULL,NULL,NULL),(513345671,'Methods for data sharing - planned mechanisms for making these data available, e.g. through deposition in existing public databases or on request, including access mechanisms where appropriate',NULL,NULL,NULL,'<p>BBSRC recognises that different approaches to data sharing will be required in different situations and considers that it is most appropriate for researchers to determine their own strategies for data sharing and outline these within their research grant proposal(s). Applicants should consider where, how, and to whom their data should be made available.</p><p>In addition, data sharing practices will change as areas of research develop and become more mature. This can be observed by looking at the areas of sequencing (i.e. well established mechanisms in place), microarrays (i.e. standards developed and being implemented) and systems biology (i.e. databases currently not well developed). Consideration should be given to what constitutes good practice in emerging areas of research.</p><p>It is expected that data sharing strategies will fall into the two broad categories below.</p><p class=\'guidance_header\'>Data Sharing via a 3rd Party</p><p>Data sharing via deposition in an existing database, repository or other community resource is expected where possible and researchers are encouraged to share data through mechanisms affording the widest availability for generating added value and enabling re-use.</p><p>Researchers are encouraged to use existing infrastructure to facilitate data sharing where possible. BBSRC funds or otherwise supports a number of such resources. Where no such resources exist, applicants may consider sharing data via other third party mechanisms such as journal websites and / or open access repositories, many of which are now able to capture and share data underpinning publications.</p><p class=\'guidance_header\'>Direct Data Sharing: from Originator to Others</p><p>This method of data sharing may be appropriate for areas where suitable third party mechanisms are not available. Researchers are expected to ensure that data are maintained for a period of 10 years after the completion of the research project in suitable accessible formats using established standards where possible such that the data can be made available on request in line with BBSRC guidance on good scientific practice. This may lead to collaboration between the new user and the original data creators, with the responsibilities and rights of all parties agreed at the outset.</p><p>Other mechanisms for data sharing may be used where appropriate. These could include sharing data within closed communities or a combination of methods for different datasets. Specific access mechanisms could be appropriate for example where there are ethical considerations, a need to protect confidential data, or other reasons for limiting access.</p>',1,NULL,NULL,NULL,440151596,'2013-10-09 15:24:49','2013-10-09 15:24:49',NULL,NULL,NULL,NULL),(526082740,'Secondary use - further intended and/or foreseeable research uses for the completed dataset(s)',NULL,NULL,NULL,'<p>BBSRC supports the view that those enabling sharing should receive full and appropriate recognition by funders, their academic institutions and new users for promoting secondary research.</p><p>Where data are shared through a third party resource or databases, secondary users should acknowledge the source of data. Where data are shared directly from the originator, depending on the level of usage and collaboration either joint authorship or acknowledgement to the data originator may be appropriate. It is also important to ensure that researchers and their research institutions are protected against claims that application of their data led to wrong conclusions/decisions by others: any use made of any data generated by third parties would not come with a warranty of its quality.</p><p>Furthermore, BBSRC expects that researchers accessing data have responsibilities to preserve data confidentiality and to observe the ethical and legal obligations pertaining to the data.</p>',1,NULL,NULL,NULL,758849215,'2013-10-09 15:24:49','2013-10-09 15:24:49',NULL,NULL,NULL,NULL),(538510564,'Are any limits to data sharing required - for example, to either safeguard research participants or to gain appropriate intellectual property protection?',NULL,NULL,NULL,'<p>For some research, delays or limits on data sharing may be necessary and appropriate to safeguard research participants or to ensure intellectual property protection is gained. Any such restrictions should, however, be minimised as far as feasible and set out clearly in data management and sharing plans where these are required. </p><p class=\'guidance_header\'>Safeguarding Research Participants </p><p>For research involving samples or information pertaining to human subjects, data must be managed and shared in a way which is fully consistent with the terms of the consent under which samples and data were provided by the research participants. </p><p>For prospective studies, consent procedures should include provision for data sharing in a way that maximises the value of the data for wider research use, while providing adequate safeguards for participants. As part of the consent process, proposed procedures for data sharing should be set out clearly and current and potential future risks associated with this explained to research participants. </p><p>In designing studies, researchers must ensure that they have appropriate systems to protect the confidentiality and security of data pertaining to human subjects, and minimise any risks of identification by data users. This can be achieved through the use of appropriate anonymisation procedures and managed access processes. Such systems should be sufficient to safeguard participants, but proportionate to the level of sensitivity of the data and associated risk. They should not unduly inhibit responsible data sharing for legitimate research uses. </p><p class=\'guidance_header\'>Intellectual Property </p><p>In line with our policy on intellectual property and patenting, we expect our funded researchers to ensure that any intellectual property in the outputs of their research is suitably protected and managed in a way that best enables the use of that knowledge for ultimate health benefit. </p><p>Delays or restrictions on data sharing may be appropriate to gain intellectual property protection or to further development of a technology for public benefit. As noted above, any such limits should be minimised as far as is feasible.</p>',1,NULL,NULL,NULL,326868957,'2013-10-09 15:24:49','2013-10-09 15:24:49',NULL,NULL,NULL,NULL),(542607712,'Any reasons why there may be restrictions on data sharing?',NULL,NULL,NULL,'<p>Data which might have the potential to be exploited commercially or otherwise to deliver patient benefit should be discussed with your technology transfer office and Cancer Research Technology prior to data sharing. Cancer Research UK encourages the appropriate filing of patents and recognises that there may be a need to delay the release of data until patent applications have been filed. Whilst there may be a delay in the release of data due to the application process, appropriate intellectual property protection should not hinder data sharing and may be the best way of ensuring that patient (and public) benefit is delivered. Any intellectual property issues or plans for commercialisation that may affect data sharing should be addressed in the data sharing plan. Cancer Research UK understands that unexpected intellectual property may arise during the course of the study and investigators may need to depart from their data sharing plan to protect intellectual property and for any other necessary steps to be taken. Data sharing may also be affected when co-funding is provided by the private sector (e.g. by a pharmaceutical company) or host institution resulting in some restrictions on the disclosure of data. For example with clinical trials, the Trial Management Group and/or trial sponsor etc may impose restrictions on data access. Any restrictions should be outlined in the data sharing plan and applicants should explore ways data sharing requests can be considered by the body that owns the data.</p> <p class=\'guidance_header\'>e.g. Development arrangements through Cancer Research Technology including intellectual property protection and commercialisation</p> <p class=\'guidance_header\'>e.g. Proprietary Data - restrictions due to collaborations with for profit organisations International policies governing the sharing of data collected outside of the UK</p> <p>My research seeks supports from both the public and private sectors. How do I deal with the sharing of data? Where research is funded by a commercial sponsor, restrictions on data sharing may apply in arrangements agreed with the sponsor. Any such restriction(s) should be highlighted in the data management and sharing plan. In the event that researchers apply for or receive commercial funding for any part of their research that Cancer Research UK supports they should advise Cancer Research Technology of the situation without delay.</p> <p class=\'guidance_header\'>e.g. Confidentiality, ethical or consent issues that may arise with the use of data involving human subjects.</p> <p>Investigators carrying out research involving human participants must ensure that consent is obtained to share information; furthermore the necessary legal, ethical and regulatory permissions regarding data sharing should be in place prior to disclosing any data. Every effort must be made to protect the identity of participants and, prior to sharing, data should be anonymised. In addition, any indirect identifiers that may lead to deductive disclosures should be removed to reduce the risk of identification. In most instances, sharing data should be possible without compromising the confidentiality of participants but if there are circumstances where data needs to be restricted due to the inability to protect confidentiality this should be fully addressed in the data management and sharing plan.</p>',1,NULL,NULL,NULL,838001300,'2013-10-09 15:24:49','2013-10-09 15:24:49',NULL,NULL,NULL,NULL),(548238845,'Data volume and data type, e.g. qualitative or quantitative data',NULL,NULL,NULL,'<p>Give a brief description of new data which you envisage creating. This information should include how the data will be collected (in line with the proposed research methods), their format (e.g. SPSS, Open Document Format, tab-delimited format, MS Excel), and how they will be documented.</p> <p>Using standardised and interchangeable or open lossless data formats ensures the long-term usability of data. Clear and detailed data descriptions and annotation, together with user-friendly accompanying documentation on methods and contextual information, makes data easy to understand and interpret and therefore shareable and with long-lasting usability.</p> <ul>    <li><a target=\'_blank\' href=\'http://ukdataservice.ac.uk/manage-data/format.aspx\'>Guidance on data formats</a></li>    <li><a target=\'_blank\' href=\'http://ukdataservice.ac.uk/manage-data/document.aspx\'>Guidance on documenting data</a></li> </ul>',1,NULL,NULL,NULL,702195744,'2013-10-09 15:24:49','2013-10-09 15:24:49',NULL,NULL,NULL,NULL),(560930764,'Quality Assurance',NULL,NULL,NULL,'<p>Quality control of data is an integral part of a research process. Describe the procedures for quality assurance that will be carried out on the data collected at the time of data collection, data entry, digitisation and data checking.</p> <p>For example this might include: <ul><li>Documenting the calibration of instruments </li><li>Taking duplicate samples or measurements </li><li>Standardised data capture, data entry or recording methods </li><li>Data entry validation techniques </li><li>Methods of transcription </li><li>Peer review of data</li></ul></p> <ul><li><a target=\'_blank\' href=\'http://ukdataservice.ac.uk/manage-data/format/quality.aspx\'>Guidance on data quality control</a></li></ul>',1,NULL,NULL,NULL,517839031,'2013-10-09 15:24:49','2013-10-09 15:24:49',NULL,NULL,NULL,NULL),(568028885,'How will other researchers be able to access the data?',NULL,NULL,NULL,'<p>Data should be made available to other researchers with as few restrictions as possible. Where a managed access process is required - for example, where a study involves potentially identifiable data about research participants - the access mechanisms established should be proportionate to the risks associated with the data, and must not unduly restrict or delay access. Any managed access procedures that are proposed must be described clearly as part of your data management and sharing plan. </p><p>Depending on the study, it may be appropriate to establish a graded access procedure in which less sensitive data (e.g. anonymised and aggregate data) are made readily available, whereas applications to access to more sensitive datasets are subject to a more stringent assessment process. </p><p>Any managed access procedures should be consistent and transparent. In cases where a Data Access Committee is required to assess applications to access data, the composition of such Committees should include individuals with appropriate expertise who are independent of the project. </p><p>Where appropriate, the Trust would encourage those generating datasets that are likely to be of significant value to other researchers to publish a \'marker paper\' or other form of publication, which enables data users to formally cite their usage of the resource. </p><p>Where a database resource is being developed as part of a funded activity, researchers should take reasonable steps to ensure that potential users are made aware of its availability. These should be outlined briefly in your plan.</p>',1,NULL,NULL,NULL,612151114,'2013-10-09 15:24:49','2013-10-09 15:24:49',NULL,NULL,NULL,NULL),(576699067,'How will you ensure that key datasets are preserved to ensure their long-term value?',NULL,NULL,NULL,'<p>Researchers must consider how datasets that have long-term value will be preserved and curated beyond the lifetime of the grant. If the proposal is to create a bespoke data resource or to store data locally rather than to use a recognised data repository, data management plans should state clearly how the applicant expects that the dataset will be preserved and shared when the period of grant funding comes to an end. </p><p>The Trust is happy to discuss issues relating to longer-term preservation and sustainability with researchers so as to help provide the support required to maximise the long-term value of key research datasets.</p>',1,NULL,NULL,NULL,175296105,'2013-10-09 15:24:49','2013-10-09 15:24:49',NULL,NULL,NULL,NULL),(585878438,'An explanation of the existing data sources that will be used by the research project (with references)',NULL,NULL,NULL,'<p>When creating new data sources, explain why existing data sources can not be re-used. If purchasing or re-using existing data sources, explain whether issues such as copyright and IPR have been addressed to ensure that the data can be shared i.e. explain how you plan to deal with permissions to share data you have created which is derived from data which you do not own.</p> <p>The following sources can be reviewed for the availability of existing data that could be used: <ul> <li>Data Catalogue - an integrated catalogue containing over 5,000 datasets covering an extensive range of key economic, social and historical data - both quantitative and qualitative - spanning many disciplines and themes, and with links to census data</li> <li>ESRC Research Catalogue - the ESRC\'s repository of past and present research awards and their outputs</li> </ul> </p>',1,NULL,NULL,NULL,819198364,'2013-10-09 15:24:49','2013-10-09 15:24:49',NULL,NULL,NULL,NULL),(597545102,'What resources will you require to deliver your plan?',NULL,NULL,NULL,'<p>In preparing data management and sharing plans, researchers should consider carefully any resources they may need to deliver their plan.Where dedicated resources are required, these should be outlined and justified as part of the plan. </p><p>Issues to consider include: <ul> <li>People and skills - is there sufficient expertise and resource in the research team to manage, preserve and share the data effectively?Is additional specialist expertise (or training for existing staff) required? If so, how will this be sourced? </li><li>Infrastructure - are there appropriate computational facilities to manage, store and analyse the data generated by the research? </li><li>Tools - will additional computational facilities and resources need to be accessed, and what will be the costs associated with this?</li></ul></p>',1,NULL,NULL,NULL,1031143154,'2013-10-09 15:24:49','2013-10-09 15:24:49',NULL,NULL,NULL,NULL),(606079311,'Plans for management and archiving of collected data',NULL,NULL,NULL,'<p>Outline your plans for preparing and documenting data for sharing and archiving (unless otherwise agreed). Identify any additional plans for data sharing, if any. A crucial part of making data user-friendly, shareable and with long-lasting usability is to ensure they can be understood and interpreted by other users. This requires clear and detailed data description, annotation and contextual information.</p> <ul>    <li><a target=\'_blank\' href=\'http://ukdataservice.ac.uk/manage-data/document.aspx\'>Guidance on documenting data</a></li>    <li><a target=\'_blank\' href=\'http://ukdataservice.ac.uk/manage-data/plan/costing.aspx\'>Guidance on how to cost data management</a></li>    <li><a target=\'_blank\' href=\'http://ukdataservice.ac.uk/manage-data/format/transcription.aspx\'>Guidance on transcribing qualitative data</a></li> </ul>',1,NULL,NULL,NULL,12127512,'2013-10-09 15:24:49','2013-10-09 15:24:49',NULL,NULL,NULL,NULL),(613709906,'Where will you make the data available?',NULL,NULL,NULL,'<p>Researchers should deposit data in recognised data repositories where these exist for particular data types, unless there is a compelling reason not to do so. Further information on repositories that may be appropriate</p><p>If the intention is to create a tailored database resource or to store data locally, researchers should ensure that they have the resources and systems in place so that the data are curated, secured and shared in an way that maximises its value and safeguards any associated risks.This includes consideration of how data held in this way can be effectively linked and integrated with other datasets to enhance its value to users.</p>',1,NULL,NULL,NULL,974666475,'2013-10-09 15:24:49','2013-10-09 15:24:49',NULL,NULL,NULL,NULL),(626397799,'When will you share the data?',NULL,NULL,NULL,'<p>All data management and sharing plans must state clearly the timescales over which datasets of value will be shared. Such timescales should take account of any recognised standards of good practice in the applicant\'s research field. </p><p>In considering the timescales that are appropriate, the Trust recognises fully that data generators have the right to a reasonable (but not unlimited) period of exclusive use for the research data that they produce.</p><p>As set out in our guidelines on good research practice, all grant holders must ensure as an absolute minimum that the data underpinning research papers are made available to other researchers on publication, providing this is consistent with any ethics approvals and consents which cover the data and any intellectual property rights in them. </p><p>In cases where the creation of a database resource is the primary goal of a Trust-funded activity, we would normally expect the data to be made widely available to user communities at the earliest feasible opportunity. </p><p>In line with the Fort Lauderdale Principles and subsequent Toronto statement on pre-publication data sharing, the Trust also encourages timely and responsible pre-publication data sharing for research that might constitute a \"community resource\" (i.e. those that have the characteristics set out in point 7 above). </p><p>Where appropriate, researchers may use publication moratoria to facilitate pre-publication sharing of data with other researchers, while protecting their right to first publication. Any such restrictions on data use should be reasonable, transparent and in line with established best practice. </p><p>Illustrative examples of timescales for data sharing are provided to help demonstrate different models that have been adopted and may be considered as examples of good practice in the field of large-scale genetics and genomics studies.</p>',1,NULL,NULL,NULL,220138114,'2013-10-09 15:24:49','2013-10-09 15:24:49',NULL,NULL,NULL,NULL),(635593594,'Expected difficulties in data sharing, along with causes and possible measures to overcome these difficulties.',NULL,NULL,NULL,'<p>We require that all applicants seeking ESRC funding include a statement on data sharing in the relevant section of the Je-S application form. If data sharing is not possible, the applicant must present a strong argument to justify their case. We reserve the right to decline the request or demand additional information from the applicant.</p> <p class=\'guidance_header\'>Data Protection and Freedom of Information</p> <p>We expect grant holders to adhere to the Data Protection Act 1998, which contains eight (enforceable) principles of good practice, applying to anyone processing personal data, including the use of personal data in research. These include obtaining the data subject’s consent or meeting at least one of the ‘necessary’ conditions described in the Act.</p> <p>The ESRC complies with the requirements of the Freedom of Information Act 2000 that establishes a general right of access to all types of recorded information held by public authorities, including Government Departments and Non-Departmental Public Bodies.</p> <p>If the Principal Investigator does not state to the contrary in the Je-S application form, it will be assumed that they are willing for their contact details and other relevant information to be shared with the relevant data service provider working with the ESRC.</p>',1,NULL,NULL,NULL,935214469,'2013-10-09 15:24:49','2013-10-09 15:24:49',NULL,NULL,NULL,NULL),(641106638,'Reuse Scenarios',NULL,NULL,NULL,'<p>Possible user types and estimate of numbers if possible.</p>',4,NULL,NULL,NULL,360783662,'2013-10-09 15:24:49','2013-10-09 15:24:49',NULL,NULL,NULL,NULL),(644265752,'Copyright and intellectual property ownership of the data',NULL,NULL,NULL,'<p class=\'guidance_header\'>Intellectual Property Rights</p> <p>In respect of research grant funding, unless stated otherwise, the ownership of intellectual property and responsibility for its exploitation, rests with the organisation carrying out the research. The ESRC may, in specific cases, reserve the right to retain ownership of the intellectual property and to arrange for it to be exploited for the national benefit in other ways. If exercised, this condition is included in the terms of the relevant award.</p> <p>In taking responsibility for exploiting intellectual property, we expect the research organisation to ensure that individuals associated with the research understand the arrangements for exploitation. Where research is funded by or undertaken in collaboration with others, the research organisation is responsible for putting appropriate formal agreements in place covering the contributions and rights of the various organisations and individuals involved. Such agreements must be in place before the research begins. Research organisations are required to ensure that the terms of collaboration agreements do not conflict with the Terms and Conditions for Research Council Grants.</p> <p class=\'guidance_header\'>Copyright</p> <p>The ESRC expects grant holders to meet the copyright requirements set down in the Copyright, Designs and Patents Act 1988. Responsibility for ensuring compliance with all laws and other legal instruments rests with the grant holders and/or their institutions. We will not accept liability for any complaint or legal action taken against a researcher or the ESDS for infringements of copyrights, defamation or any other data protection requirements.</p>',1,NULL,NULL,NULL,430988464,'2013-10-09 15:24:49','2013-10-09 15:24:49',NULL,NULL,NULL,NULL),(655404096,'What data outputs will your research generate and what data will have value to other researchers?',NULL,NULL,NULL,'<p>Researchers should maximise access to research datasets of value to the wider research community in a timely and responsible manner. Any data that is shared should be of a sufficiently high quality that it will have value to other researchers and should be provided in a format that enables it to be used effectively. </p><p>We recognise that in some cases it may not be appropriate for researchers to share their data. However, if your research meets the criteria for requiring a data management and sharing plan but you are intending not to share your data, the reasons for this must be clearly justified. </p><p>Data should be shared in accordance with recognised data standards where these exist, and in a way that maximises opportunities for data linkage and interoperability. Sufficient metadata must be provided to enable the dataset to be used by others. Agreed best practice standards for metadata provision should be adopted where these are in place. </p><p>When developing data management and sharing plans, researchers should therefore consider and briefly describe: <ul> <li>what types of data the proposed research will generate? </li><li>which data will have value to other research users and could be shared? </li><li>what data formats and quality standards will be applied to enable the data to be shared effectively?</li></ul></p>',1,NULL,NULL,NULL,337009606,'2013-10-09 15:24:49','2013-10-09 15:24:49',NULL,NULL,NULL,NULL),(665115937,'Explicit mention of consent, confidentiality, anonymisation and other ethical considerations',NULL,NULL,NULL,'<p>In facilitating innovative and high quality research, we require that the research we supports will be carried out to a high ethical standard. ESRC grant holders are, therefore, required to adhere to the key principles of ethical research addressed in the <a target=\'_blank\' href=\'www.esrc.ac.uk/researchethics\'>ESRC Framework for Research Ethics</a></p>',1,NULL,NULL,NULL,783772729,'2013-10-09 15:24:49','2013-10-09 15:24:49',NULL,NULL,NULL,NULL),(680466995,'The timescale for public release of data',NULL,NULL,NULL,'<p>As the value of data is often dependent on its timeliness Cancer Research UK expects that data sharing should occur in a timely manner. Cancer Research UK acknowledges that the investigators who generated the data have a legitimate interest in benefiting from their investment of time and effort and we therefore support the initial investigator having a reasonable period of private use of the data but not prolonged exclusive use. </p><p>Cancer Research UK expects data to be released no later than the acceptance for publication of the main findings from the final dataset (unless restrictions from third party agreements or IP protection still apply) or on a timescale in line with the procedures of the relevant research area. For example, for crystallography data there is an agreed 12-month delay between publishing the first paper on a structure and making the co-ordinates public. </p><p>With experiments carried out over an extended period of time, (e.g. population based studies), it is reasonable to expect that subsets of data analysed by the investigator(s) be made available for sharing. The investigator(s) can then continue to benefit from further reasonable periods of exclusive analysis while the dataset as a whole matures.</p>',1,NULL,NULL,NULL,256089650,'2013-10-09 15:24:49','2013-10-09 15:24:49',NULL,NULL,NULL,NULL),(688506307,'Relevant institutional, departmental or study policies on data sharing and data security',NULL,NULL,NULL,'<p>List policy, URL & reference</p><p>Please complete, where such policies are (i) relevant to your study, and (ii) are in the public domain, e.g. accessibly through the internet. Add any others that are relevant</p>',2,NULL,NULL,NULL,515804560,'2013-10-09 15:24:49','2013-10-09 15:24:49',NULL,NULL,NULL,NULL),(692940804,'The method used to share data',NULL,NULL,NULL,'<p>The methods used to share data will be dependent on a number of factors such as the type, size, complexity and sensitivity of data. Data can be shared by any of the following methods: </p><p class=\'guidance_header\'>Under the auspices of the Principal Investigator </p><p>Investigators sharing under their own auspices may securely send data to a requestor, or upload the data to their institutional website. Investigators should consider using a data-sharing agreement (see below) to impose appropriate limitations on the secondary use of the data. </p><p>Through a third party </p><p>Investigators can share their data by transferring it to a data archive facility to distribute more widely to the scientific community, to maintain documentation and meet reporting requirements. Data archives are particularly attractive for investigators concerned about managing a large volume of requests for data, vetting frivolous or inappropriate requests, or providing technical assistance for users seeking to help with analyses. </p><p class=\'guidance_header\'>Using a data enclave </p><p>Datasets that cannot be distributed to the general public due to confidentially concerns, or third-party licensing or use agreements that prohibit redistribution, can be accessed through a data enclave. A data enclave provides a controlled secure environment in which eligible researchers can perform analyses using restricted data resources. </p><p class=\'guidance_header\'>Through a combination of methods </p><p>Investigators may wish to share their data by a combination of the above methods or in different versions, in order to control the level of access permitted.</p>',1,NULL,NULL,NULL,944025275,'2013-10-09 15:24:49','2013-10-09 15:24:49',NULL,NULL,NULL,NULL),(713888177,'Main risks to data security',NULL,NULL,NULL,'<p>If not using formal standards, summarise the main risks to the confidentiality and security of information related to human participants, and how these risks will be managed. Cover the main processes or facilities for storage and processing of personal data, data access, with controls put in place and any auditing of user compliance with consent and security conditions.</p><p>MRC guidance on the categories of data availability is provided.</p>',2,NULL,NULL,NULL,816901281,'2013-10-09 15:24:49','2013-10-09 15:24:49',NULL,NULL,NULL,NULL),(717857898,'The long-term preservation plan for the dataset',NULL,NULL,NULL,'<p>Once the funding for a project has ceased researchers should preserve all data resulting from that grant to ensure that data can be used for follow-up or new studies. Cancer Research UK expects that data be preserved and available for sharing with the science community for a minimum period of five years following the end of a research grant.</p>',1,NULL,NULL,NULL,374001558,'2013-10-09 15:24:49','2013-10-09 15:24:49',NULL,NULL,NULL,NULL),(722194013,'Whether a data sharing agreement will be required',NULL,NULL,NULL,'<p class=\'guidance_header\'>Data Sharing Agreements</p> <p>To ensure that data are used appropriately investigators may consider implementing a data sharing agreement that indicates the criteria for data access and conditions for research use. This can ensure the responsibilities of both parties, along with intellectual property, citation and publication rights are agreed at the outset. It may incorporate privacy and confidentiality standards, as needed, to ensure data security at the recipient site and prohibit manipulation of data. For further guidance on managing data access and the development of data sharing agreements please refer to the \'Samples and Data for Cancer Research: Template for Access Policy Development\' document available from the NCRI website. </p><p class=\'guidance_header\'>Data Acknowledgement</p> <p>As a minimum, researchers using shared data are expected to acknowledge the investigators who generated the data upon which any published findings are based. When both parties have collaborated using a shared dataset, co-authorship on publications may be more appropriate. Researchers using shared data are also expected to acknowledge Cancer Research UK for supporting the original study.</p>',1,NULL,NULL,NULL,558759683,'2013-10-09 15:24:49','2013-10-09 15:24:49',NULL,NULL,NULL,NULL),(726629274,'Suitability for sharing',NULL,NULL,NULL,'<p>Indicate whether the data you propose to collect (or existing data you propose to use) in the study will be suitable for sharing. (“Yes” or “No”)</p><p>If “No,” indicate why they will not be suitable for sharing and then go to Section 6.</p>',2,NULL,NULL,NULL,129489976,'2013-10-09 15:24:49','2013-10-09 15:24:49',1,0,1,NULL),(738354817,'The metadata, documentation or other supporting material that should accompany the data for it to be interpreted correctly',NULL,NULL,NULL,'<p>For data sharing to be a success it is important that data are prepared in such a way that those using the dataset have a clear understanding of what the data mean so that they can be used appropriately. To enable this, applicants are encouraged to include with the dataset all the necessary information (metadata) describing the data and their format. This information should include such information as the methodology used to collect data, definitions of variables, units of measurement, any assumptions made, the format of the data, file type of the data etc. To support this researchers are strongly encouraged to utilise community standards to describe and structure data, (e.g. common terminology, minimum information guidelines and standard data exchange formats).</p>',1,NULL,NULL,NULL,639646490,'2013-10-09 15:24:49','2013-10-09 15:24:49',NULL,NULL,NULL,NULL),(740474755,'Restrictions or delays to sharing, with planned actions to limit such restrictions',NULL,NULL,NULL,'<p>Restriction to data sharing may be due to participant confidentiality, consent agreements or IPR. Strategies to limit restrictions may include data being anonymised or aggregated; gaining participant consent for data sharing; gaining copyright permissions. For prospective studies, consent procedures should include provision for data sharing to maximise the value of the data for wider research use, while providing adequate safeguards for participants. As part of the consent process, proposed procedures for data sharing should be set out clearly and current and potential future risks associated with this explained to research participants.</p>',6,NULL,NULL,NULL,129489976,'2013-10-09 15:24:49','2013-10-09 15:24:49',NULL,NULL,NULL,NULL),(742839110,'Types of Data',NULL,NULL,NULL,'<p>Types of research data to be managed in the following terms: quantitative, qualitative; generated from surveys, clinical measurements, interviews, medical records, electronic health records, administrative records, genotypic data, images, tissue samples,...</p>',2,NULL,NULL,NULL,14293039,'2013-10-09 15:24:49','2013-10-09 15:24:49',NULL,NULL,NULL,NULL),(758837291,'Responsibilities for data management and curation within research teams at all participating institutions',NULL,NULL,NULL,'<p>Indicate who within your research team will be responsible for data management, metadata production, dealing with quality issues and the final delivery of data for sharing or archiving. Provide this information within the Staff Duties section in the Je-S form and where appropriate in the Justification of Resources. If several people will be responsible state their roles and responsibilities in the relevant section of the Je-S form. For collaborative projects you should explain the co-ordination of data management responsibilities across partners in your Data Management Plan.</p> <ul><li><a target=\'_blank\' href=\'http://ukdataservice.ac.uk/manage-data/plan/roles-and-responsibilities.aspx\'>Guidance on data management roles and responsibilities</a></li></ul>',1,NULL,NULL,NULL,151994689,'2013-10-09 15:24:49','2013-10-09 15:24:49',NULL,NULL,NULL,NULL),(767560886,'The standards that will be utilised for data collection and management',NULL,NULL,NULL,'',1,NULL,NULL,NULL,287771533,'2013-10-09 15:24:49','2013-10-09 15:24:49',NULL,NULL,NULL,NULL),(771779871,'Data quality and standards',NULL,NULL,NULL,'<p>How consistency and quality of data collection / generation will be controlled and documented, through processes of calibration, repeat samples or measurements, standardised data capture or recording, data entry validation, peer review of data or representation with controlled vocabularies.</p>',2,NULL,NULL,NULL,433277335,'2013-10-09 15:24:49','2013-10-09 15:24:49',NULL,NULL,NULL,NULL),(791728671,'Technical Methodology Data Acquisition, Processing, Analysis and Use',NULL,'','','<p>You should provide information about the process of technical development, showing how the standards and formats described in section 2.a and the hardware and software described in section 2.b relate to each other. You must show that you have considered how you will achieve your digital output or digital technology in practice, including issues of timetabling.</p><p>You should consider the technical development process from the point of data capture or data creation through to final delivery (in the case of a digital output) or analysis (in the case of a digital process). You should consider issues such as backup, monitoring, quality control and internal documentation where relevant, identifying procedures which are appropriate to the research environment. For example Technical Reviewers acknowledge that the backup procedures which are possible during fieldwork might be very different to those which are possible within an office environment.</p><p>This section needs to relate to the timetable and milestones given in the Case for Support as well as the project’s overall research methodology.  The Technical Reviewer will be assessing the alignment of the technical development process with other project activities for logic and timeliness.</p>',3,NULL,NULL,'',628837543,'2013-10-09 15:24:49','2014-02-20 13:50:07',0,0,0,0),(797356783,'The volume, type, content and format of the final dataset',NULL,NULL,NULL,'',1,NULL,NULL,NULL,137255481,'2013-10-09 15:24:49','2013-10-09 15:24:49',NULL,NULL,NULL,NULL),(801244972,'Metadata standards and data documentation',NULL,NULL,NULL,'<p>Plans for documenting, annotating and describing data so that research data are usable by others than your own team. This may include documenting the methods used to generate the data, analytical and procedural information, capturing instrument metadata alongside data, documenting provenance of data and their coding, detailed descriptions for variables, records, etc.</p>',2,NULL,NULL,NULL,785676548,'2013-10-09 15:24:49','2013-10-09 15:24:49',NULL,NULL,NULL,NULL),(805344379,'Responsibilities',NULL,NULL,NULL,'<p>Specify who, alongside the PI, is responsible for ensuring the study-wide data management, as well as for specific roles such as metadata creation, data security and quality assurance of data.</p>',1,NULL,NULL,NULL,515804560,'2013-10-09 15:24:49','2013-10-09 15:24:49',NULL,NULL,NULL,NULL),(809796201,'Who will be responsible for data management?','Text',NULL,NULL,'<p class=\'guidance_header\'>Questions to consider:</p> <ul> <li>Who is responsible for implementing the DMP, and ensuring it is reviewed and revised?</li> <li>Who will be responsible for each data management activity?</li> <li>How will responsibilities be split across partner sites in collaborative research projects?</li> <li>Will data ownership and responsibilities for RDM be part of any consortium agreement or contract agreed between partners?</li> </ul> <p class=\'guidance_header\'>Guidance:</p> <p>Outline the roles and responsibilities for all activities e.g. data capture, metadata production, data quality, storage and backup, data archiving &amp; data sharing. Consider who will be responsible for ensuring relevant policies will be respected. Individuals should be named where possible.</p>',1,NULL,NULL,NULL,887641744,'2013-10-09 15:24:49','2013-10-09 15:24:49',NULL,NULL,NULL,NULL),(840867508,'How will you manage any ethical issues?','Text',NULL,NULL,'<p class=\'guidance_header\'>Questions to consider:</p> <ul> <li>Have you gained consent for data preservation and sharing?</li> <li>How will you protect the identity of participants if required? e.g. via anonymisation</li> <li>How will sensitive data be handled to ensure it is stored and transferred securely?</li> </ul> <p class=\'guidance_header\'>Guidance:</p> <p>Ethical issues affect how you store data, who can see/use it and how long it is kept. Managing ethical concerns may include: anonymisation of data; referral to departmental or institutional ethics committees; and formal consent agreements. You should show that you are aware of any issues and have planned accordingly. If you are carrying out research involving human participants, you must also ensure that consent is requested to allow data to be shared and reused.</p>',1,NULL,NULL,NULL,1024261501,'2013-10-09 15:24:49','2013-10-09 15:24:49',NULL,NULL,NULL,NULL),(843459106,'Data sharing and access',NULL,NULL,NULL,'<p>Identify any data repository (-ies) that are, or will be, entrusted with storing, curating and/or sharing data from your study, where they exist for particular disciplinary domains or data types. Information on repositories is available here.</p>',1,NULL,NULL,NULL,129489976,'2013-10-09 15:24:49','2013-10-09 15:24:49',NULL,NULL,NULL,NULL),(864305173,'Formal information/data security standards',NULL,NULL,NULL,'<p>Identify formal information standards with which your study is or will be compliant. An example is ISO 27001.</p>',1,NULL,NULL,NULL,816901281,'2013-10-09 15:24:49','2013-10-09 15:24:49',NULL,NULL,NULL,NULL),(866615903,'Physical Collections & Samples',NULL,NULL,'<table><tr> <th>Dataset Name</th> <th>Contact</th> <th>Data Volume</th> <th>Data Format</th> <th>Issues</th> <th>Delivery Date</th> <th>Preservation Plan</th> </tr><tr> <td></td> <td></td> <td></td> <td></td> <td><em>Any issues with the data, e.g. legal, access, retention, etc.</em></td> <td><em>Date expect to receive data</em></td> <td><em>e.g. Keep indefinitely, Do not keep, etc.</em></td> </table>','<p>Enter a brief description of the activities that will produce the data</p>',3,NULL,NULL,NULL,1407227,'2013-10-09 15:24:49','2013-10-09 15:24:49',NULL,NULL,NULL,NULL),(869431981,'What data will you collect or create?','Text',NULL,NULL,'<p class=\'guidance_header\'>Questions to consider:</p> <ul> <li>What type, format and volume of data?</li> <li>Do your chosen formats and software enable sharing and long-term access to the data?</li> <li>Are there any existing data that you can reuse?</li> </ul> <p class=\'guidance_header\'>Guidance:</p> <p>Give a brief description of the data, including any existing data or third-party sources that will be used, in each case noting its content, type and coverage. Outline and justify your choice of format and consider the implications of data format and data volumes in terms of storage, backup and access.</p>',1,NULL,NULL,NULL,863526891,'2013-10-09 15:24:49','2013-10-09 15:24:49',NULL,NULL,NULL,NULL),(892071483,'The study team’s exclusive use of the data',NULL,NULL,NULL,'<p>MRC’s requirement is for timely data sharing, with the understanding that a limited, defined period of exclusive use of data for primary research is reasonable according to the nature and value of the data, and that this restriction on sharing should be based on simple, clear principles.</p><p>Summarise the principles of your current/intended policy.</p>',5,NULL,NULL,NULL,129489976,'2013-10-09 15:24:49','2013-10-09 15:24:49',NULL,NULL,NULL,NULL),(894403326,'Type of Study',NULL,NULL,NULL,'<p>Up to three lines of text that summarise the type of study (or studies) for which the data are being collected.</p>',1,NULL,NULL,NULL,14293039,'2013-10-09 15:24:49','2013-10-09 15:24:49',NULL,NULL,NULL,NULL),(919295632,'Managing, storing and curating data',NULL,NULL,NULL,'<p>Briefly, how data will be stored, backed-up, managed and curated in the short to medium term. Specify any community agreed or other formal data standards used (with URL references). [Enter data security standards in Section 4].</p>',1,NULL,NULL,NULL,785676548,'2013-10-09 15:24:49','2013-10-09 15:24:49',NULL,NULL,NULL,NULL),(923352231,'Methodologies for data collection / generation',NULL,NULL,NULL,'<p>How the data will be collected/generated and which community data standards (if any) will be used at this stage.</p>',1,NULL,NULL,NULL,433277335,'2013-10-09 15:24:49','2013-10-09 15:24:49',NULL,NULL,NULL,NULL),(944904047,'Release Date to Data Centre',NULL,NULL,NULL,'<p>Data should normally be delivered to a data centre within 2 years of collection.</p>',3,NULL,NULL,NULL,360783662,'2013-10-09 15:24:49','2013-10-09 15:24:49',NULL,NULL,NULL,NULL),(946228852,'Back-Up',NULL,NULL,NULL,'<p>Describe the data back-up procedures that you will adopt to ensure the data and metadata are securely stored during the lifetime of the project. You may need to discuss your institution\'s policy on back-ups. If your data is sensitive (e.g. detailed personal data) you should discuss appropriate security measures which you will be taking.</p> <p>The methods of version control of data files should also be stated. Version control includes making sure that if the information in one file is altered, the related information in other files is also adapted, as well as keeping track of versions of data files and their locations.</p> <ul><li><a target=\'_blank\' href=\'http://ukdataservice.ac.uk/manage-data/store.aspx\'>Guidance on storing, back-up and security</a></li> <li><a target=\'_blank\' href=\'http://ukdataservice.ac.uk/manage-data/format/versioning.aspx\'>Guidance on version control</a></li></ul>',2,NULL,NULL,NULL,517839031,'2013-10-09 15:24:49','2013-10-09 15:24:49',NULL,NULL,NULL,NULL),(967058505,'Data quality, formats, standards documentation and metadata',NULL,NULL,NULL,'<p>Give a brief description of new data which you envisage creating. This information should include how the data will be collected (in line with the proposed research methods), their format (e.g. SPSS, Open Document Format, tab-delimited format, MS Excel), and how they will be documented.</p> <p>Using standardised and interchangeable or open lossless data formats ensures the long-term usability of data. Clear and detailed data descriptions and annotation, together with user-friendly accompanying documentation on methods and contextual information, makes data easy to understand and interpret and therefore shareable and with long-lasting usability.</p> <ul>    <li><a target=\'_blank\' href=\'http://ukdataservice.ac.uk/manage-data/format.aspx\'>Guidance on data formats</a></li>    <li><a target=\'_blank\' href=\'http://ukdataservice.ac.uk/manage-data/document.aspx\'>Guidance on documenting data</a></li> </ul>',2,NULL,NULL,NULL,702195744,'2013-10-09 15:24:49','2013-10-09 15:24:49',NULL,NULL,NULL,NULL),(1004706338,'An analysis of the gaps identified between the currently available and required data for the research',NULL,NULL,NULL,'<p>When creating new data sources, explain why existing data sources can not be re-used. If purchasing or re-using existing data sources, explain whether issues such as copyright and IPR have been addressed to ensure that the data can be shared i.e. explain how you plan to deal with permissions to share data you have created which is derived from data which you do not own.</p> <p>The following sources can be reviewed for the availability of existing data that could be used: <ul> <li>Data Catalogue - an integrated catalogue containing over 5,000 datasets covering an extensive range of key economic, social and historical data - both quantitative and qualitative - spanning many disciplines and themes, and with links to census data</li> <li>ESRC Research Catalogue - the ESRC\'s repository of past and present research awards and their outputs</li> </ul> </p>',2,NULL,NULL,NULL,819198364,'2013-10-09 15:24:49','2013-10-09 15:24:49',NULL,NULL,NULL,NULL),(1014413778,'Please specify any other team members with responsibility for data',NULL,NULL,NULL,NULL,3,NULL,NULL,NULL,969523294,'2013-10-09 15:24:49','2013-10-09 15:24:49',NULL,NULL,NULL,NULL),(1044912301,'How will you manage copyright and Intellectual Property Rights (IPR) issues?','Text',NULL,NULL,'<p class=\'guidance_header\'>Questions to consider:</p> <ul> <li>Who owns the data?</li> <li>How will the data be licensed for reuse?</li> <li>Are there any restrictions on the reuse of third-party data?</li> <li>Will data sharing be postponed / restricted e.g. to publish or seek patents?</li> </ul> <p class=\'guidance_header\'>Guidance:</p> <p>State who will own the copyright and IPR of any data that you will collect or create, along with the licence(s) for its use and reuse. For multi-partner projects, IPR ownership may be worth covering in a consortium agreement. Consider any relevant funder, institutional, departmental or group policies on copyright or IPR. Also consider permissions to reuse third-party data and any restrictions needed on data sharing.</p>',2,NULL,NULL,NULL,1024261501,'2013-10-09 15:24:49','2013-10-09 15:24:49',NULL,NULL,NULL,NULL),(1049144763,'Which data are of long-term value and should be retained, shared, and/or preserved?','Text',NULL,NULL,'<p class=\'guidance_header\'>Questions to consider:</p> <ul> <li>What data must be retained/destroyed for contractual, legal, or regulatory purposes?</li> <li>How will you decide what other data to keep?</li> <li>What are the foreseeable research uses for the data?</li> <li>How long will the data be retained and preserved?</li> </ul> <p class=\'guidance_header\'>Guidance:</p> <p>Consider how the data may be reused e.g. to validate your research findings, conduct new studies, or for teaching. Decide which data to keep and for how long. This could be based on any obligations to retain certain data, the potential reuse value, what is economically viable to keep, and any additional effort required to prepare the data for data sharing and preservation. Remember to consider any additional effort required to prepare the data for sharing and preservation, such as changing file formats.</p>',1,NULL,NULL,NULL,343774255,'2013-10-09 15:24:49','2013-10-09 15:24:49',NULL,NULL,NULL,NULL),(1049144764,'test','','sdcv\r\n','','',1,NULL,NULL,'',220138114,'2013-11-20 12:15:24','2013-11-26 14:59:09',0,0,0,NULL),(1049144765,'test ola estou aqui','','222DF','','',3,NULL,NULL,'',863526891,'2013-11-26 15:00:07','2014-02-10 15:37:13',0,0,0,1);
/*!40000 ALTER TABLE `questions` ENABLE KEYS */;
UNLOCK TABLES;

--
-- Table structure for table `questions_themes`
--

DROP TABLE IF EXISTS `questions_themes`;
/*!40101 SET @saved_cs_client     = @@character_set_client */;
/*!40101 SET character_set_client = utf8 */;
CREATE TABLE `questions_themes` (
  `question_id` int(11) NOT NULL,
  `theme_id` int(11) NOT NULL,
  KEY `index_questions_themes_on_question_id_and_theme_id` (`question_id`,`theme_id`)
) ENGINE=InnoDB DEFAULT CHARSET=utf8 COLLATE=utf8_unicode_ci;
/*!40101 SET character_set_client = @saved_cs_client */;

--
-- Dumping data for table `questions_themes`
--

LOCK TABLES `questions_themes` WRITE;
/*!40000 ALTER TABLE `questions_themes` DISABLE KEYS */;
INSERT INTO `questions_themes` VALUES (6502681,326237259),(6502681,666612770),(9477009,352932788),(16570631,164464532),(16570631,906413627),(20886324,517471460),(20886324,932289739),(20886324,1044661192),(22213050,260927530),(26023761,256187421),(26023761,767902966),(36495022,260927530),(36495022,767902966),(47588824,357858435),(47588824,420105441),(47588824,1036882971),(51662819,192603571),(58199405,260927530),(58199405,382261392),(77640392,47076522),(77640392,176415376),(77640392,301910969),(77640392,352932788),(77640392,517471460),(77640392,523009432),(77640392,1044661192),(95670146,176415376),(95670146,192603571),(95670146,401264193),(95670146,869640508),(98536716,932289739),(101249380,101249380),(106649958,846464335),(106649958,869640508),(115649166,260927530),(117508712,187544633),(117508712,401264193),(117508712,906413627),(127480661,176415376),(127480661,332098838),(127480661,420105441),(168736391,401264193),(168736391,906413627),(198124613,301910969),(198124613,414801377),(229337438,288041515),(229337438,880689290),(239234818,428832285),(239234818,846464335),(239234818,869640508),(245568722,301910969),(257239034,382261392),(269600726,176415376),(272524966,164464532),(301730965,301910969),(309909759,332098838),(347281944,256187421),(347281944,288041515),(347281944,880689290),(359755811,428832285),(359755811,846464335),(366518832,288041515),(366518832,414801377),(366518832,428832285),(366518832,767902966),(366518832,786556103),(373398488,1044661192),(375158342,332098838),(385197137,401264193),(389533306,414801377),(396237943,111806224),(396237943,309205911),(406315656,187544633),(415578047,176415376),(415578047,192603571),(415578047,332098838),(428908635,382261392),(428908635,517471460),(428908635,932289739),(437548089,309205911),(437548089,652496058),(437548089,1026060305),(455446298,767902966),(457302997,517471460),(457302997,1044661192),(467017218,414801377),(467017218,846464335),(467017218,869640508),(467017218,1044661192),(474499857,164739338),(476809543,111806224),(476809543,164464532),(476809543,309205911),(476809543,326237259),(476809543,517471460),(481992250,260927530),(481992250,332098838),(481992250,352932788),(481992250,401264193),(481992250,767902966),(484423390,326237259),(484423390,523009432),(488496365,352932788),(497673076,47076522),(497673076,176415376),(497673076,301910969),(497673076,352932788),(497673076,352932788),(497673076,357858435),(497673076,382261392),(497673076,517471460),(497673076,523009432),(497673076,1044661192),(513345671,164739338),(513345671,260927530),(513345671,332098838),(513345671,767902966),(526082740,357858435),(526082740,1036882971),(538510564,256187421),(538510564,326237259),(538510564,523009432),(538510564,786556103),(542607712,111806224),(542607712,326237259),(542607712,523009432),(542607712,786556103),(548238845,517471460),(548238845,932289739),(560930764,414801377),(568028885,260927530),(568028885,767902966),(576699067,176415376),(576699067,332098838),(585878438,111806224),(585878438,309205911),(597545102,187544633),(597545102,401264193),(597545102,906413627),(606079311,176415376),(606079311,420105441),(606079311,869640508),(613709906,260927530),(613709906,332098838),(626397799,352932788),(635593594,326237259),(635593594,767902966),(641106638,357858435),(644265752,523009432),(655404096,382261392),(655404096,414801377),(655404096,420105441),(655404096,932289739),(655404096,1036882971),(655404096,1044661192),(665115937,786556103),(680466995,352932788),(688506307,101249380),(692940804,164739338),(692940804,260927530),(692940804,332098838),(713888177,256187421),(717857898,176415376),(722194013,767902966),(738354817,414801377),(738354817,428832285),(738354817,869640508),(740474755,326237259),(742839110,932289739),(758837291,47076522),(758837291,164464532),(767560886,301910969),(767560886,846464335),(771779871,414801377),(771779871,869640508),(791728671,301910969),(791728671,414801377),(791728671,428832285),(791728671,806836838),(791728671,846464335),(791728671,869640508),(791728671,880689290),(791728671,932289739),(797356783,382261392),(797356783,517471460),(797356783,932289739),(797356783,1044661192),(801244972,846464335),(801244972,869640508),(805344379,164464532),(809796201,164464532),(840867508,256187421),(840867508,786556103),(843459106,332098838),(864305173,256187421),(866615903,47076522),(866615903,176415376),(866615903,301910969),(866615903,352932788),(866615903,517471460),(866615903,523009432),(866615903,1044661192),(869431981,309205911),(869431981,382261392),(869431981,517471460),(869431981,932289739),(869431981,1044661192),(892071483,352932788),(894403326,623622111),(919295632,288041515),(919295632,880689290),(923352231,301910969),(944904047,352932788),(946228852,256187421),(946228852,806836838),(946228852,880689290),(967058505,846464335),(967058505,869640508),(967058505,1044661192),(1004706338,493239211),(1044912301,111806224),(1044912301,523009432),(1049144763,420105441),(1049144764,111806224),(1049144764,288041515),(1049144764,1036882971),(1049144764,1044661192),(1049144764,1044661193),(1049144765,1044661192);
/*!40000 ALTER TABLE `questions_themes` ENABLE KEYS */;
UNLOCK TABLES;

--
-- Table structure for table `roles`
--

DROP TABLE IF EXISTS `roles`;
/*!40101 SET @saved_cs_client     = @@character_set_client */;
/*!40101 SET character_set_client = utf8 */;
CREATE TABLE `roles` (
  `id` int(11) NOT NULL AUTO_INCREMENT,
  `name` varchar(255) COLLATE utf8_unicode_ci DEFAULT NULL,
  `resource_id` int(11) DEFAULT NULL,
  `resource_type` varchar(255) COLLATE utf8_unicode_ci DEFAULT NULL,
  `created_at` datetime NOT NULL,
  `updated_at` datetime NOT NULL,
  PRIMARY KEY (`id`),
  KEY `index_roles_on_name_and_resource_type_and_resource_id` (`name`,`resource_type`,`resource_id`),
  KEY `index_roles_on_name` (`name`)
) ENGINE=InnoDB AUTO_INCREMENT=930089102 DEFAULT CHARSET=utf8 COLLATE=utf8_unicode_ci;
/*!40101 SET character_set_client = @saved_cs_client */;

--
-- Dumping data for table `roles`
--

LOCK TABLES `roles` WRITE;
/*!40000 ALTER TABLE `roles` DISABLE KEYS */;
INSERT INTO `roles` VALUES (930089099,'admin',NULL,NULL,'2013-10-09 15:24:49','2013-10-09 15:24:49'),(930089100,'user',NULL,NULL,'2013-11-26 14:07:42','2013-11-26 14:07:42'),(930089101,'org_admin',NULL,NULL,'2014-01-27 11:58:34','2014-01-27 11:58:34');
/*!40000 ALTER TABLE `roles` ENABLE KEYS */;
UNLOCK TABLES;

--
-- Table structure for table `schema_migrations`
--

DROP TABLE IF EXISTS `schema_migrations`;
/*!40101 SET @saved_cs_client     = @@character_set_client */;
/*!40101 SET character_set_client = utf8 */;
CREATE TABLE `schema_migrations` (
  `version` varchar(255) COLLATE utf8_unicode_ci NOT NULL,
  UNIQUE KEY `unique_schema_migrations` (`version`)
) ENGINE=InnoDB DEFAULT CHARSET=utf8 COLLATE=utf8_unicode_ci;
/*!40101 SET character_set_client = @saved_cs_client */;

--
-- Dumping data for table `schema_migrations`
--

LOCK TABLES `schema_migrations` WRITE;
/*!40000 ALTER TABLE `schema_migrations` DISABLE KEYS */;
INSERT INTO `schema_migrations` VALUES ('20130603140800'),('20130603143109'),('20130611111340'),('20130611111359'),('20130611113325'),('20130611132258'),('20130611133033'),('20130611135155'),('20130611135806'),('20130611140229'),('20130611141026'),('20130611151644'),('20130611151704'),('20130611151729'),('20130611151750'),('20130611152208'),('20130611153828'),('20130611153921'),('20130611154055'),('20130611154109'),('20130612113321'),('20130612133806'),('20130612133938'),('20130621101824'),('20130625125419'),('20130705113828'),('20130705145146'),('20130705151214'),('20130708092900'),('20130708092904'),('20130708092905'),('20130717093801'),('20130717093814'),('20130717115239'),('20130717125231'),('20130717125748'),('20130717130107'),('20130724112909'),('20130724123043'),('20130730102219'),('20130731124011'),('20130731124532'),('20130731130811'),('20130731131354'),('20130731131846'),('20130731132153'),('20130731133039'),('20130812100100'),('20130902141025'),('20130902141150'),('20130902142403'),('20130903072531'),('20130903084409'),('20130903123015'),('20130905073232'),('20130913134657'),('20130913161023'),('20130918130838'),('20130918154825'),('20130926121718'),('20130927091932'),('20130927092206'),('20130927094924'),('20131108151505'),('20131111090129'),('20131118094629'),('20131126133804'),('20131126135301'),('20131127100520'),('20131128150644'),('20131129143550'),('20131212111049'),('20140210121753'),('20140214120652'),('20140214150516'),('20140214155629'),('20140218113637');
/*!40000 ALTER TABLE `schema_migrations` ENABLE KEYS */;
UNLOCK TABLES;

--
-- Table structure for table `sections`
--

DROP TABLE IF EXISTS `sections`;
/*!40101 SET @saved_cs_client     = @@character_set_client */;
/*!40101 SET character_set_client = utf8 */;
CREATE TABLE `sections` (
  `id` int(11) NOT NULL AUTO_INCREMENT,
  `title` varchar(255) COLLATE utf8_unicode_ci DEFAULT NULL,
  `description` text COLLATE utf8_unicode_ci,
  `number` int(11) DEFAULT NULL,
  `version_id` int(11) DEFAULT NULL,
  `organisation_id` int(11) DEFAULT NULL,
  `created_at` datetime NOT NULL,
  `updated_at` datetime NOT NULL,
  PRIMARY KEY (`id`)
) ENGINE=InnoDB AUTO_INCREMENT=1050936392 DEFAULT CHARSET=utf8 COLLATE=utf8_unicode_ci;
/*!40101 SET character_set_client = @saved_cs_client */;

--
-- Dumping data for table `sections`
--

LOCK TABLES `sections` WRITE;
/*!40000 ALTER TABLE `sections` DISABLE KEYS */;
INSERT INTO `sections` VALUES (1407227,'New Datasets',NULL,8,366328166,1024687474,'2013-10-09 15:24:49','2013-10-09 15:24:49'),(12127512,'Management and archiving of collected data',NULL,4,445110255,850994612,'2013-10-09 15:24:49','2013-10-09 15:24:49'),(14293039,'Description of Data',NULL,1,417795395,922528504,'2013-10-09 15:24:49','2013-10-09 15:24:49'),(53837712,'Proprietary data',NULL,6,212928260,737808679,'2013-10-09 15:24:49','2013-10-09 15:24:49'),(72924041,'Standards and metadata',NULL,2,212928260,737808679,'2013-10-09 15:24:49','2013-10-09 15:24:49'),(129489976,'Data sharing and access',NULL,5,417795395,922528504,'2013-10-09 15:24:49','2013-10-09 15:24:49'),(134677700,'Data types',NULL,1,427658383,741010468,'2013-10-09 15:24:49','2013-10-09 15:24:49'),(137255481,'Data volume, type, content and format',NULL,1,1065574598,394923695,'2013-10-09 15:24:49','2013-10-09 15:24:49'),(151994689,'Responsibilities for data management and curation',NULL,8,445110255,850994612,'2013-10-09 15:24:49','2013-10-09 15:24:49'),(161690834,'In-Project Data Management Approach',NULL,4,366328166,1024687474,'2013-10-09 15:24:49','2013-10-09 15:24:49'),(175296105,'Data preservation',NULL,6,323145048,1046357252,'2013-10-09 15:24:49','2013-10-09 15:24:49'),(176863900,'Data Sharing','Lorem ipsum dolor sit amet, consectetur adipisicing elit, sed do eiusmod tempor incididunt ut labore et dolore magna aliqua. Ut enim ad minim veniam, quis nostrud exercitation ullamco laboris nisi ut aliquip ex ea commodo consequat. Duis aute irure dolor in reprehenderit in voluptate velit esse cillum dolore eu fugiat nulla pariatur. Excepteur sint occaecat cupidatat non proident, sunt in culpa qui officia deserunt mollit anim id est laborum.',7,981945732,720679528,'2013-10-09 15:24:49','2013-10-09 15:24:49'),(202959249,'Preservation, Sustainability and Use',NULL,4,339900351,766049908,'2013-10-09 15:24:49','2013-10-09 15:24:49'),(220138114,'Data sharing timeframe',NULL,2,323145048,1046357252,'2013-10-09 15:24:49','2013-10-09 15:24:49'),(256089650,'Release timescale',NULL,5,1065574598,394923695,'2013-10-09 15:24:49','2013-10-09 15:24:49'),(258654429,'Which data will have value to others and should be shared',NULL,5,427658383,741010468,'2013-10-09 15:24:49','2013-10-09 15:24:49'),(279602542,'Exceptions or Additional Services',NULL,7,366328166,1024687474,'2013-10-09 15:24:49','2013-10-09 15:24:49'),(286152064,'Which data will be preserved and how',NULL,2,427658383,741010468,'2013-10-09 15:24:49','2013-10-09 15:24:49'),(287771533,'Data collection and management standards',NULL,2,1065574598,394923695,'2013-10-09 15:24:49','2013-10-09 15:24:49'),(310148150,'Technical Support and Relevant Experience',NULL,3,339900351,766049908,'2013-10-09 15:24:49','2013-10-09 15:24:49'),(326868957,'Data sharing limits',NULL,5,323145048,1046357252,'2013-10-09 15:24:49','2013-10-09 15:24:49'),(337009606,'Data outputs',NULL,1,323145048,1046357252,'2013-10-09 15:24:49','2013-10-09 15:24:49'),(343774255,'Selection and Preservation','Lorem ipsum dolor sit amet, consectetur adipisicing elit, sed do eiusmod tempor incididunt ut labore et dolore magna aliqua. Ut enim ad minim veniam, quis nostrud exercitation ullamco laboris nisi ut aliquip ex ea commodo consequat. Duis aute irure dolor in reprehenderit in voluptate velit esse cillum dolore eu fugiat nulla pariatur. Excepteur sint occaecat cupidatat non proident, sunt in culpa qui officia deserunt mollit anim id est laborum.',6,981945732,720679528,'2013-10-09 15:24:49','2013-10-09 15:24:49'),(360783662,'Datasets likely to be created by the grant or fellowship which will be made available to a NERC Environmental Data Centre at the end of the Grant',NULL,3,204988261,1024687474,'2013-10-09 15:24:49','2013-10-09 15:24:49'),(374001558,'Preservation Plan',NULL,6,1065574598,394923695,'2013-10-09 15:24:49','2013-10-09 15:24:49'),(374807699,'Storage and Backup','Lorem ipsum dolor sit amet, consectetur adipisicing elit, sed do eiusmod tempor incididunt ut labore et dolore magna aliqua. Ut enim ad minim veniam, quis nostrud exercitation ullamco laboris nisi ut aliquip ex ea commodo consequat. Duis aute irure dolor in reprehenderit in voluptate velit esse cillum dolore eu fugiat nulla pariatur. Excepteur sint occaecat cupidatat non proident, sunt in culpa qui officia deserunt mollit anim id est laborum.',5,981945732,720679528,'2013-10-09 15:24:49','2013-10-09 15:24:49'),(375624041,'Proprietary period',NULL,6,427658383,741010468,'2013-10-09 15:24:49','2013-10-09 15:24:49'),(398958965,'Data Generation Activities',NULL,3,366328166,1024687474,'2013-10-09 15:24:49','2013-10-09 15:24:49'),(430988464,'Copyright and intellectual property ownership of the data',NULL,7,445110255,850994612,'2013-10-09 15:24:49','2013-10-09 15:24:49'),(433277335,'Data collection / generation',NULL,2,417795395,922528504,'2013-10-09 15:24:49','2013-10-09 15:24:49'),(440151596,'Methods for data sharing',NULL,5,212928260,737808679,'2013-10-09 15:24:49','2013-10-09 15:24:49'),(491907637,'Data areas and data types',NULL,1,212928260,737808679,'2013-10-09 15:24:49','2013-10-09 15:24:49'),(515804560,'Policies and Responsibilities',NULL,6,417795395,922528504,'2013-10-09 15:24:49','2013-10-09 15:24:49'),(517839031,'Planned quality assurance and back-up procedures (security/storage)',NULL,3,445110255,850994612,'2013-10-09 15:24:49','2013-10-09 15:24:49'),(549491174,'Roles and Responsibilities',NULL,2,366328166,1024687474,'2013-10-09 15:24:49','2013-10-09 15:24:49'),(558759683,'Data sharing agreement',NULL,7,1065574598,394923695,'2013-10-09 15:24:49','2013-10-09 15:24:49'),(560243188,'How data will be shared',NULL,7,427658383,741010468,'2013-10-09 15:24:49','2013-10-09 15:24:49'),(579219391,'Existing datasets to be used by the grant or fellowship',NULL,2,204988261,1024687474,'2013-10-09 15:24:49','2013-10-09 15:24:49'),(612151114,'Access for other researchers',NULL,4,323145048,1046357252,'2013-10-09 15:24:49','2013-10-09 15:24:49'),(613241498,'Format of the final dataset',NULL,8,212928260,737808679,'2013-10-09 15:24:49','2013-10-09 15:24:49'),(628837543,'Technical Methodology',NULL,2,339900351,766049908,'2013-10-09 15:24:49','2013-10-09 15:24:49'),(638150123,'Software and metadata implications',NULL,3,427658383,741010468,'2013-10-09 15:24:49','2013-10-09 15:24:49'),(639646490,'Metadata, documentation and other supporting material',NULL,3,1065574598,394923695,'2013-10-09 15:24:49','2013-10-09 15:24:49'),(665671167,'Data Quality',NULL,6,366328166,1024687474,'2013-10-09 15:24:49','2013-10-09 15:24:49'),(697523754,'Documentation and Metadata','Lorem ipsum dolor sit amet, consectetur adipisicing elit, sed do eiusmod tempor incididunt ut labore et dolore magna aliqua. Ut enim ad minim veniam, quis nostrud exercitation ullamco laboris nisi ut aliquip ex ea commodo consequat. Duis aute irure dolor in reprehenderit in voluptate velit esse cillum dolore eu fugiat nulla pariatur. Excepteur sint occaecat cupidatat non proident, sunt in culpa qui officia deserunt mollit anim id est laborum.',3,981945732,720679528,'2013-10-09 15:24:49','2013-10-09 15:24:49'),(702195744,'Information on the data that will be produced',NULL,2,445110255,850994612,'2013-10-09 15:24:49','2013-10-09 15:24:49'),(758849215,'Secondary Use',NULL,4,212928260,737808679,'2013-10-09 15:24:49','2013-10-09 15:24:49'),(783772729,'Consent, confidentiality, anonymisation and other ethical considerations',NULL,6,445110255,850994612,'2013-10-09 15:24:49','2013-10-09 15:24:49'),(785676548,'Data management, documentation and curation',NULL,3,417795395,922528504,'2013-10-09 15:24:49','2013-10-09 15:24:49'),(816901281,'Data security and confidentiality of potentially disclosive personal information',NULL,4,417795395,922528504,'2013-10-09 15:24:49','2013-10-09 15:24:49'),(819198364,'Existing data',NULL,1,445110255,850994612,'2013-10-09 15:24:49','2013-10-09 15:24:49'),(836484193,'Resources required to preserve and share data',NULL,8,427658383,741010468,'2013-10-09 15:24:49','2013-10-09 15:24:49'),(838001300,'Sharing restrictions',NULL,8,1065574598,394923695,'2013-10-09 15:24:49','2013-10-09 15:24:49'),(861899552,'Relationship to other data available in public repositories',NULL,3,212928260,737808679,'2013-10-09 15:24:49','2013-10-09 15:24:49'),(863526891,'Data Collection','Lorem ipsum dolor sit amet, consectetur adipisicing elit, sed do eiusmod tempor incididunt ut labore et dolore magna aliqua. Ut enim ad minim veniam, quis nostrud exercitation ullamco laboris nisi ut aliquip ex ea commodo consequat. Duis aute irure dolor in reprehenderit in voluptate velit esse cillum dolore eu fugiat nulla pariatur. Excepteur sint occaecat cupidatat non proident, sunt in culpa qui officia deserunt mollit anim id est laborum.',2,981945732,720679528,'2013-10-09 15:24:49','2013-10-09 15:24:49'),(875712263,'Timeframes',NULL,7,212928260,737808679,'2013-10-09 15:24:49','2013-10-09 15:24:49'),(887641744,'Responsibilities and Resources','Lorem ipsum dolor sit amet, consectetur adipisicing elit, sed do eiusmod tempor incididunt ut labore et dolore magna aliqua. Ut enim ad minim veniam, quis nostrud exercitation ullamco laboris nisi ut aliquip ex ea commodo consequat. Duis aute irure dolor in reprehenderit in voluptate velit esse cillum dolore eu fugiat nulla pariatur. Excepteur sint occaecat cupidatat non proident, sunt in culpa qui officia deserunt mollit anim id est laborum.',8,981945732,720679528,'2013-10-09 15:24:49','2013-10-09 15:24:49'),(923945068,'Third Party/Existing Datasets',NULL,9,366328166,1024687474,'2013-10-09 15:24:49','2013-10-09 15:24:49'),(935214469,'Overcoming data sharing difficulties',NULL,5,445110255,850994612,'2013-10-09 15:24:49','2013-10-09 15:24:49'),(944025275,'Sharing method',NULL,4,1065574598,394923695,'2013-10-09 15:24:49','2013-10-09 15:24:49'),(946729036,'Preservation period',NULL,4,427658383,741010468,'2013-10-09 15:24:49','2013-10-09 15:24:49'),(958766736,'Administrative Data','Lorem ipsum dolor sit amet, consectetur adipisicing elit, sed do eiusmod tempor incididunt ut labore et dolore magna aliqua. Ut enim ad minim veniam, quis nostrud exercitation ullamco laboris nisi ut aliquip ex ea commodo consequat. Duis aute irure dolor in reprehenderit in voluptate velit esse cillum dolore eu fugiat nulla pariatur. Excepteur sint occaecat cupidatat non proident, sunt in culpa qui officia deserunt mollit anim id est laborum.',1,981945732,720679528,'2013-10-09 15:24:49','2013-10-09 15:24:49'),(969523294,'Organisation',NULL,1,366328166,1024687474,'2013-10-09 15:24:49','2013-10-09 15:24:49'),(974666475,'Data sharing method',NULL,3,323145048,1046357252,'2013-10-09 15:24:49','2013-10-09 15:24:49'),(999259655,'Data management procedures to be followed during the lifetime of the grant or fellowship',NULL,1,204988261,1024687474,'2013-10-09 15:24:49','2013-10-09 15:24:49'),(1014111519,'Summary of Digital Outputs and Digital Technologies',NULL,1,339900351,766049908,'2013-10-09 15:24:49','2013-10-09 15:24:49'),(1024261501,'Ethics and Legal Compliance','Lorem ipsum dolor sit amet, consectetur adipisicing elit, sed do eiusmod tempor incididunt ut labore et dolore magna aliqua. Ut enim ad minim veniam, quis nostrud exercitation ullamco laboris nisi ut aliquip ex ea commodo consequat. Duis aute irure dolor in reprehenderit in voluptate velit esse cillum dolore eu fugiat nulla pariatur. Excepteur sint occaecat cupidatat non proident, sunt in culpa qui officia deserunt mollit anim id est laborum.',4,981945732,720679528,'2013-10-09 15:24:49','2013-10-09 15:24:49'),(1031143154,'Required resources',NULL,7,323145048,1046357252,'2013-10-09 15:24:49','2013-10-09 15:24:49'),(1050936391,'Metadata and Documentation','test',5,366328166,1024687474,'2013-10-09 15:24:49','2013-11-18 11:38:22');
/*!40000 ALTER TABLE `sections` ENABLE KEYS */;
UNLOCK TABLES;

--
-- Table structure for table `splash_logs`
--

DROP TABLE IF EXISTS `splash_logs`;
/*!40101 SET @saved_cs_client     = @@character_set_client */;
/*!40101 SET character_set_client = utf8 */;
CREATE TABLE `splash_logs` (
  `id` int(11) NOT NULL AUTO_INCREMENT,
  `destination` varchar(255) COLLATE utf8_unicode_ci DEFAULT NULL,
  `created_at` datetime NOT NULL,
  `updated_at` datetime NOT NULL,
  PRIMARY KEY (`id`)
) ENGINE=InnoDB AUTO_INCREMENT=42 DEFAULT CHARSET=utf8 COLLATE=utf8_unicode_ci;
/*!40101 SET character_set_client = @saved_cs_client */;

--
-- Dumping data for table `splash_logs`
--

LOCK TABLES `splash_logs` WRITE;
/*!40000 ALTER TABLE `splash_logs` DISABLE KEYS */;
INSERT INTO `splash_logs` VALUES (1,'http://dmponline4.dcc.ac.uk','2013-11-27 14:12:14','2013-11-27 14:12:14'),(2,'http://dmponline4.dcc.ac.uk','2013-11-27 14:12:36','2013-11-27 14:12:36'),(3,'http://dmponline4.dcc.ac.uk','2013-11-27 14:42:53','2013-11-27 14:42:53'),(4,'http://dmponline4.dcc.ac.uk','2013-11-27 15:49:16','2013-11-27 15:49:16'),(5,'http://dmponline4.dcc.ac.uk','2013-11-28 14:39:26','2013-11-28 14:39:26'),(6,'http://dmponline4.dcc.ac.uk','2013-11-28 15:12:08','2013-11-28 15:12:08'),(7,'http://dmponline4.dcc.ac.uk','2013-11-28 15:30:31','2013-11-28 15:30:31'),(8,'http://dmponline4.dcc.ac.uk','2013-11-28 17:56:43','2013-11-28 17:56:43'),(9,'http://dmponline4.dcc.ac.uk','2013-11-29 09:25:23','2013-11-29 09:25:23'),(10,'http://dmponline4.dcc.ac.uk','2013-11-29 12:38:10','2013-11-29 12:38:10'),(11,'http://dmponline4.dcc.ac.uk','2013-11-29 12:39:26','2013-11-29 12:39:26'),(12,'http://dmponline4.dcc.ac.uk','2013-11-29 21:49:36','2013-11-29 21:49:36'),(13,'http://dmponline4.dcc.ac.uk','2013-11-29 21:51:09','2013-11-29 21:51:09'),(14,'http://dmponline4.dcc.ac.uk','2013-11-29 22:03:05','2013-11-29 22:03:05'),(15,'http://dmponline4.dcc.ac.uk','2013-11-29 22:06:38','2013-11-29 22:06:38'),(16,'http://dmponline4.dcc.ac.uk','2013-12-01 12:27:21','2013-12-01 12:27:21'),(17,'http://dmponline4.dcc.ac.uk','2013-12-01 12:29:49','2013-12-01 12:29:49'),(18,'http://dmponline4.dcc.ac.uk','2013-12-01 12:30:43','2013-12-01 12:30:43'),(19,'http://dmponline4.dcc.ac.uk','2013-12-02 09:42:38','2013-12-02 09:42:38'),(20,'http://dmponline4.dcc.ac.uk','2013-12-02 09:42:55','2013-12-02 09:42:55'),(21,'http://dmponline4.dcc.ac.uk','2013-12-03 11:30:56','2013-12-03 11:30:56'),(22,'http://dmponline4.dcc.ac.uk','2013-12-03 14:22:37','2013-12-03 14:22:37'),(23,'http://dmponline4.dcc.ac.uk','2013-12-03 14:58:12','2013-12-03 14:58:12'),(24,'http://dmponline4.dcc.ac.uk','2013-12-03 17:32:52','2013-12-03 17:32:52'),(25,'http://dmponline4.dcc.ac.uk','2013-12-03 18:10:39','2013-12-03 18:10:39'),(26,'http://dmponline4.dcc.ac.uk','2013-12-04 12:21:03','2013-12-04 12:21:03'),(27,'http://dmponline4.dcc.ac.uk','2013-12-04 15:42:57','2013-12-04 15:42:57'),(28,'http://dmponline4.dcc.ac.uk','2013-12-04 15:43:03','2013-12-04 15:43:03'),(29,'http://dmponline4.dcc.ac.uk','2013-12-04 16:25:23','2013-12-04 16:25:23'),(30,'http://dmponline4.dcc.ac.uk','2013-12-05 08:47:21','2013-12-05 08:47:21'),(31,'http://dmponline4.dcc.ac.uk','2013-12-05 08:47:28','2013-12-05 08:47:28'),(32,'http://dmponline4.dcc.ac.uk','2013-12-05 18:16:26','2013-12-05 18:16:26'),(33,'http://dmponline4.dcc.ac.uk','2013-12-05 18:23:30','2013-12-05 18:23:30'),(34,'http://dmponline4.dcc.ac.uk','2013-12-06 12:13:41','2013-12-06 12:13:41'),(35,'http://dmponline4.dcc.ac.uk','2013-12-06 16:40:43','2013-12-06 16:40:43'),(36,'http://dmponline4.dcc.ac.uk','2013-12-07 15:22:30','2013-12-07 15:22:30'),(37,'http://dmponline4.dcc.ac.uk','2013-12-09 15:12:59','2013-12-09 15:12:59'),(38,'http://dmponline4.dcc.ac.uk','2013-12-10 14:26:23','2013-12-10 14:26:23'),(39,'http://dmponline4.dcc.ac.uk','2013-12-12 11:28:28','2013-12-12 11:28:28'),(40,'http://dmponline4.dcc.ac.uk','2014-01-27 14:18:25','2014-01-27 14:18:25'),(41,'http://dmponline4.dcc.ac.uk','2014-01-29 12:23:30','2014-01-29 12:23:30');
/*!40000 ALTER TABLE `splash_logs` ENABLE KEYS */;
UNLOCK TABLES;

--
-- Table structure for table `suggested_answers`
--

DROP TABLE IF EXISTS `suggested_answers`;
/*!40101 SET @saved_cs_client     = @@character_set_client */;
/*!40101 SET character_set_client = utf8 */;
CREATE TABLE `suggested_answers` (
  `id` int(11) NOT NULL AUTO_INCREMENT,
  `question_id` int(11) DEFAULT NULL,
  `organisation_id` int(11) DEFAULT NULL,
  `text` text COLLATE utf8_unicode_ci,
  `created_at` datetime NOT NULL,
  `updated_at` datetime NOT NULL,
  `is_example` tinyint(1) DEFAULT NULL,
  PRIMARY KEY (`id`)
) ENGINE=InnoDB AUTO_INCREMENT=3 DEFAULT CHARSET=utf8 COLLATE=utf8_unicode_ci;
/*!40101 SET character_set_client = @saved_cs_client */;

--
-- Dumping data for table `suggested_answers`
--

LOCK TABLES `suggested_answers` WRITE;
/*!40000 ALTER TABLE `suggested_answers` DISABLE KEYS */;
INSERT INTO `suggested_answers` VALUES (1,257239034,851874071,'Neque porro quisquam est qui dolorem ipsum quia dolor sit amet, consectetur, adipisci velit...\"\r\n\"There is no one who loves pain itself, who seeks after it and wants to have it, simply because it is pain...\"','2013-12-05 11:44:35','2013-12-12 12:00:43',0),(2,375158342,851874071,'Lorem ipsum dolor sit amet, consectetur adipisicing elit, sed do eiusmod tempor incididunt ut labore et dolore magna aliqua. Ut enim ad minim veniam, quis nostrud exercitation ullamco laboris nisi ut aliquip ex ea commodo consequat. Duis aute irure dolor in reprehenderit in voluptate velit esse cillum dolore eu fugiat nulla pariatur. Excepteur sint occaecat cupidatat non proident, sunt in culpa qui officia deserunt mollit anim id est laborum.\r\n\r\n<ul>\r\n<li>a</li>\r\n<li>b</li>\r\n</ul>','2013-12-12 11:33:18','2014-02-04 13:02:17',1);
/*!40000 ALTER TABLE `suggested_answers` ENABLE KEYS */;
UNLOCK TABLES;

--
-- Table structure for table `themes`
--

DROP TABLE IF EXISTS `themes`;
/*!40101 SET @saved_cs_client     = @@character_set_client */;
/*!40101 SET character_set_client = utf8 */;
CREATE TABLE `themes` (
  `id` int(11) NOT NULL AUTO_INCREMENT,
  `title` varchar(255) COLLATE utf8_unicode_ci DEFAULT NULL,
  `description` text COLLATE utf8_unicode_ci,
  `created_at` datetime NOT NULL,
  `updated_at` datetime NOT NULL,
  `locale` varchar(255) COLLATE utf8_unicode_ci DEFAULT NULL,
  PRIMARY KEY (`id`)
) ENGINE=InnoDB AUTO_INCREMENT=1044661194 DEFAULT CHARSET=utf8 COLLATE=utf8_unicode_ci;
/*!40101 SET character_set_client = @saved_cs_client */;

--
-- Dumping data for table `themes`
--

LOCK TABLES `themes` WRITE;
/*!40000 ALTER TABLE `themes` DISABLE KEYS */;
INSERT INTO `themes` VALUES (101249380,'Related Policies','Lorem ipsum dolor sit amet, consectetur adipisicing elit, sed do eiusmod tempor incididunt ut labore et dolore magna aliqua. Ut enim ad minim veniam, quis nostrud exercitation ullamco laboris nisi ut aliquip ex ea commodo consequat. Duis aute irure dolor in reprehenderit in voluptate velit esse cillum dolore eu fugiat nulla pariatur. Excepteur sint occaecat cupidatat non proident, sunt in culpa qui officia deserunt mollit anim id est laborum.','2013-10-09 15:24:50','2013-10-09 15:24:50','en'),(111806224,'Licensing of Existing Data','Lorem ipsum dolor sit amet, consectetur adipisicing elit, sed do eiusmod tempor incididunt ut labore et dolore magna aliqua. Ut enim ad minim veniam, quis nostrud exercitation ullamco laboris nisi ut aliquip ex ea commodo consequat. Duis aute irure dolor in reprehenderit in voluptate velit esse cillum dolore eu fugiat nulla pariatur. Excepteur sint occaecat cupidatat non proident, sunt in culpa qui officia deserunt mollit anim id est laborum.','2013-10-09 15:24:50','2013-10-09 15:24:50','en'),(164464532,'Responsibilities','Lorem ipsum dolor sit amet, consectetur adipisicing elit, sed do eiusmod tempor incididunt ut labore et dolore magna aliqua. Ut enim ad minim veniam, quis nostrud exercitation ullamco laboris nisi ut aliquip ex ea commodo consequat. Duis aute irure dolor in reprehenderit in voluptate velit esse cillum dolore eu fugiat nulla pariatur. Excepteur sint occaecat cupidatat non proident, sunt in culpa qui officia deserunt mollit anim id est laborum.','2013-10-09 15:24:50','2013-10-09 15:24:50','en'),(164739338,'Discovery by Users','Lorem ipsum dolor sit amet, consectetur adipisicing elit, sed do eiusmod tempor incididunt ut labore et dolore magna aliqua. Ut enim ad minim veniam, quis nostrud exercitation ullamco laboris nisi ut aliquip ex ea commodo consequat. Duis aute irure dolor in reprehenderit in voluptate velit esse cillum dolore eu fugiat nulla pariatur. Excepteur sint occaecat cupidatat non proident, sunt in culpa qui officia deserunt mollit anim id est laborum.','2013-10-09 15:24:50','2013-10-09 15:24:50','en'),(176415376,'Preservation Plan','Lorem ipsum dolor sit amet, consectetur adipisicing elit, sed do eiusmod tempor incididunt ut labore et dolore magna aliqua. Ut enim ad minim veniam, quis nostrud exercitation ullamco laboris nisi ut aliquip ex ea commodo consequat. Duis aute irure dolor in reprehenderit in voluptate velit esse cillum dolore eu fugiat nulla pariatur. Excepteur sint occaecat cupidatat non proident, sunt in culpa qui officia deserunt mollit anim id est laborum.','2013-10-09 15:24:50','2013-10-09 15:24:50','en'),(187544633,'Resourcing: Hardware and Software','Lorem ipsum dolor sit amet, consectetur adipisicing elit, sed do eiusmod tempor incididunt ut labore et dolore magna aliqua. Ut enim ad minim veniam, quis nostrud exercitation ullamco laboris nisi ut aliquip ex ea commodo consequat. Duis aute irure dolor in reprehenderit in voluptate velit esse cillum dolore eu fugiat nulla pariatur. Excepteur sint occaecat cupidatat non proident, sunt in culpa qui officia deserunt mollit anim id est laborum.','2013-10-09 15:24:50','2013-10-09 15:24:50','en'),(192603571,'Period of Preservation','Lorem ipsum dolor sit amet, consectetur adipisicing elit, sed do eiusmod tempor incididunt ut labore et dolore magna aliqua. Ut enim ad minim veniam, quis nostrud exercitation ullamco laboris nisi ut aliquip ex ea commodo consequat. Duis aute irure dolor in reprehenderit in voluptate velit esse cillum dolore eu fugiat nulla pariatur. Excepteur sint occaecat cupidatat non proident, sunt in culpa qui officia deserunt mollit anim id est laborum.','2013-10-09 15:24:50','2013-10-09 15:24:50','en'),(256187421,'Data Security','Lorem ipsum dolor sit amet, consectetur adipisicing elit, sed do eiusmod tempor incididunt ut labore et dolore magna aliqua. Ut enim ad minim veniam, quis nostrud exercitation ullamco laboris nisi ut aliquip ex ea commodo consequat. Duis aute irure dolor in reprehenderit in voluptate velit esse cillum dolore eu fugiat nulla pariatur. Excepteur sint occaecat cupidatat non proident, sunt in culpa qui officia deserunt mollit anim id est laborum.','2013-10-09 15:24:50','2013-10-09 15:24:50','en'),(260927530,'Method For Data Sharing','Lorem ipsum dolor sit amet, consectetur adipisicing elit, sed do eiusmod tempor incididunt ut labore et dolore magna aliqua. Ut enim ad minim veniam, quis nostrud exercitation ullamco laboris nisi ut aliquip ex ea commodo consequat. Duis aute irure dolor in reprehenderit in voluptate velit esse cillum dolore eu fugiat nulla pariatur. Excepteur sint occaecat cupidatat non proident, sunt in culpa qui officia deserunt mollit anim id est laborum.','2013-10-09 15:24:50','2013-10-09 15:24:50','en'),(288041515,'Active Data Storage','Lorem ipsum dolor sit amet, consectetur adipisicing elit, sed do eiusmod tempor incididunt ut labore et dolore magna aliqua. Ut enim ad minim veniam, quis nostrud exercitation ullamco laboris nisi ut aliquip ex ea commodo consequat. Duis aute irure dolor in reprehenderit in voluptate velit esse cillum dolore eu fugiat nulla pariatur. Excepteur sint occaecat cupidatat non proident, sunt in culpa qui officia deserunt mollit anim id est laborum.','2013-10-09 15:24:50','2013-10-09 15:24:50','en'),(301910969,'Data Capture Methods','Lorem ipsum dolor sit amet, consectetur adipisicing elit, sed do eiusmod tempor incididunt ut labore et dolore magna aliqua. Ut enim ad minim veniam, quis nostrud exercitation ullamco laboris nisi ut aliquip ex ea commodo consequat. Duis aute irure dolor in reprehenderit in voluptate velit esse cillum dolore eu fugiat nulla pariatur. Excepteur sint occaecat cupidatat non proident, sunt in culpa qui officia deserunt mollit anim id est laborum.','2013-10-09 15:24:50','2013-10-09 15:24:50','en'),(309205911,'Existing Data','Lorem ipsum dolor sit amet, consectetur adipisicing elit, sed do eiusmod tempor incididunt ut labore et dolore magna aliqua. Ut enim ad minim veniam, quis nostrud exercitation ullamco laboris nisi ut aliquip ex ea commodo consequat. Duis aute irure dolor in reprehenderit in voluptate velit esse cillum dolore eu fugiat nulla pariatur. Excepteur sint occaecat cupidatat non proident, sunt in culpa qui officia deserunt mollit anim id est laborum.','2013-10-09 15:24:50','2013-10-09 15:24:50','en'),(326237259,'Restrictions on Sharing','Lorem ipsum dolor sit amet, consectetur adipisicing elit, sed do eiusmod tempor incididunt ut labore et dolore magna aliqua. Ut enim ad minim veniam, quis nostrud exercitation ullamco laboris nisi ut aliquip ex ea commodo consequat. Duis aute irure dolor in reprehenderit in voluptate velit esse cillum dolore eu fugiat nulla pariatur. Excepteur sint occaecat cupidatat non proident, sunt in culpa qui officia deserunt mollit anim id est laborum.','2013-10-09 15:24:50','2013-10-09 15:24:50','en'),(332098838,'Data Repository','Lorem ipsum dolor sit amet, consectetur adipisicing elit, sed do eiusmod tempor incididunt ut labore et dolore magna aliqua. Ut enim ad minim veniam, quis nostrud exercitation ullamco laboris nisi ut aliquip ex ea commodo consequat. Duis aute irure dolor in reprehenderit in voluptate velit esse cillum dolore eu fugiat nulla pariatur. Excepteur sint occaecat cupidatat non proident, sunt in culpa qui officia deserunt mollit anim id est laborum.','2013-10-09 15:24:50','2013-10-09 15:24:50','en'),(352932788,'Timeframe For Data Sharing','Lorem ipsum dolor sit amet, consectetur adipisicing elit, sed do eiusmod tempor incididunt ut labore et dolore magna aliqua. Ut enim ad minim veniam, quis nostrud exercitation ullamco laboris nisi ut aliquip ex ea commodo consequat. Duis aute irure dolor in reprehenderit in voluptate velit esse cillum dolore eu fugiat nulla pariatur. Excepteur sint occaecat cupidatat non proident, sunt in culpa qui officia deserunt mollit anim id est laborum.','2013-10-09 15:24:50','2013-10-09 15:24:50','en'),(357858435,'Expected Reuse','Lorem ipsum dolor sit amet, consectetur adipisicing elit, sed do eiusmod tempor incididunt ut labore et dolore magna aliqua. Ut enim ad minim veniam, quis nostrud exercitation ullamco laboris nisi ut aliquip ex ea commodo consequat. Duis aute irure dolor in reprehenderit in voluptate velit esse cillum dolore eu fugiat nulla pariatur. Excepteur sint occaecat cupidatat non proident, sunt in culpa qui officia deserunt mollit anim id est laborum.','2013-10-09 15:24:50','2013-10-09 15:24:50','en'),(382261392,'Description of Data Content','Lorem ipsum dolor sit amet, consectetur adipisicing elit, sed do eiusmod tempor incididunt ut labore et dolore magna aliqua. Ut enim ad minim veniam, quis nostrud exercitation ullamco laboris nisi ut aliquip ex ea commodo consequat. Duis aute irure dolor in reprehenderit in voluptate velit esse cillum dolore eu fugiat nulla pariatur. Excepteur sint occaecat cupidatat non proident, sunt in culpa qui officia deserunt mollit anim id est laborum.','2013-10-09 15:24:50','2013-10-09 15:24:50','en'),(401264193,'Resourcing: Preservation and Data Sharing','Lorem ipsum dolor sit amet, consectetur adipisicing elit, sed do eiusmod tempor incididunt ut labore et dolore magna aliqua. Ut enim ad minim veniam, quis nostrud exercitation ullamco laboris nisi ut aliquip ex ea commodo consequat. Duis aute irure dolor in reprehenderit in voluptate velit esse cillum dolore eu fugiat nulla pariatur. Excepteur sint occaecat cupidatat non proident, sunt in culpa qui officia deserunt mollit anim id est laborum.','2013-10-09 15:24:50','2013-10-09 15:24:50','en'),(414801377,'Data Quality','Lorem ipsum dolor sit amet, consectetur adipisicing elit, sed do eiusmod tempor incididunt ut labore et dolore magna aliqua. Ut enim ad minim veniam, quis nostrud exercitation ullamco laboris nisi ut aliquip ex ea commodo consequat. Duis aute irure dolor in reprehenderit in voluptate velit esse cillum dolore eu fugiat nulla pariatur. Excepteur sint occaecat cupidatat non proident, sunt in culpa qui officia deserunt mollit anim id est laborum.','2013-10-09 15:24:50','2013-10-09 15:24:50','en'),(420105441,'Data Selection','Lorem ipsum dolor sit amet, consectetur adipisicing elit, sed do eiusmod tempor incididunt ut labore et dolore magna aliqua. Ut enim ad minim veniam, quis nostrud exercitation ullamco laboris nisi ut aliquip ex ea commodo consequat. Duis aute irure dolor in reprehenderit in voluptate velit esse cillum dolore eu fugiat nulla pariatur. Excepteur sint occaecat cupidatat non proident, sunt in culpa qui officia deserunt mollit anim id est laborum.','2013-10-09 15:24:50','2013-10-09 15:24:50','en'),(428832285,'Metadata Capture','Lorem ipsum dolor sit amet, consectetur adipisicing elit, sed do eiusmod tempor incididunt ut labore et dolore magna aliqua. Ut enim ad minim veniam, quis nostrud exercitation ullamco laboris nisi ut aliquip ex ea commodo consequat. Duis aute irure dolor in reprehenderit in voluptate velit esse cillum dolore eu fugiat nulla pariatur. Excepteur sint occaecat cupidatat non proident, sunt in culpa qui officia deserunt mollit anim id est laborum.','2013-10-09 15:24:50','2013-10-09 15:24:50','en'),(493239211,'Relationship to Existing Data','Lorem ipsum dolor sit amet, consectetur adipisicing elit, sed do eiusmod tempor incididunt ut labore et dolore magna aliqua. Ut enim ad minim veniam, quis nostrud exercitation ullamco laboris nisi ut aliquip ex ea commodo consequat. Duis aute irure dolor in reprehenderit in voluptate velit esse cillum dolore eu fugiat nulla pariatur. Excepteur sint occaecat cupidatat non proident, sunt in culpa qui officia deserunt mollit anim id est laborum.','2013-10-09 15:24:50','2013-10-09 15:24:50','en'),(517471460,'Data Volumes','Lorem ipsum dolor sit amet, consectetur adipisicing elit, sed do eiusmod tempor incididunt ut labore et dolore magna aliqua. Ut enim ad minim veniam, quis nostrud exercitation ullamco laboris nisi ut aliquip ex ea commodo consequat. Duis aute irure dolor in reprehenderit in voluptate velit esse cillum dolore eu fugiat nulla pariatur. Excepteur sint occaecat cupidatat non proident, sunt in culpa qui officia deserunt mollit anim id est laborum.','2013-10-09 15:24:50','2013-10-09 15:24:50','en'),(523009432,'IPR Ownership and Licencing','Lorem ipsum dolor sit amet, consectetur adipisicing elit, sed do eiusmod tempor incididunt ut labore et dolore magna aliqua. Ut enim ad minim veniam, quis nostrud exercitation ullamco laboris nisi ut aliquip ex ea commodo consequat. Duis aute irure dolor in reprehenderit in voluptate velit esse cillum dolore eu fugiat nulla pariatur. Excepteur sint occaecat cupidatat non proident, sunt in culpa qui officia deserunt mollit anim id est laborum.','2013-10-09 15:24:50','2013-10-09 15:24:50','en'),(666612770,'Embargo Period','Lorem ipsum dolor sit amet, consectetur adipisicing elit, sed do eiusmod tempor incididunt ut labore et dolore magna aliqua. Ut enim ad minim veniam, quis nostrud exercitation ullamco laboris nisi ut aliquip ex ea commodo consequat. Duis aute irure dolor in reprehenderit in voluptate velit esse cillum dolore eu fugiat nulla pariatur. Excepteur sint occaecat cupidatat non proident, sunt in culpa qui officia deserunt mollit anim id est laborum.','2013-10-09 15:24:50','2013-10-09 15:24:50','en'),(767902966,'Managed Access Procedures','Lorem ipsum dolor sit amet, consectetur adipisicing elit, sed do eiusmod tempor incididunt ut labore et dolore magna aliqua. Ut enim ad minim veniam, quis nostrud exercitation ullamco laboris nisi ut aliquip ex ea commodo consequat. Duis aute irure dolor in reprehenderit in voluptate velit esse cillum dolore eu fugiat nulla pariatur. Excepteur sint occaecat cupidatat non proident, sunt in culpa qui officia deserunt mollit anim id est laborum.','2013-10-09 15:24:50','2013-10-09 15:24:50','en'),(786556103,'Ethical Issues','Lorem ipsum dolor sit amet, consectetur adipisicing elit, sed do eiusmod tempor incididunt ut labore et dolore magna aliqua. Ut enim ad minim veniam, quis nostrud exercitation ullamco laboris nisi ut aliquip ex ea commodo consequat. Duis aute irure dolor in reprehenderit in voluptate velit esse cillum dolore eu fugiat nulla pariatur. Excepteur sint occaecat cupidatat non proident, sunt in culpa qui officia deserunt mollit anim id est laborum.','2013-10-09 15:24:50','2013-10-09 15:24:50','en'),(806836838,'Data Organisation','Lorem ipsum dolor sit amet, consectetur adipisicing elit, sed do eiusmod tempor incididunt ut labore et dolore magna aliqua. Ut enim ad minim veniam, quis nostrud exercitation ullamco laboris nisi ut aliquip ex ea commodo consequat. Duis aute irure dolor in reprehenderit in voluptate velit esse cillum dolore eu fugiat nulla pariatur. Excepteur sint occaecat cupidatat non proident, sunt in culpa qui officia deserunt mollit anim id est laborum.','2013-10-09 15:24:50','2013-10-09 15:24:50','en'),(846464335,'Metadata Standards','Lorem ipsum dolor sit amet, consectetur adipisicing elit, sed do eiusmod tempor incididunt ut labore et dolore magna aliqua. Ut enim ad minim veniam, quis nostrud exercitation ullamco laboris nisi ut aliquip ex ea commodo consequat. Duis aute irure dolor in reprehenderit in voluptate velit esse cillum dolore eu fugiat nulla pariatur. Excepteur sint occaecat cupidatat non proident, sunt in culpa qui officia deserunt mollit anim id est laborum.','2013-10-09 15:24:50','2013-10-09 15:24:50','en'),(869640508,'Documentation','Lorem ipsum dolor sit amet, consectetur adipisicing elit, sed do eiusmod tempor incididunt ut labore et dolore magna aliqua. Ut enim ad minim veniam, quis nostrud exercitation ullamco laboris nisi ut aliquip ex ea commodo consequat. Duis aute irure dolor in reprehenderit in voluptate velit esse cillum dolore eu fugiat nulla pariatur. Excepteur sint occaecat cupidatat non proident, sunt in culpa qui officia deserunt mollit anim id est laborum.','2013-10-09 15:24:50','2013-10-09 15:24:50','en'),(880689290,'Backup Procedures','Lorem ipsum dolor sit amet, consectetur adipisicing elit, sed do eiusmod tempor incididunt ut labore et dolore magna aliqua. Ut enim ad minim veniam, quis nostrud exercitation ullamco laboris nisi ut aliquip ex ea commodo consequat. Duis aute irure dolor in reprehenderit in voluptate velit esse cillum dolore eu fugiat nulla pariatur. Excepteur sint occaecat cupidatat non proident, sunt in culpa qui officia deserunt mollit anim id est laborum.','2013-10-09 15:24:50','2013-10-09 15:24:50','en'),(906413627,'Resourcing: Skills and Training','Lorem ipsum dolor sit amet, consectetur adipisicing elit, sed do eiusmod tempor incididunt ut labore et dolore magna aliqua. Ut enim ad minim veniam, quis nostrud exercitation ullamco laboris nisi ut aliquip ex ea commodo consequat. Duis aute irure dolor in reprehenderit in voluptate velit esse cillum dolore eu fugiat nulla pariatur. Excepteur sint occaecat cupidatat non proident, sunt in culpa qui officia deserunt mollit anim id est laborum.','2013-10-09 15:24:50','2013-10-09 15:24:50','en'),(932289739,'Data Type','Lorem ipsum dolor sit amet, consectetur adipisicing elit, sed do eiusmod tempor incididunt ut labore et dolore magna aliqua. Ut enim ad minim veniam, quis nostrud exercitation ullamco laboris nisi ut aliquip ex ea commodo consequat. Duis aute irure dolor in reprehenderit in voluptate velit esse cillum dolore eu fugiat nulla pariatur. Excepteur sint occaecat cupidatat non proident, sunt in culpa qui officia deserunt mollit anim id est laborum.','2013-10-09 15:24:50','2013-10-09 15:24:50','en'),(1036882971,'Audience','Lorem ipsum dolor sit amet, consectetur adipisicing elit, sed do eiusmod tempor incididunt ut labore et dolore magna aliqua. Ut enim ad minim veniam, quis nostrud exercitation ullamco laboris nisi ut aliquip ex ea commodo consequat. Duis aute irure dolor in reprehenderit in voluptate velit esse cillum dolore eu fugiat nulla pariatur. Excepteur sint occaecat cupidatat non proident, sunt in culpa qui officia deserunt mollit anim id est laborum.','2013-10-09 15:24:50','2013-10-09 15:24:50','en'),(1044661192,'Data Format','Lorem ipsum dolor sit amet, consectetur adipisicing elit, sed do eiusmod tempor incididunt ut labore et dolore magna aliqua.','2013-10-09 15:24:50','2013-11-18 23:36:02','en'),(1044661193,'test','','2013-11-20 12:23:03','2013-11-20 12:23:03',NULL);
/*!40000 ALTER TABLE `themes` ENABLE KEYS */;
UNLOCK TABLES;

--
-- Table structure for table `themes_in_guidance`
--

DROP TABLE IF EXISTS `themes_in_guidance`;
/*!40101 SET @saved_cs_client     = @@character_set_client */;
/*!40101 SET character_set_client = utf8 */;
CREATE TABLE `themes_in_guidance` (
  `theme_id` int(11) DEFAULT NULL,
  `guidance_id` int(11) DEFAULT NULL
) ENGINE=InnoDB DEFAULT CHARSET=utf8 COLLATE=utf8_unicode_ci;
/*!40101 SET character_set_client = @saved_cs_client */;

--
-- Dumping data for table `themes_in_guidance`
--

LOCK TABLES `themes_in_guidance` WRITE;
/*!40000 ALTER TABLE `themes_in_guidance` DISABLE KEYS */;
INSERT INTO `themes_in_guidance` VALUES (288041515,1044661195),(1044661192,1044661192),(932289739,932289739);
/*!40000 ALTER TABLE `themes_in_guidance` ENABLE KEYS */;
UNLOCK TABLES;

--
-- Table structure for table `user_org_roles`
--

DROP TABLE IF EXISTS `user_org_roles`;
/*!40101 SET @saved_cs_client     = @@character_set_client */;
/*!40101 SET character_set_client = utf8 */;
CREATE TABLE `user_org_roles` (
  `id` int(11) NOT NULL AUTO_INCREMENT,
  `user_id` int(11) DEFAULT NULL,
  `organisation_id` int(11) DEFAULT NULL,
  `user_role_type_id` int(11) DEFAULT NULL,
  `created_at` datetime NOT NULL,
  `updated_at` datetime NOT NULL,
  PRIMARY KEY (`id`)
) ENGINE=InnoDB AUTO_INCREMENT=27 DEFAULT CHARSET=utf8 COLLATE=utf8_unicode_ci;
/*!40101 SET character_set_client = @saved_cs_client */;

--
-- Dumping data for table `user_org_roles`
--

LOCK TABLES `user_org_roles` WRITE;
/*!40000 ALTER TABLE `user_org_roles` DISABLE KEYS */;
INSERT INTO `user_org_roles` VALUES (1,1,851874071,913902288,'2013-10-10 09:50:18','2013-10-10 09:50:18'),(2,2,720679528,913902288,'2013-10-10 13:40:38','2013-10-10 13:40:38'),(3,4,851874071,913902288,'2013-10-22 16:47:32','2013-10-22 16:47:32'),(4,4,851874071,913902288,'2013-11-26 14:15:22','2013-11-26 14:15:22'),(5,1,851874071,913902288,'2013-11-26 17:00:13','2013-11-26 17:00:13'),(6,1,851874071,913902288,'2013-12-07 15:50:31','2013-12-07 15:50:31'),(7,1,851874071,913902288,'2013-12-07 15:50:51','2013-12-07 15:50:51'),(8,1,851874071,913902288,'2013-12-12 14:04:38','2013-12-12 14:04:38'),(9,1,851874071,913902288,'2013-12-12 14:10:13','2013-12-12 14:10:13'),(10,1,851874071,913902288,'2013-12-12 14:15:23','2013-12-12 14:15:23'),(11,1,851874071,913902288,'2013-12-12 14:16:51','2013-12-12 14:16:51'),(12,1,851874071,913902288,'2013-12-12 14:17:14','2013-12-12 14:17:14'),(13,1,851874071,913902288,'2013-12-12 14:19:33','2013-12-12 14:19:33'),(14,1,851874071,913902288,'2013-12-12 14:31:01','2013-12-12 14:31:01'),(15,1,851874071,913902288,'2013-12-12 14:39:18','2013-12-12 14:39:18'),(16,1,851874071,913902288,'2013-12-12 14:49:27','2013-12-12 14:49:27'),(17,1,851874071,913902288,'2013-12-12 14:55:13','2013-12-12 14:55:13'),(18,1,851874071,913902288,'2013-12-12 14:56:04','2013-12-12 14:56:04'),(19,1,851874071,913902288,'2013-12-12 14:58:24','2013-12-12 14:58:24'),(20,1,851874071,913902288,'2013-12-12 15:00:32','2013-12-12 15:00:32'),(21,1,851874071,913902288,'2013-12-12 15:01:53','2013-12-12 15:01:53'),(22,1,851874071,913902288,'2013-12-12 15:02:19','2013-12-12 15:02:19'),(23,1,851874071,913902288,'2013-12-12 15:04:43','2013-12-12 15:04:43'),(24,1,851874071,913902288,'2013-12-12 15:08:03','2013-12-12 15:08:03'),(25,1,851874071,913902288,'2013-12-12 15:12:26','2013-12-12 15:12:26'),(26,1,851874071,913902288,'2014-01-27 12:00:18','2014-01-27 12:00:18');
/*!40000 ALTER TABLE `user_org_roles` ENABLE KEYS */;
UNLOCK TABLES;

--
-- Table structure for table `user_role_types`
--

DROP TABLE IF EXISTS `user_role_types`;
/*!40101 SET @saved_cs_client     = @@character_set_client */;
/*!40101 SET character_set_client = utf8 */;
CREATE TABLE `user_role_types` (
  `id` int(11) NOT NULL AUTO_INCREMENT,
  `name` varchar(255) COLLATE utf8_unicode_ci DEFAULT NULL,
  `description` text COLLATE utf8_unicode_ci,
  `created_at` datetime NOT NULL,
  `updated_at` datetime NOT NULL,
  PRIMARY KEY (`id`)
) ENGINE=InnoDB AUTO_INCREMENT=913902289 DEFAULT CHARSET=utf8 COLLATE=utf8_unicode_ci;
/*!40101 SET character_set_client = @saved_cs_client */;

--
-- Dumping data for table `user_role_types`
--

LOCK TABLES `user_role_types` WRITE;
/*!40000 ALTER TABLE `user_role_types` DISABLE KEYS */;
INSERT INTO `user_role_types` VALUES (913902288,'user',NULL,'2013-10-09 15:24:50','2013-10-09 15:24:50');
/*!40000 ALTER TABLE `user_role_types` ENABLE KEYS */;
UNLOCK TABLES;

--
-- Table structure for table `user_statuses`
--

DROP TABLE IF EXISTS `user_statuses`;
/*!40101 SET @saved_cs_client     = @@character_set_client */;
/*!40101 SET character_set_client = utf8 */;
CREATE TABLE `user_statuses` (
  `id` int(11) NOT NULL AUTO_INCREMENT,
  `name` varchar(255) COLLATE utf8_unicode_ci DEFAULT NULL,
  `description` text COLLATE utf8_unicode_ci,
  `created_at` datetime NOT NULL,
  `updated_at` datetime NOT NULL,
  PRIMARY KEY (`id`)
) ENGINE=InnoDB AUTO_INCREMENT=3 DEFAULT CHARSET=utf8 COLLATE=utf8_unicode_ci;
/*!40101 SET character_set_client = @saved_cs_client */;

--
-- Dumping data for table `user_statuses`
--

LOCK TABLES `user_statuses` WRITE;
/*!40000 ALTER TABLE `user_statuses` DISABLE KEYS */;
INSERT INTO `user_statuses` VALUES (1,'Active','','2013-11-06 11:37:54','2013-11-06 11:37:54'),(2,'Archived','','2013-11-06 14:52:21','2013-11-06 14:52:21');
/*!40000 ALTER TABLE `user_statuses` ENABLE KEYS */;
UNLOCK TABLES;

--
-- Table structure for table `user_types`
--

DROP TABLE IF EXISTS `user_types`;
/*!40101 SET @saved_cs_client     = @@character_set_client */;
/*!40101 SET character_set_client = utf8 */;
CREATE TABLE `user_types` (
  `id` int(11) NOT NULL AUTO_INCREMENT,
  `name` varchar(255) COLLATE utf8_unicode_ci DEFAULT NULL,
  `description` text COLLATE utf8_unicode_ci,
  `created_at` datetime NOT NULL,
  `updated_at` datetime NOT NULL,
  PRIMARY KEY (`id`)
) ENGINE=InnoDB AUTO_INCREMENT=5 DEFAULT CHARSET=utf8 COLLATE=utf8_unicode_ci;
/*!40101 SET character_set_client = @saved_cs_client */;

--
-- Dumping data for table `user_types`
--

LOCK TABLES `user_types` WRITE;
/*!40000 ALTER TABLE `user_types` DISABLE KEYS */;
INSERT INTO `user_types` VALUES (1,'Developer','','2013-11-06 14:53:05','2013-11-06 14:53:05'),(2,'Project Manager','','2013-11-06 14:53:44','2013-11-06 14:53:44'),(3,'Archivist','','2013-11-06 14:54:32','2013-11-06 14:54:32'),(4,'Librarian','','2013-11-06 14:54:54','2013-11-06 14:54:54');
/*!40000 ALTER TABLE `user_types` ENABLE KEYS */;
UNLOCK TABLES;

--
-- Table structure for table `users`
--

DROP TABLE IF EXISTS `users`;
/*!40101 SET @saved_cs_client     = @@character_set_client */;
/*!40101 SET character_set_client = utf8 */;
CREATE TABLE `users` (
  `id` int(11) NOT NULL AUTO_INCREMENT,
  `firstname` varchar(255) COLLATE utf8_unicode_ci DEFAULT NULL,
  `surname` varchar(255) COLLATE utf8_unicode_ci DEFAULT NULL,
  `email` varchar(255) COLLATE utf8_unicode_ci NOT NULL DEFAULT '',
  `password` varchar(255) COLLATE utf8_unicode_ci DEFAULT NULL,
  `orcid_id` varchar(255) COLLATE utf8_unicode_ci DEFAULT NULL,
  `shibboleth_id` varchar(255) COLLATE utf8_unicode_ci DEFAULT NULL,
  `user_type_id` int(11) DEFAULT NULL,
  `user_status_id` int(11) DEFAULT NULL,
  `login_count` int(11) DEFAULT NULL,
  `last_login` datetime DEFAULT NULL,
  `created_at` datetime NOT NULL,
  `updated_at` datetime NOT NULL,
  `encrypted_password` varchar(255) COLLATE utf8_unicode_ci DEFAULT '',
  `reset_password_token` varchar(255) COLLATE utf8_unicode_ci DEFAULT NULL,
  `reset_password_sent_at` datetime DEFAULT NULL,
  `remember_created_at` datetime DEFAULT NULL,
  `sign_in_count` int(11) DEFAULT '0',
  `current_sign_in_at` datetime DEFAULT NULL,
  `last_sign_in_at` datetime DEFAULT NULL,
  `current_sign_in_ip` varchar(255) COLLATE utf8_unicode_ci DEFAULT NULL,
  `last_sign_in_ip` varchar(255) COLLATE utf8_unicode_ci DEFAULT NULL,
  `confirmation_token` varchar(255) COLLATE utf8_unicode_ci DEFAULT NULL,
  `confirmed_at` datetime DEFAULT NULL,
  `confirmation_sent_at` datetime DEFAULT NULL,
  `invitation_token` varchar(255) COLLATE utf8_unicode_ci DEFAULT NULL,
  `invitation_created_at` datetime DEFAULT NULL,
  `invitation_sent_at` datetime DEFAULT NULL,
  `invitation_accepted_at` datetime DEFAULT NULL,
  `invitation_limit` int(11) DEFAULT NULL,
  `invited_by_id` int(11) DEFAULT NULL,
  `invited_by_type` varchar(255) COLLATE utf8_unicode_ci DEFAULT NULL,
  `other_organisation` varchar(255) COLLATE utf8_unicode_ci DEFAULT NULL,
  `dmponline3` tinyint(1) DEFAULT NULL,
  `accept_terms` tinyint(1) DEFAULT NULL,
  PRIMARY KEY (`id`),
  UNIQUE KEY `index_users_on_email` (`email`),
  UNIQUE KEY `index_users_on_confirmation_token` (`confirmation_token`),
  UNIQUE KEY `index_users_on_invitation_token` (`invitation_token`),
  UNIQUE KEY `index_users_on_reset_password_token` (`reset_password_token`),
  KEY `index_users_on_invited_by_id` (`invited_by_id`)
) ENGINE=InnoDB AUTO_INCREMENT=5 DEFAULT CHARSET=utf8 COLLATE=utf8_unicode_ci;
/*!40101 SET character_set_client = @saved_cs_client */;

--
-- Dumping data for table `users`
--

LOCK TABLES `users` WRITE;
/*!40000 ALTER TABLE `users` DISABLE KEYS */;
INSERT INTO `users` VALUES (1,'Marta M','Ribeiro','marta.ribeiro@ed.ac.uk',NULL,'','',NULL,NULL,NULL,NULL,'2013-10-10 09:50:18','2014-02-18 16:42:00','$2a$10$JtYMTY5jnBL43ugumPq3n.R/iYZiDE/BaUuqzASwxX.oMLJV1Oee6',NULL,NULL,NULL,54,'2014-02-18 16:42:00','2014-02-18 11:28:30','10.0.2.2','10.0.2.2',NULL,'2013-10-10 09:50:26','2013-10-10 09:50:18',NULL,NULL,NULL,NULL,NULL,NULL,NULL,'',NULL,NULL),(2,'gmail','','ribeiro.marta.81@gmail.com',NULL,'',NULL,NULL,NULL,NULL,NULL,'2013-10-10 13:40:38','2013-10-21 15:36:20','$2a$10$HA5Viot/qccWIc28B0/Pxu/nOwJtLHP391OqFRugh3dGF0hIWDmla',NULL,NULL,NULL,2,'2013-10-21 15:36:20','2013-10-10 13:40:48','127.0.0.1','127.0.0.1',NULL,'2013-10-10 13:40:48','2013-10-10 13:40:38',NULL,NULL,NULL,NULL,NULL,NULL,NULL,NULL,NULL,NULL),(3,'Marta - live account','','m.ribeiro@live.co.uk',NULL,'',NULL,NULL,NULL,NULL,NULL,'2013-10-21 15:33:02','2013-10-21 15:35:00','$2a$10$B8jknn.hPW6w2Hf9mW4OA.24r.5.li9XPYPVQDLnO1PeHHOdPKCZK',NULL,NULL,NULL,1,'2013-10-21 15:34:36','2013-10-21 15:34:36','127.0.0.1','127.0.0.1',NULL,'2013-10-21 15:34:36',NULL,NULL,'2013-10-21 15:33:02','2013-10-21 15:33:02','2013-10-21 15:34:36',NULL,NULL,NULL,NULL,NULL,NULL),(4,'Marta Maria','','mribeiro@staffmail.ed.ac.uk',NULL,'',NULL,1,1,NULL,NULL,'2013-10-22 16:47:32','2014-01-27 14:19:29','$2a$10$GMldpo12rXh2gODihbmaLeVn5v53emYUUzlFs1PgnpWrZVlCCjdH2',NULL,NULL,NULL,2,'2014-01-27 14:19:29','2013-10-22 16:47:49','10.0.2.2','127.0.0.1',NULL,'2013-10-22 16:47:49','2013-10-22 16:47:32',NULL,NULL,NULL,NULL,NULL,NULL,NULL,NULL,NULL,NULL);
/*!40000 ALTER TABLE `users` ENABLE KEYS */;
UNLOCK TABLES;

--
-- Table structure for table `users_roles`
--

DROP TABLE IF EXISTS `users_roles`;
/*!40101 SET @saved_cs_client     = @@character_set_client */;
/*!40101 SET character_set_client = utf8 */;
CREATE TABLE `users_roles` (
  `user_id` int(11) DEFAULT NULL,
  `role_id` int(11) DEFAULT NULL,
  KEY `index_users_roles_on_user_id_and_role_id` (`user_id`,`role_id`)
) ENGINE=InnoDB DEFAULT CHARSET=utf8 COLLATE=utf8_unicode_ci;
/*!40101 SET character_set_client = @saved_cs_client */;

--
-- Dumping data for table `users_roles`
--

LOCK TABLES `users_roles` WRITE;
/*!40000 ALTER TABLE `users_roles` DISABLE KEYS */;
INSERT INTO `users_roles` VALUES (1,930089099),(1,930089101),(4,930089099);
/*!40000 ALTER TABLE `users_roles` ENABLE KEYS */;
UNLOCK TABLES;

--
-- Table structure for table `versions`
--

DROP TABLE IF EXISTS `versions`;
/*!40101 SET @saved_cs_client     = @@character_set_client */;
/*!40101 SET character_set_client = utf8 */;
CREATE TABLE `versions` (
  `id` int(11) NOT NULL AUTO_INCREMENT,
  `title` varchar(255) COLLATE utf8_unicode_ci DEFAULT NULL,
  `description` text COLLATE utf8_unicode_ci,
  `published` tinyint(1) DEFAULT NULL,
  `number` int(11) DEFAULT NULL,
  `phase_id` int(11) DEFAULT NULL,
  `created_at` datetime NOT NULL,
  `updated_at` datetime NOT NULL,
  PRIMARY KEY (`id`),
  KEY `index_versions_on_phase_id` (`phase_id`)
) ENGINE=InnoDB AUTO_INCREMENT=1065574599 DEFAULT CHARSET=utf8 COLLATE=utf8_unicode_ci;
/*!40101 SET character_set_client = @saved_cs_client */;

--
-- Dumping data for table `versions`
--

LOCK TABLES `versions` WRITE;
/*!40000 ALTER TABLE `versions` DISABLE KEYS */;
INSERT INTO `versions` VALUES (204988261,'Outline for application (Version 1)',NULL,1,1,231377878,'2013-10-09 15:24:50','2013-10-09 15:24:50'),(212928260,'BBSRC Data Management Questions (Version 1)',NULL,1,1,331789757,'2013-10-09 15:24:50','2013-10-09 15:24:50'),(323145048,'Wellcome Trust Data Management Questions (Version 1)',NULL,1,1,457039136,'2013-10-09 15:24:50','2013-10-09 15:24:50'),(339900351,'AHRC Data Management Questions (Version 1)',NULL,1,1,783824917,'2013-10-09 15:24:50','2013-10-09 15:24:50'),(366328166,'Detail following award (Version 1)',NULL,1,1,348379762,'2013-10-09 15:24:50','2013-10-09 15:24:50'),(417795395,'MRC Data Management Questions (Version 1)',NULL,1,1,397849176,'2013-10-09 15:24:50','2013-10-09 15:24:50'),(427658383,'STFC Data Management Questions (Version 1)',NULL,1,1,983922625,'2013-10-09 15:24:50','2013-10-09 15:24:50'),(445110255,'ESRC Data Management Questions (Version 1)',NULL,1,1,223238897,'2013-10-09 15:24:50','2013-10-09 15:24:50'),(981945732,'DCC Phase 1 Version 1',NULL,1,1,611646838,'2013-10-09 15:24:50','2013-10-09 15:24:50'),(1065574598,'CRUK Data Management Questions (Version 1)',NULL,1,1,163848150,'2013-10-09 15:24:50','2013-10-09 15:24:50');
/*!40000 ALTER TABLE `versions` ENABLE KEYS */;
UNLOCK TABLES;
/*!40103 SET TIME_ZONE=@OLD_TIME_ZONE */;

/*!40101 SET SQL_MODE=@OLD_SQL_MODE */;
/*!40014 SET FOREIGN_KEY_CHECKS=@OLD_FOREIGN_KEY_CHECKS */;
/*!40014 SET UNIQUE_CHECKS=@OLD_UNIQUE_CHECKS */;
/*!40101 SET CHARACTER_SET_CLIENT=@OLD_CHARACTER_SET_CLIENT */;
/*!40101 SET CHARACTER_SET_RESULTS=@OLD_CHARACTER_SET_RESULTS */;
/*!40101 SET COLLATION_CONNECTION=@OLD_COLLATION_CONNECTION */;
/*!40111 SET SQL_NOTES=@OLD_SQL_NOTES */;

-- Dump completed on 2014-02-26 17:48:18
